time_sec,AF7
0.0,-43.45703125
0.003699779510498047,-50.29296875
0.007399797439575195,-50.78125
0.011099576950073242,-53.22265625
0.014799356460571289,-45.41015625
0.018499374389648438,-42.96875
0.022199153900146484,-46.875
0.02589893341064453,-46.38671875
0.02959895133972168,-46.38671875
0.03329873085021973,-44.43359375
0.03699851036071777,-37.59765625
0.04069852828979492,-27.34375
0.04704880714416504,-23.92578125
0.050751686096191406,-25.390625
0.05445456504821777,-30.2734375
0.05815744400024414,-38.0859375
0.06186032295227051,-32.71484375
0.06556320190429688,-33.69140625
0.06926608085632324,-36.1328125
0.07296895980834961,-27.83203125
0.07667183876037598,-27.83203125
0.08037471771240234,-32.2265625
0.08407759666442871,-28.80859375
0.08778047561645508,-30.2734375
0.09455728530883789,-36.62109375
0.09826374053955078,-38.0859375
0.10197019577026367,-30.76171875
0.10567641258239746,-22.94921875
0.10938286781311035,-25.390625
0.11308908462524414,-34.66796875
0.11679553985595703,-33.69140625
0.12050175666809082,-31.25
0.12420821189880371,-31.73828125
0.1279144287109375,-28.3203125
0.1316208839416504,-22.4609375
0.13532710075378418,-18.06640625
0.1420145034790039,-14.6484375
0.14572405815124512,-23.4375
0.14943385124206543,-30.76171875
0.15314340591430664,-23.4375
0.15685319900512695,-24.4140625
0.16056275367736816,-42.96875
0.16427254676818848,-50.29296875
0.1679821014404297,-34.1796875
0.1716916561126709,-20.5078125
0.1754014492034912,-25.87890625
0.17911100387573242,-32.2265625
0.18282079696655273,-35.15625
0.18888282775878906,-32.71484375
0.1925950050354004,-27.34375
0.19630718231201172,-31.25
0.20001935958862305,-35.15625
0.20373177528381348,-26.3671875
0.2074439525604248,-20.5078125
0.21115612983703613,-25.87890625
0.21486830711364746,-22.4609375
0.2185807228088379,-17.08984375
0.22229290008544922,-22.94921875
0.22600507736206055,-26.85546875
0.22971725463867188,-28.80859375
0.23619627952575684,-35.15625
0.23991155624389648,-38.0859375
0.24362683296203613,-33.203125
0.24734187126159668,-40.52734375
0.25105714797973633,-39.55078125
0.254772424697876,-29.78515625
0.2584877014160156,-34.1796875
0.2622029781341553,-38.0859375
0.2659182548522949,-39.55078125
0.26963329315185547,-41.015625
0.2733485698699951,-43.45703125
0.27706384658813477,-37.59765625
0.2849586009979248,-29.296875
0.2886784076690674,-30.2734375
0.29239821434020996,-35.15625
0.29611778259277344,-39.0625
0.299837589263916,-35.64453125
0.3035571575164795,-37.59765625
0.30727696418762207,-36.62109375
0.31099653244018555,-29.78515625
0.3147163391113281,-30.76171875
0.3184359073638916,-30.76171875
0.3221557140350342,-39.0625
0.32587528228759766,-47.8515625
0.33220958709716797,-40.52734375
0.33593201637268066,-34.66796875
0.33965444564819336,-41.9921875
0.34337687492370605,-44.43359375
0.34709930419921875,-36.62109375
0.35082173347473145,-35.64453125
0.35454416275024414,-38.0859375
0.35826659202575684,-46.875
0.36198902130126953,-54.6875
0.36571168899536133,-42.96875
0.369434118270874,-35.64453125
0.3731565475463867,-40.52734375
0.37986254692077637,-38.0859375
0.3835880756378174,-32.2265625
0.3873136043548584,-29.78515625
0.3910391330718994,-30.2734375
0.39476466178894043,-28.80859375
0.39849019050598145,-28.3203125
0.40221595764160156,-29.296875
0.4059414863586426,-30.76171875
0.4096670150756836,-34.1796875
0.4133925437927246,-40.52734375
0.4171180725097656,-40.52734375
0.42084360122680664,-33.203125
0.42696237564086914,-25.87890625
0.43069028854370117,-28.80859375
0.4344184398651123,-31.25
0.43814635276794434,-30.76171875
0.44187450408935547,-36.62109375
0.4456024169921875,-37.59765625
0.44933056831359863,-38.0859375
0.45305848121643066,-41.50390625
0.4567866325378418,-40.0390625
0.46051454544067383,-32.2265625
0.46424269676208496,-25.87890625
0.467970609664917,-32.71484375
0.4739983081817627,-43.9453125
0.47772860527038574,-33.69140625
0.4814589023590088,-19.04296875
0.48518919944763184,-22.94921875
0.488919734954834,-25.87890625
0.49265003204345703,-21.97265625
0.4963803291320801,-23.92578125
0.5001108646392822,-25.87890625
0.5038411617279053,-19.04296875
0.5075714588165283,-13.18359375
0.5113017559051514,-16.11328125
0.5150322914123535,-20.5078125
0.520958662033081,-17.578125
0.524691104888916,-17.578125
0.5284237861633301,-25.87890625
0.5321564674377441,-28.80859375
0.5358889102935791,-29.296875
0.5396215915679932,-27.34375
0.5433540344238281,-22.4609375
0.5470867156982422,-25.87890625
0.5508191585540771,-23.4375
0.5545518398284912,-22.4609375
0.5582842826843262,-28.80859375
0.5620169639587402,-31.73828125
0.5683634281158447,-33.69140625
0.5720984935760498,-36.62109375
0.575833797454834,-39.55078125
0.5795688629150391,-34.66796875
0.5833039283752441,-36.62109375
0.5870392322540283,-41.50390625
0.5907742977142334,-43.45703125
0.5945093631744385,-43.9453125
0.5982446670532227,-40.0390625
0.6019797325134277,-35.64453125
0.6057150363922119,-30.76171875
0.609450101852417,-32.2265625
0.6152377128601074,-38.57421875
0.6189749240875244,-39.0625
0.6227121353149414,-39.0625
0.6264493465423584,-41.50390625
0.6301865577697754,-37.59765625
0.6339237689971924,-31.25
0.6376607418060303,-39.0625
0.6413979530334473,-38.0859375
0.6451351642608643,-27.34375
0.6488723754882812,-24.90234375
0.6526095867156982,-28.3203125
0.6563467979431152,-38.57421875
0.6625149250030518,-40.52734375
0.6662542819976807,-29.78515625
0.6699938774108887,-24.4140625
0.6737334728240967,-19.53125
0.6774728298187256,-24.90234375
0.6812124252319336,-30.76171875
0.6849520206451416,-21.97265625
0.6886916160583496,-18.06640625
0.6924309730529785,-23.4375
0.6961705684661865,-32.2265625
0.6999101638793945,-25.87890625
0.7036495208740234,-22.94921875
0.7102084159851074,-33.69140625
0.7139506340026855,-34.66796875
0.7176928520202637,-34.66796875
0.7214350700378418,-30.76171875
0.7251772880554199,-26.3671875
0.728919506072998,-24.90234375
0.7326617240905762,-24.90234375
0.7364039421081543,-25.87890625
0.7401461601257324,-19.04296875
0.7438883781433105,-23.4375
0.7476305961608887,-27.34375
0.7513728141784668,-24.4140625
0.7573730945587158,-28.80859375
0.7611174583435059,-24.4140625
0.7648618221282959,-16.11328125
0.7686061859130859,-8.30078125
0.772350549697876,-11.23046875
0.776094913482666,-17.578125
0.779839277267456,-15.625
0.7835836410522461,-11.71875
0.7873280048370361,-14.16015625
0.7910723686218262,-24.4140625
0.7948167324066162,-26.85546875
0.7985610961914062,-25.390625
0.8049464225769043,-27.34375
0.8086931705474854,-23.4375
0.8124399185180664,-19.53125
0.8161869049072266,-18.06640625
0.8199336528778076,-16.11328125
0.8236804008483887,-17.578125
0.8274273872375488,-22.94921875
0.8311741352081299,-27.83203125
0.83492112159729,-19.04296875
0.8386678695678711,-18.06640625
0.8424146175384521,-27.34375
0.8461616039276123,-24.4140625
0.8520114421844482,-22.94921875
0.8557600975036621,-26.3671875
0.8595089912414551,-25.390625
0.863257646560669,-21.97265625
0.8670065402984619,-20.01953125
0.8707554340362549,-24.4140625
0.8745040893554688,-28.80859375
0.8782529830932617,-25.390625
0.8820016384124756,-30.76171875
0.8857505321502686,-30.76171875
0.8894991874694824,-23.92578125
0.8932480812072754,-24.4140625
0.8990416526794434,-24.90234375
0.90279221534729,-21.97265625
0.9065430164337158,-27.34375
0.9102935791015625,-37.109375
0.9140441417694092,-37.59765625
0.917794942855835,-32.2265625
0.9215455055236816,-28.3203125
0.9252963066101074,-27.83203125
0.9290468692779541,-24.90234375
0.9327974319458008,-21.484375
0.9365482330322266,-25.390625
0.9402987957000732,-36.62109375
0.9460127353668213,-31.73828125
0.9497652053833008,-17.578125
0.9535176753997803,-16.11328125
0.9572701454162598,-16.11328125
0.9610223770141602,-12.20703125
0.9647748470306396,-14.16015625
0.9685273170471191,-21.97265625
0.9722797870635986,-24.90234375
0.9760322570800781,-29.78515625
0.9797847270965576,-38.57421875
0.9835371971130371,-29.296875
0.9872894287109375,-21.484375
0.9933900833129883,-23.4375
0.9971444606781006,-20.01953125
1.000899076461792,-19.04296875
1.0046536922454834,-16.6015625
1.0084080696105957,-14.6484375
1.012162685394287,-28.80859375
1.0159173011779785,-35.64453125
1.01967191696167,-26.85546875
1.0234262943267822,-28.3203125
1.0271809101104736,-26.85546875
1.030935525894165,-24.90234375
1.0346899032592773,-32.71484375
1.0411245822906494,-22.94921875
1.0448813438415527,-12.20703125
1.0486383438110352,-18.06640625
1.0523953437805176,-22.4609375
1.056152105331421,-26.3671875
1.0599091053009033,-29.296875
1.0636661052703857,-33.69140625
1.067422866821289,-32.2265625
1.0711798667907715,-26.85546875
1.074936866760254,-21.97265625
1.0786936283111572,-17.578125
1.0824506282806396,-27.83203125
1.0883898735046387,-33.203125
1.092148780822754,-34.1796875
1.0959076881408691,-32.2265625
1.0996665954589844,-30.2734375
1.1034252643585205,-34.1796875
1.1071841716766357,-36.1328125
1.110943078994751,-38.0859375
1.114701747894287,-41.015625
1.1184606552124023,-41.50390625
1.1222195625305176,-45.8984375
1.1259782314300537,-44.921875
1.129737138748169,-46.875
1.1360113620758057,-53.22265625
1.1397724151611328,-43.9453125
1.14353346824646,-36.62109375
1.147294521331787,-38.0859375
1.1510553359985352,-44.43359375
1.1548163890838623,-47.36328125
1.1585774421691895,-53.7109375
1.1623384952545166,-64.453125
1.1660995483398438,-52.734375
1.169860601425171,-47.36328125
1.173621416091919,-50.78125
1.177382469177246,-55.17578125
1.18314790725708,-55.17578125
1.18691086769104,-56.15234375
1.190673589706421,-61.5234375
1.1944363117218018,-62.5
1.1981990337371826,-55.17578125
1.2019617557525635,-49.31640625
1.2057244777679443,-53.22265625
1.2094871997833252,-50.29296875
1.213249921798706,-41.015625
1.217012643814087,-41.015625
1.2207753658294678,-48.33984375
1.2245380878448486,-59.5703125
1.230666160583496,-66.40625
1.2344310283660889,-61.03515625
1.2381956577301025,-58.59375
1.2419605255126953,-65.4296875
1.245725154876709,-57.12890625
1.2494900226593018,-50.29296875
1.2532546520233154,-51.26953125
1.2570195198059082,-47.8515625
1.2607841491699219,-50.78125
1.2645490169525146,-56.640625
1.2683136463165283,-60.546875
1.272078514099121,-56.640625
1.2785224914550781,-58.10546875
1.2822895050048828,-61.03515625
1.2860565185546875,-58.59375
1.2898235321044922,-60.05859375
1.2935905456542969,-57.6171875
1.2973575592041016,-41.9921875
1.3011245727539062,-40.0390625
1.304891586303711,-56.640625
1.3086585998535156,-55.17578125
1.3124256134033203,-52.734375
1.316192626953125,-51.26953125
1.3199594020843506,-46.38671875
1.3255257606506348,-53.22265625
1.3292944431304932,-68.84765625
1.3330628871917725,-72.75390625
1.3368313312530518,-63.96484375
1.340599775314331,-52.734375
1.3443684577941895,-40.0390625
1.3481369018554688,-37.59765625
1.351905345916748,-49.31640625
1.3556737899780273,-56.15234375
1.3594424724578857,-54.6875
1.363210916519165,-54.19921875
1.3669793605804443,-61.5234375
1.372481107711792,-65.4296875
1.376250982284546,-60.05859375
1.380021095275879,-64.453125
1.3837909698486328,-67.87109375
1.3875608444213867,-66.89453125
1.3913307189941406,-63.4765625
1.3951008319854736,-61.03515625
1.3988707065582275,-66.89453125
1.4026405811309814,-65.4296875
1.4064104557037354,-68.359375
1.4101803302764893,-82.51953125
1.4139504432678223,-89.84375
1.4198064804077148,-88.8671875
1.4235780239105225,-94.23828125
1.4273498058319092,-103.515625
1.4311213493347168,-98.14453125
1.4348931312561035,-93.26171875
1.4386646747589111,-98.6328125
1.4424362182617188,-100.5859375
1.4462080001831055,-98.6328125
1.449979543685913,-88.8671875
1.4537513256072998,-82.51953125
1.4575228691101074,-86.42578125
1.461294412612915,-86.9140625
1.467853307723999,-90.8203125
1.4716272354125977,-92.28515625
1.4754011631011963,-78.61328125
1.4791748523712158,-76.66015625
1.4829487800598145,-77.63671875
1.486722707748413,-74.70703125
1.4904966354370117,-78.125
1.4942705631256104,-74.21875
1.498044490814209,-68.84765625
1.5018181800842285,-61.03515625
1.5055921077728271,-66.89453125
1.5093660354614258,-71.2890625
1.5150513648986816,-66.89453125
1.5188267230987549,-61.5234375
1.5226020812988281,-60.05859375
1.5263776779174805,-63.4765625
1.5301530361175537,-54.19921875
1.533928394317627,-50.78125
1.5377037525177002,-44.921875
1.5414793491363525,-42.96875
1.5452547073364258,-45.41015625
1.549030065536499,-43.9453125
1.5528056621551514,-44.921875
1.5565810203552246,-45.41015625
1.562222957611084,-49.31640625
1.565999984741211,-55.17578125
1.5697767734527588,-55.17578125
1.5735538005828857,-52.24609375
1.5773305892944336,-50.78125
1.5811076164245605,-51.7578125
1.5848844051361084,-59.5703125
1.5886614322662354,-66.89453125
1.5924382209777832,-71.2890625
1.5962152481079102,-69.82421875
1.599992036819458,-65.4296875
1.603769063949585,-70.80078125
1.6093330383300781,-74.70703125
1.6131112575531006,-72.75390625
1.6168897151947021,-74.70703125
1.6206679344177246,-64.453125
1.624446153640747,-53.7109375
1.6282246112823486,-57.6171875
1.632002830505371,-60.05859375
1.6357810497283936,-60.546875
1.6395595073699951,-66.89453125
1.6433377265930176,-66.40625
1.6471161842346191,-66.89453125
1.6508944034576416,-73.2421875
1.6568081378936768,-75.68359375
1.660588264465332,-69.82421875
1.6643681526184082,-59.08203125
1.6681482791900635,-55.6640625
1.6719281673431396,-58.59375
1.6757080554962158,-65.4296875
1.679488182067871,-62.98828125
1.6832680702209473,-65.91796875
1.6870479583740234,-69.82421875
1.6908280849456787,-67.3828125
1.6946079730987549,-66.89453125
1.698387861251831,-72.75390625
1.7038378715515137,-68.84765625
1.7076191902160645,-63.96484375
1.7114005088806152,-70.3125
1.715181827545166,-64.453125
1.7189629077911377,-57.12890625
1.7227442264556885,-57.12890625
1.7265255451202393,-53.7109375
1.73030686378479,-51.7578125
1.7340879440307617,-59.08203125
1.7378692626953125,-64.453125
1.7416505813598633,-55.17578125
1.745431900024414,-56.15234375
1.7508163452148438,-60.546875
1.75459885597229,-52.734375
1.7583813667297363,-37.59765625
1.7621638774871826,-32.71484375
1.7659461498260498,-38.0859375
1.769728660583496,-36.62109375
1.7735111713409424,-40.52734375
1.7772936820983887,-44.43359375
1.781076192855835,-45.41015625
1.7848587036132812,-55.6640625
1.7886412143707275,-55.6640625
1.7924237251281738,-46.38671875
1.798140287399292,-47.8515625
1.801924228668213,-55.17578125
1.8057081699371338,-52.734375
1.8094921112060547,-50.78125
1.8132760524749756,-50.29296875
1.8170599937438965,-55.17578125
1.8208439350128174,-60.546875
1.8246278762817383,-58.10546875
1.8284118175506592,-57.6171875
1.83219575881958,-59.5703125
1.835979700088501,-60.546875
1.8397636413574219,-52.24609375
1.8454043865203857,-46.38671875
1.8491897583007812,-48.33984375
1.8529751300811768,-46.875
1.8567605018615723,-38.0859375
1.8605458736419678,-34.66796875
1.8643312454223633,-43.45703125
1.8681166172027588,-44.921875
1.8719019889831543,-47.36328125
1.8756871223449707,-52.24609375
1.8794724941253662,-54.19921875
1.8832578659057617,-57.6171875
1.8870432376861572,-57.12890625
1.8930034637451172,-49.8046875
1.8967905044555664,-43.45703125
1.9005775451660156,-56.15234375
1.9043643474578857,-71.77734375
1.908151388168335,-76.171875
1.9119384288787842,-77.63671875
1.9157252311706543,-82.03125
1.9195122718811035,-91.796875
1.9232993125915527,-97.16796875
1.9270861148834229,-96.6796875
1.930873155593872,-107.421875
1.9346601963043213,-117.67578125
1.9401829242706299,-119.62890625
1.9439711570739746,-115.72265625
1.9477593898773193,-124.0234375
1.9515478610992432,-128.41796875
1.955336093902588,-126.46484375
1.9591243267059326,-132.8125
1.9629125595092773,-127.9296875
1.966700792312622,-120.60546875
1.9704890251159668,-112.79296875
1.9742772579193115,-100.5859375
1.9780654907226562,-91.796875
1.981853723526001,-90.33203125
1.987309455871582,-94.23828125
1.9910988807678223,-92.7734375
1.9948883056640625,-87.40234375
1.9986777305603027,-89.84375
2.002467155456543,-92.7734375
2.0062568187713623,-95.21484375
2.0100462436676025,-96.19140625
2.0138356685638428,-88.8671875
2.017625093460083,-86.9140625
2.0214145183563232,-91.30859375
2.0252039432525635,-92.28515625
2.028993606567383,-90.33203125
2.0344083309173584,-91.30859375
2.038198947906494,-93.26171875
2.04198956489563,-91.30859375
2.0457801818847656,-85.44921875
2.0495707988739014,-84.47265625
2.053361415863037,-92.28515625
2.057152032852173,-92.7734375
2.0609426498413086,-90.33203125
2.0647332668304443,-95.703125
2.06852388381958,-90.33203125
2.072314739227295,-93.26171875
2.0761053562164307,-99.609375
2.081812858581543,-91.796875
2.0856049060821533,-93.26171875
2.0893969535827637,-99.609375
2.093188762664795,-88.8671875
2.0969808101654053,-79.1015625
2.1007728576660156,-78.61328125
2.104564905166626,-76.66015625
2.1083569526672363,-77.63671875
2.1121490001678467,-77.1484375
2.115941047668457,-72.75390625
2.1197330951690674,-73.2421875
2.1235249042510986,-81.54296875
2.1295337677001953,-86.42578125
2.1333272457122803,-79.1015625
2.1371209621429443,-75.68359375
2.1409144401550293,-86.42578125
2.1447081565856934,-88.37890625
2.1485016345977783,-82.51953125
2.1522953510284424,-79.1015625
2.1560888290405273,-75.68359375
2.1598825454711914,-81.0546875
2.1636760234832764,-92.7734375
2.1674697399139404,-93.26171875
2.1712632179260254,-91.796875
2.176846981048584,-89.35546875
2.1806418895721436,-90.33203125
2.184436798095703,-87.890625
2.1882314682006836,-83.0078125
2.192026376724243,-88.8671875
2.1958212852478027,-86.42578125
2.1996161937713623,-80.56640625
2.203411102294922,-81.0546875
2.2072060108184814,-76.171875
2.211000680923462,-80.078125
2.2147955894470215,-85.9375
2.218590497970581,-82.03125
2.224132537841797,-85.9375
2.227928638458252,-86.42578125
2.231724500656128,-83.0078125
2.235520601272583,-81.54296875
2.239316701889038,-76.66015625
2.243112802505493,-82.03125
2.2469089031219482,-82.51953125
2.2507050037384033,-80.078125
2.2545011043548584,-77.1484375
2.2582972049713135,-78.61328125
2.2620933055877686,-84.47265625
2.2658894062042236,-87.890625
2.271366596221924,-85.9375
2.2751638889312744,-84.47265625
2.278961181640625,-87.890625
2.2827584743499756,-86.42578125
2.286555767059326,-89.35546875
2.2903530597686768,-91.30859375
2.2941501140594482,-87.890625
2.297947406768799,-82.03125
2.3017446994781494,-79.58984375
2.3055419921875,-83.0078125
2.3093392848968506,-83.984375
2.313136577606201,-85.44921875
2.31891131401062,-89.35546875
2.3227100372314453,-87.890625
2.3265085220336914,-82.51953125
2.3303072452545166,-78.61328125
2.3341057300567627,-82.03125
2.337904453277588,-84.9609375
2.341702938079834,-85.44921875
2.345501661300659,-88.37890625
2.3493001461029053,-84.9609375
2.3530988693237305,-70.80078125
2.3568973541259766,-65.4296875
2.3606960773468018,-68.359375
2.3660428524017334,-66.89453125
2.369842529296875,-63.96484375
2.3736422061920166,-67.87109375
2.377441644668579,-72.265625
2.3812413215637207,-73.73046875
2.3850409984588623,-70.80078125
2.388840675354004,-64.94140625
2.3926403522491455,-64.94140625
2.396440029144287,-65.91796875
2.4002397060394287,-71.77734375
2.4040393829345703,-81.0546875
2.407839059829712,-78.125
2.413480043411255,-79.1015625
2.417280912399292,-79.1015625
2.421082019805908,-74.70703125
2.4248828887939453,-74.21875
2.4286837577819824,-74.70703125
2.4324846267700195,-75.68359375
2.4362857341766357,-77.1484375
2.440086603164673,-65.91796875
2.44388747215271,-60.546875
2.447688341140747,-64.453125
2.451489210128784,-65.91796875
2.4552903175354004,-56.15234375
2.460535764694214,-51.7578125
2.4643375873565674,-62.01171875
2.4681396484375,-68.84765625
2.4719414710998535,-75.1953125
2.475743293762207,-75.1953125
2.4795451164245605,-67.3828125
2.483347177505493,-68.359375
2.4871490001678467,-77.1484375
2.4909508228302,-78.61328125
2.494752883911133,-83.984375
2.4985547065734863,-90.8203125
2.50235652923584,-93.75
2.507896900177002,-95.703125
2.511699914932251,-91.796875
2.5155029296875,-84.47265625
2.519305944442749,-77.63671875
2.523108959197998,-73.2421875
2.526911973953247,-73.73046875
2.530715227127075,-68.84765625
2.534518241882324,-72.75390625
2.5383212566375732,-80.078125
2.5421242713928223,-78.61328125
2.5459272861480713,-75.68359375
2.5497303009033203,-79.1015625
2.555532217025757,-80.078125
2.5593366622924805,-73.73046875
2.563140869140625,-70.80078125
2.5669453144073486,-74.21875
2.5707497596740723,-76.171875
2.574553966522217,-70.3125
2.5783584117889404,-63.96484375
2.582162857055664,-58.10546875
2.5859673023223877,-59.5703125
2.5897715091705322,-61.5234375
2.593575954437256,-58.59375
2.5973803997039795,-62.98828125
2.6034352779388428,-63.4765625
2.607240915298462,-58.59375
2.61104679107666,-59.5703125
2.6148526668548584,-56.15234375
2.6186585426330566,-56.15234375
2.622464418411255,-62.5
2.626270294189453,-59.08203125
2.6300761699676514,-60.05859375
2.6338820457458496,-68.359375
2.637687921524048,-69.82421875
2.641493558883667,-71.2890625
2.6452994346618652,-67.3828125
2.6506519317626953,-62.5
2.65445876121521,-61.03515625
2.6582658290863037,-56.640625
2.6620726585388184,-55.6640625
2.665879487991333,-52.734375
2.6696863174438477,-53.7109375
2.6734931468963623,-58.10546875
2.677299976348877,-52.734375
2.6811068058013916,-49.8046875
2.6849136352539062,-51.7578125
2.688720464706421,-55.17578125
2.6925272941589355,-58.10546875
2.6978273391723633,-52.24609375
2.7016351222991943,-48.828125
2.7054429054260254,-56.15234375
2.7092506885528564,-54.19921875
2.7130584716796875,-49.31640625
2.7168662548065186,-59.5703125
2.7206742763519287,-67.3828125
2.7244820594787598,-61.5234375
2.728289842605591,-57.6171875
2.732097625732422,-56.15234375
2.735905408859253,-44.921875
2.739713191986084,-37.59765625
2.7452750205993652,-38.57421875
2.749083995819092,-40.52734375
2.7528927326202393,-33.203125
2.756701707839966,-33.203125
2.7605106830596924,-44.43359375
2.764319658279419,-39.55078125
2.7681286334991455,-36.1328125
2.771937608718872,-36.62109375
2.7757465839385986,-36.62109375
2.779555559158325,-42.48046875
2.7833642959594727,-48.828125
2.787173271179199,-50.29296875
2.792375087738037,-46.38671875
2.796184778213501,-41.9921875
2.799994707107544,-42.48046875
2.803804636001587,-39.0625
2.807614326477051,-39.55078125
2.8114242553710938,-46.875
2.8152339458465576,-49.8046875
2.8190438747406006,-45.8984375
2.8228535652160645,-43.9453125
2.8266634941101074,-48.33984375
2.8304734230041504,-49.8046875
2.8342831134796143,-49.31640625
2.8397486209869385,-56.640625
2.843559503555298,-58.59375
2.8473703861236572,-48.33984375
2.8511812686920166,-49.8046875
2.854992151260376,-50.78125
2.8588030338287354,-40.52734375
2.8626139163970947,-41.015625
2.866424798965454,-48.33984375
2.8702356815338135,-56.640625
2.874046564102173,-58.59375
2.8778574466705322,-54.19921875
2.8816683292388916,-54.19921875
2.886781692504883,-52.734375
2.8905935287475586,-56.15234375
2.8944051265716553,-62.98828125
2.898216724395752,-60.05859375
2.9020285606384277,-54.19921875
2.9058401584625244,-50.78125
2.9096519947052,-58.10546875
2.913463592529297,-57.12890625
2.9172751903533936,-44.921875
2.9210870265960693,-44.43359375
2.924898624420166,-40.0390625
2.928710460662842,-47.36328125
2.934081792831421,-54.19921875
2.937894344329834,-48.33984375
2.941707134246826,-43.45703125
2.9455196857452393,-41.9921875
2.9493324756622314,-41.9921875
2.9531450271606445,-46.875
2.9569578170776367,-52.24609375
2.96077036857605,-54.19921875
2.964582920074463,-53.7109375
2.968395709991455,-47.8515625
2.972208261489868,-48.33984375
2.9760210514068604,-51.7578125
2.9816436767578125,-56.640625
2.985457420349121,-56.15234375
2.9892711639404297,-47.36328125
2.9930849075317383,-54.19921875
2.996898889541626,-60.05859375
3.0007126331329346,-51.7578125
3.004526376724243,-45.8984375
3.0083401203155518,-46.38671875
3.0121538639068604,-43.45703125
3.015967607498169,-40.52734375
3.0197815895080566,-43.45703125
3.0235953330993652,-40.0390625
3.0288474559783936,-33.203125
3.0326621532440186,-35.15625
3.0364768505096436,-38.0859375
3.0402915477752686,-46.38671875
3.0441060066223145,-46.38671875
3.0479207038879395,-46.38671875
3.0517354011535645,-57.12890625
3.0555500984191895,-48.828125
3.0593647956848145,-32.71484375
3.0631794929504395,-29.78515625
3.0669939517974854,-29.78515625
3.0708086490631104,-23.92578125
3.076026678085327,-26.85546875
3.0798423290252686,-30.2734375
3.083657741546631,-31.73828125
3.087473154067993,-32.2265625
3.0912888050079346,-27.83203125
3.095104217529297,-30.2734375
3.0989198684692383,-34.66796875
3.1027352809906006,-34.66796875
3.106550931930542,-34.1796875
3.1103663444519043,-39.55078125
3.1141817569732666,-41.50390625
3.117997407913208,-41.50390625
3.1231632232666016,-39.0625
3.1269795894622803,-35.64453125
3.130795955657959,-37.109375
3.1346123218536377,-38.0859375
3.1384286880493164,-42.48046875
3.142244815826416,-50.78125
3.1460611820220947,-47.8515625
3.1498775482177734,-47.36328125
3.153693914413452,-56.640625
3.157510280609131,-53.7109375
3.1613266468048096,-46.38671875
3.165142774581909,-49.31640625
3.1705780029296875,-50.29296875
3.1743953227996826,-46.875
3.1782126426696777,-45.41015625
3.182029962539673,-46.38671875
3.185847282409668,-53.22265625
3.189664602279663,-58.10546875
3.193481922149658,-51.7578125
3.1972992420196533,-43.45703125
3.2011163234710693,-45.8984375
3.2049336433410645,-48.828125
3.2087509632110596,-54.19921875
3.2125682830810547,-61.5234375
3.2182414531707764,-63.96484375
3.222059726715088,-64.453125
3.2258782386779785,-63.4765625
3.22969651222229,-65.4296875
3.2335150241851807,-62.5
3.2373335361480713,-53.7109375
3.241151809692383,-50.29296875
3.2449703216552734,-60.546875
3.248788595199585,-60.05859375
3.2526071071624756,-59.5703125
3.256425380706787,-70.3125
3.2602438926696777,-66.89453125
3.2652626037597656,-60.546875
3.2690818309783936,-63.4765625
3.2729008197784424,-63.96484375
3.2767200469970703,-60.546875
3.2805392742156982,-60.546875
3.284358263015747,-62.01171875
3.288177490234375,-58.59375
3.291996479034424,-60.546875
3.2958157062530518,-61.03515625
3.2996346950531006,-64.94140625
3.3034539222717285,-62.5
3.3072729110717773,-53.7109375
3.31255841255188,-53.22265625
3.316378355026245,-55.6640625
3.3201985359191895,-58.59375
3.3240184783935547,-59.08203125
3.32783842086792,-74.21875
3.331658363342285,-83.49609375
3.3354783058166504,-77.63671875
3.3392982482910156,-88.8671875
3.343118190765381,-98.6328125
3.346938371658325,-93.26171875
3.3507583141326904,-86.9140625
3.3545782566070557,-88.37890625
3.359811305999756,-95.703125
3.3636319637298584,-93.26171875
3.36745285987854,-90.8203125
3.3712735176086426,-91.30859375
3.375094413757324,-85.44921875
3.3789150714874268,-84.47265625
3.3827359676361084,-87.40234375
3.38655686378479,-90.33203125
3.3903775215148926,-89.84375
3.394198417663574,-88.37890625
3.3980190753936768,-94.7265625
3.4018399715423584,-95.703125
3.4073081016540527,-87.890625
3.411129951477051,-82.51953125
3.414951801300049,-80.078125
3.4187734127044678,-77.63671875
3.422595262527466,-78.61328125
3.4264168739318848,-72.265625
3.430238723754883,-64.453125
3.434060573577881,-67.3828125
3.4378821849823,-71.2890625
3.441704034805298,-70.80078125
3.445525646209717,-66.40625
3.449347496032715,-54.6875
3.454511880874634,-49.31640625
3.458334445953369,-52.24609375
3.4621567726135254,-53.22265625
3.4659793376922607,-57.6171875
3.469801902770996,-59.08203125
3.4736244678497314,-63.4765625
3.477447032928467,-67.87109375
3.481269598007202,-60.546875
3.4850919246673584,-59.08203125
3.4889144897460938,-60.546875
3.492737054824829,-58.10546875
3.4965596199035645,-65.4296875
3.501654624938965,-65.91796875
3.5054779052734375,-59.08203125
3.50930118560791,-61.03515625
3.513124465942383,-66.89453125
3.5169477462768555,-53.7109375
3.520771026611328,-41.9921875
3.524594306945801,-50.78125
3.5284173488616943,-53.7109375
3.532240629196167,-51.26953125
3.5360639095306396,-42.96875
3.5398871898651123,-40.52734375
3.543710470199585,-43.45703125
3.549041509628296,-43.45703125
3.552865743637085,-45.41015625
3.556689739227295,-44.43359375
3.560513973236084,-40.0390625
3.564337968826294,-38.57421875
3.568162202835083,-39.0625
3.571986198425293,-36.62109375
3.575810432434082,-41.015625
3.579634428024292,-38.0859375
3.583458662033081,-28.3203125
3.587282657623291,-31.25
3.591106653213501,-31.73828125
3.5963804721832275,-28.3203125
3.600205421447754,-42.48046875
3.6040303707122803,-52.734375
3.6078553199768066,-50.78125
3.611680269241333,-51.26953125
3.6155049800872803,-50.78125
3.6193299293518066,-50.78125
3.623154878616333,-51.26953125
3.6269798278808594,-46.38671875
3.6308047771453857,-42.96875
3.634629726409912,-46.875
3.6384546756744385,-42.48046875
3.6434173583984375,-39.0625
3.647243022918701,-42.96875
3.651068687438965,-42.48046875
3.6548941135406494,-49.8046875
3.658719778060913,-47.36328125
3.6625452041625977,-39.55078125
3.6663708686828613,-43.45703125
3.670196294784546,-41.50390625
3.6740219593048096,-43.9453125
3.677847385406494,-44.921875
3.681673049926758,-42.48046875
3.6854984760284424,-44.43359375
3.6906979084014893,-47.36328125
3.6945242881774902,-51.26953125
3.698350429534912,-49.31640625
3.702176809310913,-44.921875
3.706003189086914,-45.8984375
3.709829568862915,-52.734375
3.713655710220337,-50.78125
3.717482089996338,-39.55078125
3.721308469772339,-40.0390625
3.72513484954834,-41.9921875
3.7289609909057617,-33.69140625
3.7327873706817627,-35.64453125
3.7379329204559326,-45.41015625
3.741760015487671,-53.22265625
3.745587110519409,-54.6875
3.7494139671325684,-53.22265625
3.7532410621643066,-51.26953125
3.757068157196045,-48.33984375
3.760895252227783,-41.015625
3.7647223472595215,-41.50390625
3.7685492038726807,-44.43359375
3.772376298904419,-42.96875
3.7762033939361572,-44.921875
3.7800304889678955,-43.9453125
3.7851483821868896,-41.015625
3.788975954055786,-45.41015625
3.7928037643432617,-43.45703125
3.7966315746307373,-31.25
3.800459384918213,-28.3203125
3.8042871952056885,-27.34375
3.808114767074585,-28.80859375
3.8119425773620605,-32.2265625
3.815770387649536,-31.73828125
3.8195981979370117,-30.2734375
3.823425769805908,-32.71484375
3.827253580093384,-27.34375
3.832594633102417,-17.578125
3.83642315864563,-20.5078125
3.840251922607422,-21.97265625
3.8440804481506348,-21.484375
3.8479089736938477,-17.578125
3.8517374992370605,-11.23046875
3.8555660247802734,-14.16015625
3.8593947887420654,-18.5546875
3.8632233142852783,-17.578125
3.867051839828491,-13.671875
3.870880365371704,-9.27734375
3.874709129333496,-7.8125
3.8797249794006348,-5.859375
3.883554220199585,-3.90625
3.887383460998535,-4.39453125
3.8912127017974854,-10.7421875
3.8950419425964355,-15.13671875
3.8988711833953857,-8.7890625
3.902700424194336,-12.20703125
3.906529664993286,-18.06640625
3.9103589057922363,-12.6953125
3.9141881465911865,-7.8125
3.9180173873901367,-11.23046875
3.921846628189087,-17.08984375
3.9268410205841064,-22.4609375
3.930670738220215,-28.3203125
3.9345006942749023,-29.78515625
3.9383304119110107,-23.4375
3.9421603679656982,-21.484375
3.9459900856018066,-31.25
3.949820041656494,-36.62109375
3.9536497592926025,-37.59765625
3.95747971534729,-36.62109375
3.9613094329833984,-35.15625
3.965139389038086,-40.52734375
3.9689693450927734,-41.50390625
3.974193811416626,-39.0625
3.9780242443084717,-38.0859375
3.9818549156188965,-35.64453125
3.9856855869293213,-33.69140625
3.989516019821167,-38.0859375
3.993346691131592,-40.52734375
3.9971773624420166,-37.109375
4.001007795333862,-36.1328125
4.004838466644287,-34.1796875
4.008669137954712,-35.15625
4.012499570846558,-41.50390625
4.016330242156982,-46.38671875
4.021495342254639,-38.0859375
4.025326728820801,-31.25
4.029157876968384,-39.55078125
4.032989263534546,-44.43359375
4.036820650100708,-41.015625
4.040651798248291,-39.55078125
4.044483184814453,-36.62109375
4.048314332962036,-32.2265625
4.052145719528198,-36.62109375
4.05597710609436,-43.45703125
4.059808254241943,-41.9921875
4.0636396408081055,-34.66796875
4.069036483764648,-32.2265625
4.072868585586548,-29.78515625
4.076700687408447,-34.66796875
4.080532789230347,-34.66796875
4.084364891052246,-30.76171875
4.088197231292725,-34.66796875
4.092029333114624,-35.64453125
4.095861434936523,-35.15625
4.099693536758423,-32.71484375
4.103525638580322,-26.3671875
4.107357740402222,-24.90234375
4.111189842224121,-31.25
4.116272687911987,-31.73828125
4.120105504989624,-34.66796875
4.123938322067261,-29.296875
4.127770900726318,-24.4140625
4.131603717803955,-26.3671875
4.135436534881592,-25.87890625
4.1392693519592285,-36.62109375
4.143102169036865,-45.41015625
4.146934986114502,-41.50390625
4.150767803192139,-37.59765625
4.154600381851196,-42.48046875
4.158433198928833,-43.9453125
4.163465976715088,-34.66796875
4.167299270629883,-30.76171875
4.171132802963257,-27.83203125
4.174966096878052,-18.5546875
4.178799629211426,-23.92578125
4.182632923126221,-32.71484375
4.186466455459595,-32.71484375
4.19029974937439,-33.203125
4.194133281707764,-42.48046875
4.197966575622559,-42.96875
4.201800107955933,-34.66796875
4.2056334018707275,-34.66796875
4.210641622543335,-39.0625
4.214475631713867,-41.9921875
4.218309640884399,-38.57421875
4.222143650054932,-37.59765625
4.225977659225464,-39.0625
4.229811906814575,-34.66796875
4.233645915985107,-37.109375
4.23747992515564,-35.15625
4.241313934326172,-28.3203125
4.245147943496704,-36.1328125
4.248981952667236,-37.109375
4.2528159618377686,-33.203125
4.25803804397583,-35.15625
4.2618727684021,-36.1328125
4.265707492828369,-45.8984375
4.269542455673218,-49.8046875
4.273377180099487,-42.48046875
4.277211904525757,-38.0859375
4.281046628952026,-36.1328125
4.284881353378296,-47.36328125
4.288716077804565,-57.12890625
4.292550802230835,-55.17578125
4.2963855266571045,-52.24609375
4.300220251083374,-47.8515625
4.305136442184448,-50.78125
4.308971881866455,-54.19921875
4.312807083129883,-51.26953125
4.3166422843933105,-48.33984375
4.320477724075317,-44.43359375
4.324312925338745,-44.921875
4.328148126602173,-54.6875
4.33198356628418,-56.15234375
4.335818767547607,-54.6875
4.339653968811035,-54.19921875
4.343489408493042,-47.36328125
4.34732460975647,-44.43359375
4.352219104766846,-42.96875
4.356055021286011,-40.0390625
4.359890699386597,-38.57421875
4.363726615905762,-37.109375
4.367562532424927,-37.109375
4.371398210525513,-34.66796875
4.375234127044678,-39.55078125
4.379069805145264,-46.875
4.382905721664429,-42.48046875
4.386741638183594,-33.203125
4.39057731628418,-39.55078125
4.394413232803345,-50.29296875
4.399519205093384,-45.8984375
4.403355598449707,-36.62109375
4.407192230224609,-35.64453125
4.411028623580933,-41.50390625
4.414865016937256,-39.55078125
4.418701648712158,-35.64453125
4.4225380420684814,-38.0859375
4.426374435424805,-41.50390625
4.430210828781128,-42.48046875
4.43404746055603,-42.48046875
4.4378838539123535,-38.57421875
4.441720247268677,-34.1796875
4.446781158447266,-41.50390625
4.450618267059326,-46.875
4.454455375671387,-45.8984375
4.458292484283447,-50.29296875
4.462129592895508,-55.17578125
4.465966701507568,-60.546875
4.469803810119629,-61.03515625
4.4736409187316895,-62.01171875
4.477477788925171,-56.640625
4.4813148975372314,-52.24609375
4.485152006149292,-64.453125
4.4889891147613525,-61.5234375
4.494258880615234,-53.22265625
4.498096704483032,-55.17578125
4.50193452835083,-57.6171875
4.505772113800049,-54.6875
4.509609937667847,-47.36328125
4.5134477615356445,-45.8984375
4.517285585403442,-49.8046875
4.52112340927124,-50.78125
4.524961233139038,-46.38671875
4.528799057006836,-45.8984375
4.532636880874634,-47.36328125
4.5364744663238525,-45.41015625
4.541460752487183,-44.43359375
4.545299053192139,-45.41015625
4.549137353897095,-44.43359375
4.552975654602051,-49.8046875
4.556814193725586,-53.22265625
4.560652494430542,-49.31640625
4.564490795135498,-44.43359375
4.568329095840454,-41.9921875
4.572167634963989,-43.9453125
4.576005935668945,-40.52734375
4.579844236373901,-28.80859375
4.583682537078857,-28.80859375
4.588625431060791,-37.109375
4.592464447021484,-37.109375
4.596303224563599,-30.2734375
4.600142240524292,-26.3671875
4.603981018066406,-35.64453125
4.6078200340271,-42.96875
4.611658811569214,-41.9921875
4.615497827529907,-41.015625
4.6193366050720215,-39.0625
4.623175621032715,-43.9453125
4.627014398574829,-45.41015625
4.6308534145355225,-38.57421875
4.635771989822388,-36.62109375
4.639611482620239,-40.0390625
4.643450975418091,-43.9453125
4.647290229797363,-39.0625
4.651129722595215,-39.55078125
4.654969215393066,-37.59765625
4.658808708190918,-32.71484375
4.66264796257019,-35.15625
4.666487455368042,-33.69140625
4.6703269481658936,-30.76171875
4.674166440963745,-30.2734375
4.678005695343018,-27.34375
4.683116674423218,-28.80859375
4.686956882476807,-29.78515625
4.690796852111816,-39.0625
4.694636821746826,-47.36328125
4.698477029800415,-39.0625
4.702316999435425,-29.296875
4.706156969070435,-37.109375
4.709997177124023,-45.8984375
4.713837146759033,-40.0390625
4.717677116394043,-35.64453125
4.721517324447632,-35.15625
4.725357294082642,-34.1796875
4.730191469192505,-39.0625
4.734031915664673,-36.62109375
4.737872362136841,-35.15625
4.741713047027588,-47.36328125
4.745553493499756,-50.78125
4.749393939971924,-50.78125
4.753234624862671,-47.8515625
4.757075071334839,-44.921875
4.760915756225586,-41.9921875
4.764756202697754,-43.9453125
4.768596649169922,-44.921875
4.772437334060669,-39.55078125
4.777232646942139,-40.0390625
4.781073570251465,-47.8515625
4.784914493560791,-46.875
4.788755655288696,-38.57421875
4.7925965785980225,-39.55078125
4.796437501907349,-47.36328125
4.800278663635254,-47.36328125
4.80411958694458,-53.22265625
4.807960510253906,-59.5703125
4.8118016719818115,-52.24609375
4.815642595291138,-55.17578125
4.819483518600464,-62.5
4.824484825134277,-64.94140625
4.828326463699341,-70.3125
4.832167863845825,-69.3359375
4.836009502410889,-67.87109375
4.839851140975952,-69.82421875
4.8436925411224365,-71.2890625
4.8475341796875,-71.77734375
4.851375579833984,-73.2421875
4.855217218399048,-68.84765625
4.859058856964111,-65.4296875
4.862900257110596,-66.89453125
4.866741895675659,-63.96484375
4.871699571609497,-56.15234375
4.875541687011719,-54.19921875
4.87938380241394,-55.6640625
4.883225917816162,-54.19921875
4.887068033218384,-57.6171875
4.8909101486206055,-58.10546875
4.894752025604248,-65.4296875
4.89859414100647,-68.84765625
4.902436256408691,-63.96484375
4.906278371810913,-68.359375
4.910120487213135,-69.3359375
4.9139626026153564,-57.12890625
4.919137716293335,-52.24609375
4.922980308532715,-59.08203125
4.926823139190674,-60.546875
4.930665731430054,-55.6640625
4.934508562088013,-54.19921875
4.938351154327393,-51.7578125
4.942193984985352,-53.7109375
4.9460365772247314,-55.6640625
4.94987940788269,-52.24609375
4.95372200012207,-49.31640625
4.957564830780029,-54.6875
4.961407423019409,-66.40625
4.966295957565308,-62.01171875
4.970139265060425,-48.828125
4.973982334136963,-53.7109375
4.97782564163208,-59.5703125
4.981668710708618,-50.29296875
4.985512018203735,-45.41015625
4.9893553256988525,-44.921875
4.993198394775391,-31.73828125
4.997041702270508,-27.34375
5.000884771347046,-37.109375
5.004728078842163,-36.1328125
5.00857138633728,-32.71484375
5.013422012329102,-35.15625
5.017265558242798,-33.203125
5.021109342575073,-27.34375
5.0249528884887695,-28.3203125
5.028796672821045,-34.66796875
5.032640218734741,-36.62109375
5.036484003067017,-33.69140625
5.040327787399292,-30.2734375
5.044171333312988,-31.25
5.048015117645264,-33.69140625
5.05185866355896,-42.48046875
5.055702447891235,-47.8515625
5.0605292320251465,-47.8515625
5.06437349319458,-48.828125
5.068217515945435,-40.52734375
5.072061777114868,-34.1796875
5.075905799865723,-36.1328125
5.079750061035156,-36.62109375
5.083594083786011,-40.0390625
5.087438344955444,-47.36328125
5.091282367706299,-47.36328125
5.095126628875732,-41.9921875
5.098970651626587,-44.43359375
5.1028149127960205,-42.96875
5.107837915420532,-34.1796875
5.111682415008545,-34.1796875
5.115527153015137,-39.0625
5.1193718910217285,-49.31640625
5.12321662902832,-45.8984375
5.127061128616333,-31.73828125
5.130905866622925,-34.1796875
5.134750604629517,-35.64453125
5.138595342636108,-35.15625
5.142439842224121,-41.50390625
5.146284580230713,-44.43359375
5.150129318237305,-41.015625
5.154877662658691,-38.0859375
5.158722877502441,-39.55078125
5.162567853927612,-39.55078125
5.166413068771362,-37.109375
5.170258045196533,-37.109375
5.174103260040283,-39.55078125
5.177948236465454,-38.57421875
5.181793451309204,-39.0625
5.185638427734375,-34.66796875
5.189483642578125,-31.25
5.193328619003296,-31.25
5.197173833847046,-33.69140625
5.202131032943726,-38.0859375
5.205976724624634,-41.9921875
5.209822416305542,-43.9453125
5.213667869567871,-35.64453125
5.217513561248779,-31.25
5.2213592529296875,-33.69140625
5.225204706192017,-37.59765625
5.229050397872925,-42.48046875
5.232896089553833,-41.50390625
5.236741542816162,-35.15625
5.24058723449707,-25.87890625
5.2444329261779785,-23.92578125
5.24935245513916,-25.87890625
5.253198623657227,-24.90234375
5.257044553756714,-24.4140625
5.26089072227478,-22.4609375
5.264736890792847,-24.4140625
5.268582820892334,-23.4375
5.2724289894104,-31.25
5.276275157928467,-39.55078125
5.280121088027954,-29.296875
5.2839672565460205,-24.4140625
5.287813425064087,-34.1796875
5.291659593582153,-41.9921875
5.2965407371521,-35.15625
5.300387144088745,-25.390625
5.30423378944397,-27.83203125
5.308080434799194,-34.1796875
5.31192684173584,-32.71484375
5.3157734870910645,-34.1796875
5.319620132446289,-36.1328125
5.323466539382935,-34.66796875
5.327313184738159,-38.57421875
5.331159830093384,-42.96875
5.335006237030029,-37.59765625
5.338852882385254,-34.1796875
5.343924283981323,-34.1796875
5.347771406173706,-37.59765625
5.351618528366089,-38.57421875
5.355465650558472,-34.66796875
5.3593127727508545,-38.0859375
5.363159894943237,-43.45703125
5.36700701713562,-42.48046875
5.370854139328003,-45.41015625
5.374701261520386,-47.8515625
5.3785483837127686,-44.921875
5.382395505905151,-48.828125
5.386242628097534,-43.9453125
5.391045331954956,-35.64453125
5.394892930984497,-36.62109375
5.398740530014038,-33.203125
5.402588129043579,-33.203125
5.40643572807312,-35.64453125
5.410283088684082,-34.66796875
5.414130687713623,-30.76171875
5.417978286743164,-30.2734375
5.421825885772705,-28.3203125
5.425673246383667,-26.85546875
5.429520845413208,-26.3671875
5.433368444442749,-33.203125
5.438149690628052,-31.73828125
5.441997528076172,-30.2734375
5.445845603942871,-28.3203125
5.449693441390991,-27.34375
5.45354151725769,-33.69140625
5.4573893547058105,-36.1328125
5.46123743057251,-31.25
5.465085506439209,-28.3203125
5.468933343887329,-32.2265625
5.472781419754028,-36.1328125
5.476629257202148,-36.1328125
5.480477333068848,-38.0859375
5.485238075256348,-40.0390625
5.489086627960205,-34.66796875
5.492934942245483,-33.69140625
5.496783256530762,-31.73828125
5.50063157081604,-24.90234375
5.504479885101318,-22.94921875
5.508328437805176,-23.4375
5.512176752090454,-29.78515625
5.516025066375732,-28.80859375
5.519873380661011,-30.2734375
5.523721694946289,-38.57421875
5.5275702476501465,-53.7109375
5.532504081726074,-52.24609375
5.536352872848511,-30.76171875
5.540201902389526,-21.484375
5.544050693511963,-20.5078125
5.547899484634399,-20.99609375
5.551748275756836,-20.5078125
5.5555970668792725,-20.5078125
5.559446096420288,-24.90234375
5.563294887542725,-20.01953125
5.567143678665161,-12.20703125
5.570992469787598,-9.765625
5.574841499328613,-3.41796875
5.579973220825195,-7.8125
5.583822727203369,-16.11328125
5.587671995162964,-19.04296875
5.591521501541138,-20.01953125
5.595370769500732,-23.4375
5.599220275878906,-33.69140625
5.60306978225708,-32.2265625
5.606919050216675,-27.83203125
5.610768556594849,-22.4609375
5.614617824554443,-20.01953125
5.618467330932617,-22.4609375
5.622316837310791,-22.4609375
5.627186059951782,-27.83203125
5.631035804748535,-34.1796875
5.634885787963867,-31.73828125
5.63873553276062,-26.85546875
5.642585515975952,-25.87890625
5.646435260772705,-21.484375
5.650285005569458,-20.99609375
5.65413498878479,-26.85546875
5.657984733581543,-35.15625
5.661834716796875,-39.55078125
5.665684461593628,-33.203125
5.66953444480896,-38.0859375
5.674365997314453,-37.59765625
5.678216218948364,-30.2734375
5.682066440582275,-32.71484375
5.6859166622161865,-29.78515625
5.689767122268677,-21.97265625
5.693617343902588,-21.97265625
5.697467565536499,-30.2734375
5.70131778717041,-44.921875
5.705168008804321,-48.828125
5.7090184688568115,-44.921875
5.712868690490723,-44.921875
5.716718912124634,-42.96875
5.721515417098999,-36.62109375
5.725366115570068,-28.3203125
5.729216814041138,-26.85546875
5.733067512512207,-23.92578125
5.736918210983276,-31.73828125
5.740768909454346,-41.9921875
5.744619607925415,-43.45703125
5.748470306396484,-43.45703125
5.752321004867554,-48.33984375
5.756171703338623,-52.734375
5.760022401809692,-52.734375
5.763873100280762,-56.15234375
5.768864870071411,-61.5234375
5.772716045379639,-66.40625
5.776567220687866,-70.80078125
5.780418395996094,-73.73046875
5.784269571304321,-76.66015625
5.788120746612549,-71.2890625
5.791971921920776,-63.4765625
5.795823097229004,-60.05859375
5.7996742725372314,-58.59375
5.803525447845459,-60.546875
5.8073766231536865,-62.01171875
5.811227798461914,-59.08203125
5.815963983535767,-60.546875
5.819815635681152,-60.05859375
5.823667287826538,-55.17578125
5.827518701553345,-55.6640625
5.8313703536987305,-53.7109375
5.835221767425537,-60.546875
5.839073419570923,-67.87109375
5.842925071716309,-56.15234375
5.846776485443115,-50.29296875
5.850628137588501,-49.8046875
5.854479551315308,-50.78125
5.858331203460693,-54.6875
5.863032579421997,-52.24609375
5.866884469985962,-50.29296875
5.870736598968506,-61.03515625
5.874588489532471,-64.94140625
5.8784403800964355,-60.05859375
5.8822922706604,-58.10546875
5.886144161224365,-58.59375
5.88999605178833,-58.10546875
5.893847942352295,-53.7109375
5.89769983291626,-52.734375
5.901551723480225,-48.828125
5.9054038524627686,-44.43359375
5.910085678100586,-54.19921875
5.913938045501709,-65.4296875
5.917790174484253,-59.08203125
5.921642541885376,-56.15234375
5.92549467086792,-53.22265625
5.929347038269043,-43.45703125
5.933199405670166,-43.9453125
5.93705153465271,-53.22265625
5.940903902053833,-57.12890625
5.944756031036377,-51.7578125
5.9486083984375,-41.50390625
5.952460765838623,-38.0859375
5.957324504852295,-46.875
5.961177110671997,-47.8515625
5.965029716491699,-42.48046875
5.9688825607299805,-41.015625
5.972735166549683,-42.96875
5.976587772369385,-39.0625
5.980440616607666,-36.1328125
5.984293222427368,-40.52734375
5.988146066665649,-42.48046875
5.991998672485352,-44.43359375
5.995851278305054,-45.8984375
5.999704122543335,-49.8046875
6.0047571659088135,-45.41015625
6.008610248565674,-37.59765625
6.012463569641113,-41.9921875
6.016316652297974,-38.0859375
6.020169973373413,-34.1796875
6.024023056030273,-34.1796875
6.027876377105713,-40.0390625
6.031729459762573,-41.015625
6.035582780838013,-30.76171875
6.039435863494873,-37.109375
6.0432891845703125,-44.921875
6.047142267227173,-46.38671875
6.0519304275512695,-50.29296875
6.055783987045288,-50.29296875
6.059637784957886,-46.38671875
6.063491344451904,-45.41015625
6.067344903945923,-40.0390625
6.071198463439941,-39.0625
6.07505202293396,-30.2734375
6.0789055824279785,-19.53125
6.082759141921997,-22.4609375
6.086612701416016,-22.94921875
6.090466260910034,-29.296875
6.094320058822632,-37.109375
6.099073171615601,-31.73828125
6.102927207946777,-25.390625
6.106781005859375,-26.3671875
6.110635042190552,-35.15625
6.1144890785217285,-34.1796875
6.118342876434326,-32.2265625
6.122196912765503,-40.52734375
6.12605094909668,-39.55078125
6.129904747009277,-40.0390625
6.133758783340454,-33.69140625
6.137612819671631,-31.73828125
6.141466856002808,-48.828125
6.146186113357544,-55.17578125
6.1500403881073,-53.22265625
6.153894662857056,-52.24609375
6.157749176025391,-46.875
6.1616034507751465,-44.921875
6.165457725524902,-50.29296875
6.169312000274658,-45.8984375
6.173166275024414,-40.0390625
6.17702054977417,-42.48046875
6.180875062942505,-48.828125
6.184729337692261,-54.6875
6.188583612442017,-50.29296875
6.193506956100464,-46.38671875
6.197361707687378,-47.8515625
6.201216459274292,-50.78125
6.205071210861206,-47.36328125
6.20892596244812,-45.8984375
6.212780714035034,-43.45703125
6.216635465621948,-35.64453125
6.220490217208862,-30.2734375
6.224344968795776,-29.78515625
6.22819972038269,-36.62109375
6.2320544719696045,-38.57421875
6.2359092235565186,-39.55078125
6.240573167800903,-43.45703125
6.2444281578063965,-46.38671875
6.24828314781189,-44.921875
6.252138376235962,-40.52734375
6.255993366241455,-44.43359375
6.259848594665527,-45.8984375
6.2637035846710205,-41.50390625
6.267558574676514,-38.57421875
6.271413803100586,-35.15625
6.275268793106079,-32.2265625
6.279124021530151,-36.1328125
6.2829790115356445,-41.9921875
6.287610769271851,-36.1328125
6.291466236114502,-31.25
6.295321702957153,-35.15625
6.299176931381226,-39.0625
6.303032398223877,-40.0390625
6.306887865066528,-36.62109375
6.31074333190918,-40.52734375
6.314598560333252,-35.64453125
6.318454027175903,-20.99609375
6.322309494018555,-13.671875
6.326164722442627,-12.20703125
6.330020189285278,-13.671875
6.334827661514282,-10.7421875
6.338683605194092,-9.27734375
6.342539310455322,-8.7890625
6.346395015716553,-12.6953125
6.350250959396362,-15.13671875
6.354106664657593,-14.6484375
6.357962369918823,-16.11328125
6.361818313598633,-14.6484375
6.365674018859863,-21.484375
6.369529724121094,-30.76171875
6.373385667800903,-29.78515625
6.377241373062134,-20.01953125
6.3820271492004395,-15.13671875
6.385883331298828,-16.6015625
6.389739513397217,-27.83203125
6.393595457077026,-33.203125
6.397451639175415,-23.92578125
6.401307821273804,-18.06640625
6.405164003372192,-22.4609375
6.409020185470581,-27.34375
6.41287636756897,-27.83203125
6.416732549667358,-29.78515625
6.420588731765747,-36.1328125
6.424444913864136,-34.1796875
6.429402112960815,-28.80859375
6.433258771896362,-35.15625
6.437115430831909,-40.52734375
6.440972089767456,-36.1328125
6.444828510284424,-38.57421875
6.448685169219971,-42.96875
6.452541828155518,-30.76171875
6.4563984870910645,-25.87890625
6.460254907608032,-26.85546875
6.464111566543579,-27.34375
6.467968225479126,-37.109375
6.471824884414673,-39.0625
6.476541519165039,-38.57421875
6.480398416519165,-35.15625
6.484255313873291,-33.69140625
6.488112211227417,-39.0625
6.491969108581543,-39.0625
6.495826244354248,-35.64453125
6.499683141708374,-30.76171875
6.5035400390625,-31.73828125
6.507396936416626,-37.59765625
6.511253833770752,-41.015625
6.515110969543457,-34.1796875
6.518967866897583,-34.66796875
6.523652791976929,-46.875
6.527509927749634,-49.31640625
6.531367301940918,-48.828125
6.535224676132202,-45.8984375
6.539081811904907,-41.015625
6.542939186096191,-45.41015625
6.5467963218688965,-52.734375
6.550653696060181,-46.38671875
6.554510831832886,-40.52734375
6.55836820602417,-42.48046875
6.562225580215454,-42.96875
6.566082715988159,-38.0859375
6.57073450088501,-33.203125
6.574592113494873,-38.57421875
6.578449726104736,-43.9453125
6.5823073387146,-41.015625
6.586164712905884,-41.50390625
6.590022325515747,-48.828125
6.59387993812561,-48.828125
6.597737550735474,-41.9921875
6.601595163345337,-39.0625
6.6054527759552,-41.015625
6.6093103885650635,-42.96875
6.613168001174927,-41.9921875
6.618003845214844,-42.48046875
6.621861696243286,-42.48046875
6.625719785690308,-38.0859375
6.62957763671875,-41.50390625
6.6334357261657715,-46.38671875
6.637293577194214,-42.48046875
6.641151666641235,-40.0390625
6.645009517669678,-40.0390625
6.648867607116699,-39.0625
6.652725458145142,-41.015625
6.656583547592163,-43.9453125
6.6604413986206055,-37.59765625
6.665043354034424,-38.0859375
6.668901681900024,-41.9921875
6.672760009765625,-34.1796875
6.676618337631226,-31.25
6.680476427078247,-37.109375
6.684334754943848,-39.0625
6.688193082809448,-42.96875
6.692051410675049,-41.015625
6.69590950012207,-28.3203125
6.699767827987671,-25.87890625
6.7036261558532715,-35.15625
6.707484245300293,-40.0390625
6.712253093719482,-38.0859375
6.716111660003662,-40.0390625
6.719970226287842,-41.015625
6.723829030990601,-43.45703125
6.72768759727478,-47.36328125
6.73154616355896,-46.38671875
6.73540472984314,-45.41015625
6.739263296127319,-44.43359375
6.743122100830078,-40.0390625
6.746980667114258,-46.38671875
6.7508392333984375,-47.8515625
6.754697799682617,-39.0625
6.75943660736084,-39.55078125
6.763295650482178,-45.8984375
6.7671544551849365,-49.8046875
6.771013498306274,-52.734375
6.774872541427612,-46.38671875
6.778731346130371,-42.96875
6.782590389251709,-44.921875
6.786449432373047,-35.15625
6.790308237075806,-27.34375
6.7941672801971436,-37.59765625
6.7980263233184814,-50.78125
6.80188512802124,-47.8515625
6.80660343170166,-43.45703125
6.810462713241577,-43.9453125
6.814321994781494,-41.50390625
6.818181276321411,-41.50390625
6.822040557861328,-44.921875
6.825899839401245,-45.8984375
6.829759120941162,-43.45703125
6.833618402481079,-45.41015625
6.837477684020996,-47.8515625
6.841336965560913,-50.29296875
6.84519624710083,-50.78125
6.849055528640747,-45.41015625
6.853937149047852,-43.9453125
6.857796907424927,-44.43359375
6.861656665802002,-43.45703125
6.865516185760498,-47.8515625
6.869375944137573,-51.26953125
6.873235702514648,-48.33984375
6.8770952224731445,-46.38671875
6.88095498085022,-44.43359375
6.884814739227295,-46.875
6.888674259185791,-46.875
6.892534017562866,-50.29296875
6.896393775939941,-54.6875
6.901045322418213,-53.7109375
6.904905319213867,-63.96484375
6.9087653160095215,-64.94140625
6.912625312805176,-60.546875
6.91648530960083,-64.94140625
6.920345306396484,-60.05859375
6.92420506477356,-55.17578125
6.928065061569214,-56.15234375
6.931925058364868,-54.6875
6.9357850551605225,-52.734375
6.939645051956177,-53.7109375
6.943505048751831,-56.15234375
6.948139667510986,-61.5234375
6.952000141143799,-59.08203125
6.955860376358032,-48.828125
6.959720611572266,-43.9453125
6.963580846786499,-45.8984375
6.967441082000732,-45.8984375
6.971301555633545,-49.8046875
6.975161790847778,-56.15234375
6.979022026062012,-54.6875
6.982882261276245,-54.19921875
6.9867424964904785,-49.31640625
6.990602970123291,-45.8984375
6.995206594467163,-45.41015625
6.999067306518555,-45.41015625
7.002927780151367,-43.9453125
7.006788492202759,-44.921875
7.010648965835571,-45.41015625
7.014509439468384,-41.015625
7.018370151519775,-49.31640625
7.022230625152588,-48.33984375
7.0260910987854,-40.0390625
7.029951810836792,-41.50390625
7.0338122844696045,-38.57421875
7.037672996520996,-42.96875
7.042451620101929,-45.41015625
7.04631233215332,-38.57421875
7.050173282623291,-38.57421875
7.054034233093262,-44.43359375
7.057895183563232,-47.36328125
7.061756134033203,-44.43359375
7.065617084503174,-47.8515625
7.069477796554565,-49.8046875
7.073338747024536,-44.43359375
7.077199697494507,-46.875
7.0810606479644775,-44.43359375
7.084921598434448,-38.0859375
7.089851379394531,-40.0390625
7.093712568283081,-50.29296875
7.09757399559021,-52.734375
7.10143518447876,-47.8515625
7.105296611785889,-46.875
7.1091578006744385,-39.55078125
7.113019227981567,-37.59765625
7.116880416870117,-41.50390625
7.120741844177246,-41.9921875
7.124603033065796,-41.015625
7.128464460372925,-35.64453125
7.132325649261475,-30.76171875
7.137025833129883,-31.25
7.140887498855591,-32.2265625
7.144749164581299,-32.71484375
7.148610830307007,-32.71484375
7.152472496032715,-31.25
7.156333923339844,-26.85546875
7.160195589065552,-31.73828125
7.16405725479126,-39.0625
7.167918920516968,-45.41015625
7.171780586242676,-43.45703125
7.175642251968384,-37.109375
7.179503679275513,-40.52734375
7.184173583984375,-46.875
7.188035488128662,-54.19921875
7.191897392272949,-54.6875
7.195759296417236,-47.8515625
7.199621200561523,-42.48046875
7.2034831047058105,-41.015625
7.207345008850098,-41.9921875
7.211206912994385,-46.38671875
7.215069055557251,-43.9453125
7.218930959701538,-40.0390625
7.222792863845825,-48.828125
7.226654767990112,-47.36328125
7.231294631958008,-38.57421875
7.235157012939453,-41.9921875
7.239019155502319,-44.921875
7.2428812980651855,-47.8515625
7.246743440628052,-47.36328125
7.250605821609497,-44.921875
7.254467964172363,-46.38671875
7.2583301067352295,-45.41015625
7.262192487716675,-43.45703125
7.266054630279541,-39.55078125
7.269916772842407,-41.015625
7.273778915405273,-42.96875
7.278590202331543,-41.015625
7.282452821731567,-36.62109375
7.286315202713013,-29.296875
7.290177822113037,-29.78515625
7.2940404415130615,-41.50390625
7.297903060913086,-46.38671875
7.301765441894531,-46.875
7.305628061294556,-47.8515625
7.30949068069458,-41.015625
7.3133533000946045,-36.1328125
7.31721568107605,-36.62109375
7.321078300476074,-36.62109375
7.32567024230957,-31.73828125
7.329533100128174,-30.76171875
7.333395957946777,-39.55078125
7.337258815765381,-38.57421875
7.341121673583984,-35.15625
7.344984531402588,-37.59765625
7.348847150802612,-37.109375
7.352710008621216,-36.1328125
7.356572866439819,-39.55078125
7.360435724258423,-41.9921875
7.364298582077026,-46.38671875
7.36816143989563,-51.26953125
7.3727240562438965,-56.15234375
7.376587152481079,-62.01171875
7.380450248718262,-57.6171875
7.384313344955444,-61.03515625
7.388176441192627,-71.2890625
7.39203953742981,-64.453125
7.395902633666992,-62.5
7.399765729904175,-65.91796875
7.403628826141357,-64.453125
7.40749192237854,-62.98828125
7.411355018615723,-69.82421875
7.415218114852905,-75.1953125
7.419753313064575,-69.3359375
7.423616647720337,-67.3828125
7.427479982376099,-72.265625
7.43134331703186,-83.0078125
7.435206651687622,-83.984375
7.439069986343384,-77.1484375
7.442933082580566,-74.21875
7.446796417236328,-76.171875
7.45065975189209,-74.70703125
7.454523086547852,-77.1484375
7.458386421203613,-82.03125
7.462249755859375,-79.1015625
7.466944932937622,-80.56640625
7.470808744430542,-82.51953125
7.474672317504883,-78.125
7.478535890579224,-77.1484375
7.4823994636535645,-83.984375
7.486263275146484,-83.984375
7.490126848220825,-76.66015625
7.493990421295166,-94.23828125
7.497853994369507,-109.375
7.501717805862427,-103.515625
7.505581378936768,-96.19140625
7.509444952011108,-100.09765625
7.514305114746094,-99.609375
7.518168926239014,-96.19140625
7.522032976150513,-99.12109375
7.525897026062012,-98.6328125
7.529761075973511,-105.95703125
7.533624887466431,-137.6953125
7.53748893737793,-143.5546875
7.541352987289429,-116.69921875
7.545217037200928,-105.95703125
7.549080848693848,-108.3984375
7.552944898605347,-103.515625
7.556808948516846,-96.19140625
7.561452388763428,-82.03125
7.565316677093506,-78.125
7.569180965423584,-77.63671875
7.573045253753662,-68.359375
7.57690954208374,-62.5
7.580773830413818,-67.87109375
7.5846381187438965,-63.4765625
7.588502407073975,-53.22265625
7.592366456985474,-59.08203125
7.596230745315552,-58.59375
7.60009503364563,-51.7578125
7.603959321975708,-55.17578125
7.6085803508758545,-50.29296875
7.612444877624512,-47.36328125
7.616309404373169,-45.8984375
7.620173931121826,-42.48046875
7.624038457870483,-40.0390625
7.627902984619141,-35.64453125
7.631767511367798,-43.45703125
7.635632038116455,-50.29296875
7.639496564865112,-43.9453125
7.6433610916137695,-46.38671875
7.647225618362427,-46.875
7.651090145111084,-38.0859375
7.655675649642944,-30.2734375
7.659540414810181,-29.296875
7.663405179977417,-34.66796875
7.667269945144653,-43.9453125
7.67113471031189,-40.0390625
7.674999475479126,-33.203125
7.678864240646362,-43.45703125
7.682729244232178,-46.38671875
7.686594009399414,-46.875
7.69045877456665,-52.734375
7.694323539733887,-61.5234375
7.698188304901123,-59.08203125
7.702941417694092,-53.7109375
7.706806421279907,-58.10546875
7.710671424865723,-63.4765625
7.714536666870117,-62.01171875
7.718401670455933,-55.6640625
7.722266912460327,-61.03515625
7.726131916046143,-64.94140625
7.729997158050537,-61.03515625
7.7338621616363525,-62.5
7.737727403640747,-57.12890625
7.7415924072265625,-45.8984375
7.745457649230957,-48.828125
7.749995470046997,-49.8046875
7.753860950469971,-43.45703125
7.757726192474365,-46.38671875
7.761591672897339,-50.78125
7.765456914901733,-48.828125
7.769322395324707,-47.8515625
7.773187637329102,-47.8515625
7.777052879333496,-55.17578125
7.78091835975647,-52.24609375
7.784783601760864,-48.33984375
7.788649082183838,-51.7578125
7.792514324188232,-53.22265625
7.797025442123413,-59.08203125
7.800890922546387,-56.640625
7.8047566413879395,-51.7578125
7.808622121810913,-48.828125
7.812487840652466,-50.29296875
7.8163533210754395,-49.31640625
7.820218801498413,-49.8046875
7.824084520339966,-53.22265625
7.8279500007629395,-47.8515625
7.831815719604492,-42.96875
7.835681200027466,-47.8515625
7.8395466804504395,-44.43359375
7.844213962554932,-39.55078125
7.8480799198150635,-41.9921875
7.851945877075195,-42.96875
7.855811595916748,-47.36328125
7.85967755317688,-53.22265625
7.863543272018433,-51.7578125
7.8674092292785645,-45.8984375
7.871275186538696,-42.48046875
7.875140905380249,-38.0859375
7.879006862640381,-37.59765625
7.882872581481934,-42.48046875
7.886738538742065,-45.8984375
7.891373634338379,-48.828125
7.89523983001709,-48.828125
7.899106025695801,-47.8515625
7.902971982955933,-49.8046875
7.9068381786346436,-51.26953125
7.9107043743133545,-51.26953125
7.914570331573486,-50.29296875
7.918436527252197,-49.31640625
7.922302722930908,-47.36328125
7.926168918609619,-46.875
7.930034875869751,-45.8984375
7.933901071548462,-46.38671875
7.93868613243103,-43.45703125
7.94255256652832,-38.57421875
7.94641900062561,-44.921875
7.9502854347229,-54.19921875
7.95415186882019,-52.734375
7.9580183029174805,-51.26953125
7.9618847370147705,-50.78125
7.9657511711120605,-50.29296875
7.969617605209351,-53.7109375
7.97348427772522,-59.5703125
7.97735071182251,-60.546875
7.9812171459198,-55.6640625
7.985805511474609,-54.6875
7.9896721839904785,-58.10546875
7.993538856506348,-58.10546875
7.997405529022217,-62.98828125
8.001272201538086,-67.3828125
8.005138874053955,-73.2421875
8.009005546569824,-74.21875
8.012872219085693,-70.3125
8.016738891601562,-75.1953125
8.02060580253601,-77.1484375
8.02447247505188,-83.49609375
8.028339147567749,-85.44921875
8.032899856567383,-86.42578125
8.036766767501831,-87.890625
8.04063367843628,-88.37890625
8.044500589370728,-93.75
8.048367500305176,-91.30859375
8.052234411239624,-83.0078125
8.056101322174072,-81.0546875
8.0599684715271,-82.03125
8.063835382461548,-78.125
8.067702293395996,-79.58984375
8.071569204330444,-81.54296875
8.075436115264893,-83.984375
8.079968690872192,-84.9609375
8.08383584022522,-75.1953125
8.087702989578247,-74.21875
8.091570138931274,-82.51953125
8.095437288284302,-84.9609375
8.099304437637329,-87.890625
8.103171586990356,-86.42578125
8.107038736343384,-79.1015625
8.110905885696411,-77.63671875
8.114773035049438,-74.70703125
8.118640184402466,-77.1484375
8.122507333755493,-73.73046875
8.127204179763794,-70.3125
8.1310715675354,-77.1484375
8.134938955307007,-75.1953125
8.138806581497192,-70.80078125
8.142673969268799,-71.77734375
8.146541357040405,-66.89453125
8.150408744812012,-59.08203125
8.154276371002197,-56.640625
8.158143758773804,-56.15234375
8.16201114654541,-52.734375
8.165878534317017,-55.17578125
8.169746160507202,-56.640625
8.17422342300415,-54.19921875
8.178091049194336,-57.6171875
8.1819589138031,-62.5
8.185826539993286,-61.03515625
8.189694166183472,-59.08203125
8.193561792373657,-58.59375
8.197429418563843,-58.10546875
8.201297044754028,-63.4765625
8.205164670944214,-65.4296875
8.2090322971344,-59.5703125
8.212899923324585,-57.6171875
8.21676778793335,-61.5234375
8.22140645980835,-60.546875
8.225274324417114,-65.4296875
8.229142189025879,-74.21875
8.233010053634644,-74.21875
8.236878156661987,-73.73046875
8.240746021270752,-72.75390625
8.244613885879517,-67.3828125
8.248481750488281,-65.4296875
8.252349615097046,-69.82421875
8.25621771812439,-64.94140625
8.260085582733154,-58.10546875
8.263953447341919,-57.12890625
8.268574237823486,-50.78125
8.27244234085083,-54.6875
8.276310443878174,-61.5234375
8.280178546905518,-49.8046875
8.28404688835144,-41.9921875
8.287914991378784,-40.52734375
8.291783094406128,-44.921875
8.295651197433472,-46.875
8.299519538879395,-39.55078125
8.303387641906738,-34.66796875
8.307255744934082,-38.0859375
8.311124086380005,-42.48046875
8.315706729888916,-45.41015625
8.319575071334839,-38.0859375
8.323443412780762,-39.55078125
8.327311754226685,-47.8515625
8.331180334091187,-44.921875
8.33504867553711,-46.38671875
8.338917016983032,-51.26953125
8.342785358428955,-48.828125
8.346653938293457,-42.48046875
8.35052227973938,-49.31640625
8.354390621185303,-53.7109375
8.358259201049805,-48.828125
8.36298680305481,-45.8984375
8.36685562133789,-44.921875
8.370724201202393,-55.6640625
8.374593019485474,-67.87109375
8.378461599349976,-68.359375
8.382330417633057,-64.453125
8.386198997497559,-61.5234375
8.39006781578064,-61.5234375
8.393936395645142,-58.59375
8.397805213928223,-51.7578125
8.401673793792725,-54.6875
8.405542612075806,-59.08203125
8.410070657730103,-57.6171875
8.413939476013184,-54.6875
8.417808532714844,-49.8046875
8.421677350997925,-50.29296875
8.425546169281006,-48.33984375
8.429415225982666,-48.33984375
8.433284044265747,-59.5703125
8.437153100967407,-59.5703125
8.441021919250488,-58.59375
8.444890975952148,-64.453125
8.44875979423523,-65.91796875
8.45262861251831,-62.01171875
8.457130670547485,-63.4765625
8.460999965667725,-68.84765625
8.464869022369385,-69.3359375
8.468738079071045,-62.98828125
8.472607374191284,-57.12890625
8.476476430892944,-56.640625
8.480345487594604,-56.640625
8.484214544296265,-57.12890625
8.488083839416504,-57.12890625
8.491952896118164,-60.546875
8.495821952819824,-64.453125
8.499691247940063,-65.4296875
8.504178047180176,-70.3125
8.508047580718994,-72.265625
8.511916875839233,-71.77734375
8.515786170959473,-79.58984375
8.519655466079712,-76.66015625
8.523524761199951,-68.84765625
8.52739405632019,-71.77734375
8.53126335144043,-66.40625
8.535132884979248,-64.94140625
8.539002180099487,-69.82421875
8.542871475219727,-80.078125
8.546740770339966,-81.54296875
8.551373481750488,-74.21875
8.555243015289307,-73.2421875
8.559112548828125,-74.21875
8.562982320785522,-71.77734375
8.56685185432434,-83.0078125
8.57072138786316,-100.09765625
8.574590921401978,-105.95703125
8.578460454940796,-105.95703125
8.582330226898193,-98.6328125
8.586199760437012,-100.09765625
8.59006929397583,-104.00390625
8.593938827514648,-101.07421875
8.598711729049683,-96.6796875
8.60258173942566,-99.12109375
8.606451511383057,-100.09765625
8.610321521759033,-97.65625
8.61419129371643,-102.05078125
8.618061065673828,-105.46875
8.621931076049805,-102.05078125
8.625800848007202,-100.09765625
8.629670858383179,-99.12109375
8.633540630340576,-100.5859375
8.637410640716553,-101.5625
8.64128041267395,-101.07421875
8.645855188369751,-96.19140625
8.649725198745728,-92.28515625
8.653595447540283,-88.37890625
8.65746545791626,-84.9609375
8.661335468292236,-82.51953125
8.665205717086792,-85.44921875
8.669075727462769,-85.9375
8.672945976257324,-83.49609375
8.6768159866333,-76.171875
8.680685997009277,-70.80078125
8.684556245803833,-75.68359375
8.68842625617981,-75.1953125
8.692975044250488,-75.68359375
8.696845531463623,-80.078125
8.700715780258179,-82.51953125
8.704586029052734,-79.58984375
8.70845651626587,-75.1953125
8.712326765060425,-76.171875
8.71619701385498,-84.47265625
8.720067501068115,-82.51953125
8.723937749862671,-72.75390625
8.727807998657227,-76.171875
8.731678485870361,-76.66015625
8.735548734664917,-69.3359375
8.74007248878479,-62.01171875
8.743942975997925,-63.4765625
8.74781346321106,-65.91796875
8.751684188842773,-64.94140625
8.755554676055908,-66.40625
8.759425163269043,-72.265625
8.763295650482178,-66.40625
8.767166137695312,-56.15234375
8.771036863327026,-60.05859375
8.774907350540161,-58.59375
8.778777837753296,-48.828125
8.78264832496643,-42.96875
8.787323474884033,-46.875
8.791194438934326,-47.36328125
8.79506516456604,-39.0625
8.798935890197754,-41.015625
8.802806854248047,-43.9453125
8.80667757987976,-43.45703125
8.810548305511475,-50.29296875
8.814419269561768,-56.640625
8.818289995193481,-51.7578125
8.822160720825195,-43.9453125
8.826031684875488,-41.50390625
8.829902410507202,-43.45703125
8.834383964538574,-41.9921875
8.838254928588867,-41.50390625
8.84212589263916,-38.0859375
8.845996856689453,-38.57421875
8.849867820739746,-49.31640625
8.853739023208618,-47.8515625
8.857609987258911,-44.43359375
8.861480951309204,-50.78125
8.865351915359497,-44.43359375
8.86922287940979,-40.52734375
8.873093843460083,-46.875
8.876964807510376,-43.9453125
8.881423950195312,-46.38671875
8.885295152664185,-53.7109375
8.889166355133057,-56.15234375
8.893037557601929,-53.22265625
8.8969087600708,-49.31640625
8.900779962539673,-46.875
8.904651165008545,-46.875
8.908522367477417,-54.6875
8.912393569946289,-51.7578125
8.916264772415161,-53.22265625
8.920135974884033,-51.7578125
8.924007177352905,-41.9921875
8.928451299667358,-43.9453125
8.93232274055481,-50.29296875
8.936193943023682,-51.26953125
8.940065383911133,-51.7578125
8.943936824798584,-49.8046875
8.947808027267456,-48.33984375
8.951679468154907,-57.12890625
8.955550909042358,-61.5234375
8.95942211151123,-47.36328125
8.963293552398682,-53.7109375
8.967164993286133,-59.08203125
8.971036434173584,-51.7578125
8.975608587265015,-55.6640625
8.979480266571045,-61.5234375
8.983351945877075,-62.01171875
8.987223386764526,-58.10546875
8.991095066070557,-59.08203125
8.994966745376587,-62.98828125
8.998838186264038,-63.4765625
9.002709865570068,-58.59375
9.00658130645752,-59.08203125
9.01045298576355,-61.03515625
9.01432466506958,-53.22265625
9.018196105957031,-43.9453125
9.022915124893188,-41.9921875
9.026787042617798,-43.9453125
9.030658721923828,-45.8984375
9.034530639648438,-56.640625
9.038402557373047,-62.01171875
9.042274475097656,-54.6875
9.046146154403687,-48.33984375
9.050018072128296,-41.015625
9.053889989852905,-50.29296875
9.057761907577515,-60.546875
9.061633586883545,-52.24609375
9.065505504608154,-46.38671875
9.070034265518188,-41.9921875
9.073906183242798,-47.36328125
9.077778339385986,-48.33984375
9.081650495529175,-45.41015625
9.085522413253784,-43.45703125
9.089394569396973,-41.015625
9.093266725540161,-42.48046875
9.09713864326477,-46.38671875
9.101010799407959,-55.6640625
9.104882717132568,-58.10546875
9.108754873275757,-60.05859375
9.112627029418945,-66.40625
9.11713457107544,-63.4765625
9.121006727218628,-62.01171875
9.124879121780396,-61.5234375
9.128751277923584,-62.98828125
9.132623672485352,-73.2421875
9.13649582862854,-79.1015625
9.140368223190308,-72.75390625
9.144240379333496,-65.4296875
9.148112773895264,-62.98828125
9.151984930038452,-72.75390625
9.15585708618164,-71.77734375
9.159729480743408,-68.84765625
9.164381265640259,-78.125
9.168253898620605,-83.0078125
9.172126293182373,-77.1484375
9.17599892616272,-62.5
9.179871320724487,-61.5234375
9.183743953704834,-60.546875
9.187616348266602,-51.26953125
9.191488981246948,-48.33984375
9.195361375808716,-53.22265625
9.199234008789062,-56.640625
9.20310640335083,-46.875
9.206979036331177,-43.9453125
9.211593389511108,-51.7578125
9.215466022491455,-47.8515625
9.21933889389038,-46.38671875
9.223211526870728,-50.29296875
9.227084398269653,-47.36328125
9.23095703125,-45.8984375
9.234829902648926,-46.875
9.238702535629272,-47.8515625
9.242575407028198,-38.57421875
9.246448040008545,-31.25
9.25032091140747,-29.78515625
9.254193544387817,-30.76171875
9.258942127227783,-35.64453125
9.262814998626709,-34.1796875
9.266688108444214,-35.15625
9.27056097984314,-37.59765625
9.274434089660645,-36.1328125
9.27830719947815,-40.0390625
9.282180070877075,-42.96875
9.28605318069458,-43.45703125
9.289926052093506,-39.55078125
9.29379916191101,-24.90234375
9.297672271728516,-23.4375
9.301545143127441,-33.69140625
9.305958271026611,-35.15625
9.309831619262695,-34.66796875
9.3137047290802,-39.0625
9.317577838897705,-39.0625
9.321451187133789,-40.0390625
9.325324296951294,-40.52734375
9.329197406768799,-41.015625
9.333070516586304,-48.828125
9.336943864822388,-44.921875
9.340816974639893,-37.109375
9.344690084457397,-41.50390625
9.348563432693481,-50.78125
9.353120803833008,-53.22265625
9.356994390487671,-46.875
9.360867738723755,-42.96875
9.364741086959839,-46.875
9.368614435195923,-47.36328125
9.372487783432007,-42.48046875
9.37636137008667,-41.9921875
9.380234718322754,-45.41015625
9.384108066558838,-40.0390625
9.387981414794922,-43.45703125
9.391854763031006,-45.8984375
9.395728349685669,-40.52734375
9.400251388549805,-40.0390625
9.404124975204468,-41.015625
9.40799856185913,-41.015625
9.411872148513794,-31.73828125
9.415745735168457,-32.71484375
9.4196195602417,-45.8984375
9.423493146896362,-31.73828125
9.427366733551025,-1.953125
9.431240320205688,1.953125
9.435113906860352,2.44140625
9.438987493515015,-3.90625
9.442861080169678,-23.92578125
9.447517395019531,-29.78515625
9.451391220092773,-17.578125
9.455265045166016,-12.20703125
9.459138870239258,-15.625
9.4630126953125,-18.06640625
9.466886520385742,-19.04296875
9.470760345458984,-20.5078125
9.474634170532227,-20.01953125
9.478507995605469,-18.5546875
9.482381820678711,-20.5078125
9.486255645751953,-20.99609375
9.490129709243774,-23.92578125
9.494600772857666,-26.3671875
9.498474836349487,-19.04296875
9.50234866142273,-17.08984375
9.50622272491455,-17.578125
9.510096788406372,-22.4609375
9.513970851898193,-29.296875
9.517844915390015,-34.1796875
9.521718740463257,-29.78515625
9.525592803955078,-24.90234375
9.5294668674469,-28.3203125
9.53334093093872,-26.85546875
9.537214994430542,-30.2734375
9.541821718215942,-32.2265625
9.545696020126343,-30.2734375
9.549570322036743,-37.59765625
9.553444623947144,-41.50390625
9.557318687438965,-33.203125
9.561192989349365,-26.3671875
9.565067291259766,-28.80859375
9.568941593170166,-34.66796875
9.572815656661987,-35.64453125
9.576689958572388,-33.203125
9.580564260482788,-30.2734375
9.584438562393188,-27.34375
9.588863134384155,-26.3671875
9.592737674713135,-20.99609375
9.596611976623535,-16.6015625
9.600486278533936,-17.578125
9.604360818862915,-24.90234375
9.608235120773315,-29.296875
9.612109661102295,-25.87890625
9.615983963012695,-20.01953125
9.619858503341675,-23.4375
9.623732805252075,-22.4609375
9.627607107162476,-15.13671875
9.631481647491455,-16.11328125
9.636049032211304,-14.6484375
9.639923572540283,-14.6484375
9.643798351287842,-20.99609375
9.647672891616821,-21.97265625
9.6515474319458,-22.4609375
9.65542221069336,-27.34375
9.659296751022339,-27.83203125
9.663171291351318,-20.5078125
9.667046070098877,-15.625
9.670920610427856,-12.20703125
9.674795150756836,-12.20703125
9.678669929504395,-22.94921875
9.683055639266968,-35.15625
9.686930418014526,-36.1328125
9.690805196762085,-30.2734375
9.694679975509644,-32.71484375
9.698554754257202,-34.1796875
9.70242953300476,-37.59765625
9.70630431175232,-39.55078125
9.710179090499878,-38.0859375
9.714053869247437,-38.57421875
9.717928647994995,-38.0859375
9.721803426742554,-40.0390625
9.725678205490112,-39.55078125
9.730197191238403,-35.15625
9.734072208404541,-32.71484375
9.737947225570679,-36.62109375
9.741822004318237,-35.15625
9.745697021484375,-33.69140625
9.749572038650513,-32.71484375
9.75344705581665,-34.1796875
9.757322072982788,-46.875
9.761196851730347,-47.36328125
9.765071868896484,-39.55078125
9.768946886062622,-38.0859375
9.77282190322876,-36.62109375
9.777316808700562,-35.64453125
9.781192064285278,-23.4375
9.785067081451416,-26.3671875
9.788942337036133,-39.55078125
9.79281759262085,-36.1328125
9.796692609786987,-24.4140625
9.800567865371704,-18.06640625
9.804442882537842,-27.34375
9.808318138122559,-29.296875
9.812193155288696,-31.73828125
9.816068410873413,-33.69140625
9.81994342803955,-28.3203125
9.824415445327759,-28.3203125
9.828290700912476,-29.296875
9.832166194915771,-25.87890625
9.836041450500488,-24.90234375
9.839916706085205,-29.78515625
9.843792200088501,-23.92578125
9.847667455673218,-23.92578125
9.851542711257935,-26.85546875
9.855417966842651,-16.11328125
9.859293460845947,-13.671875
9.863168716430664,-20.99609375
9.86704397201538,-25.87890625
9.871645450592041,-26.85546875
9.875520944595337,-29.296875
9.879396438598633,-24.90234375
9.883271932601929,-17.578125
9.887147426605225,-19.53125
9.8910231590271,-27.83203125
9.894898653030396,-33.203125
9.898774147033691,-28.80859375
9.902649641036987,-26.85546875
9.906525135040283,-29.78515625
9.910400867462158,-30.76171875
9.914276361465454,-29.296875
9.918712615966797,-27.83203125
9.922588109970093,-25.87890625
9.926463842391968,-29.78515625
9.930339574813843,-43.9453125
9.934215307235718,-47.8515625
9.938091039657593,-44.43359375
9.941966772079468,-36.1328125
9.945842504501343,-25.87890625
9.949718236923218,-30.76171875
9.953593969345093,-33.69140625
9.957469463348389,-30.76171875
9.961345195770264,-31.25
9.9657564163208,-31.73828125
9.969632387161255,-30.76171875
9.97350811958313,-35.15625
9.977384090423584,-33.69140625
9.981259822845459,-29.78515625
9.985135793685913,-29.78515625
9.989011526107788,-35.15625
9.992887496948242,-36.62109375
9.996763229370117,-31.25
10.000639200210571,-27.34375
10.004515171051025,-26.3671875
10.0083909034729,-38.0859375
10.012779951095581,-42.96875
10.016655921936035,-42.96875
10.02053189277649,-40.52734375
10.024408102035522,-31.25
10.028284072875977,-25.390625
10.03216004371643,-27.83203125
10.036036014556885,-31.25
10.039911985397339,-31.73828125
10.043788194656372,-31.25
10.047664165496826,-28.80859375
10.05154013633728,-28.80859375
10.055416107177734,-32.71484375
10.059934139251709,-37.109375
10.063810348510742,-35.15625
10.067686557769775,-33.69140625
10.071562767028809,-33.69140625
10.075438976287842,-29.78515625
10.079315185546875,-29.296875
10.083191394805908,-26.85546875
10.087067604064941,-20.5078125
10.090943813323975,-24.4140625
10.094820022583008,-25.390625
10.098696231842041,-29.78515625
10.102572441101074,-37.59765625
10.107216596603394,-38.57421875
10.111093044281006,-36.1328125
10.114969491958618,-31.73828125
10.11884593963623,-30.2734375
10.122722387313843,-25.87890625
10.126598834991455,-23.92578125
10.130475044250488,-29.296875
10.1343514919281,-33.69140625
10.138227939605713,-27.83203125
10.142104387283325,-29.296875
10.145980834960938,-31.25
10.14985728263855,-32.71484375
10.154345035552979,-37.59765625
10.15822148323059,-40.52734375
10.162098169326782,-41.9921875
10.165974855422974,-42.48046875
10.169851303100586,-51.26953125
10.173727989196777,-56.640625
10.177604675292969,-48.33984375
10.181481122970581,-41.50390625
10.185357809066772,-43.9453125
10.189234495162964,-50.29296875
10.193110942840576,-51.26953125
10.196987628936768,-47.8515625
10.201433181762695,-50.29296875
10.205310106277466,-50.78125
10.209186792373657,-48.828125
10.213063478469849,-46.38671875
10.21694040298462,-45.41015625
10.22081708908081,-42.96875
10.224693775177002,-40.0390625
10.228570699691772,-42.96875
10.232447385787964,-38.0859375
10.236324071884155,-29.78515625
10.240200996398926,-33.69140625
10.244077682495117,-39.55078125
10.248511552810669,-46.875
10.25238847732544,-39.0625
10.25626540184021,-33.203125
10.26014232635498,-37.59765625
10.264019250869751,-37.59765625
10.267896175384521,-42.48046875
10.271773099899292,-35.64453125
10.275650024414062,-30.2734375
10.279526948928833,-35.64453125
10.283403873443604,-34.66796875
10.287280797958374,-36.62109375
10.291157722473145,-40.0390625
10.295718669891357,-43.45703125
10.299595832824707,-48.828125
10.303472995758057,-46.38671875
10.307349920272827,-47.36328125
10.311227083206177,-51.7578125
10.315104246139526,-48.828125
10.318981409072876,-43.45703125
10.322858572006226,-47.36328125
10.326735734939575,-49.31640625
10.330612659454346,-48.33984375
10.334489822387695,-51.26953125
10.338366985321045,-47.8515625
10.342755556106567,-38.0859375
10.346632957458496,-38.57421875
10.350510120391846,-40.52734375
10.354387521743774,-41.50390625
10.358264684677124,-41.50390625
10.362142086029053,-40.52734375
10.366019248962402,-46.875
10.369896650314331,-41.9921875
10.37377381324768,-32.2265625
10.37765097618103,-38.57421875
10.381528377532959,-43.9453125
10.385405540466309,-45.8984375
10.389774322509766,-49.8046875
10.393651723861694,-47.8515625
10.397529125213623,-51.7578125
10.401406526565552,-56.640625
10.40528392791748,-57.6171875
10.40916132926941,-58.10546875
10.413038730621338,-53.7109375
10.416916131973267,-45.41015625
10.420793533325195,-36.62109375
10.424670934677124,-37.59765625
10.428548336029053,-38.57421875
10.432425737380981,-36.1328125
10.436770677566528,-42.48046875
10.440648317337036,-46.38671875
10.444525718688965,-48.33984375
10.448403358459473,-51.7578125
10.452280759811401,-55.6640625
10.45615839958191,-54.6875
10.460036039352417,-49.8046875
10.463913440704346,-47.36328125
10.467791080474854,-43.45703125
10.471668481826782,-47.36328125
10.47554612159729,-50.29296875
10.479423761367798,-45.8984375
10.483894348144531,-42.48046875
10.487771987915039,-43.9453125
10.491649627685547,-50.78125
10.495527505874634,-52.24609375
10.499405145645142,-51.7578125
10.50328278541565,-57.6171875
10.507160663604736,-56.640625
10.511038303375244,-50.29296875
10.514915943145752,-47.8515625
10.518793821334839,-47.8515625
10.522671461105347,-48.33984375
10.526549100875854,-49.8046875
10.531144142150879,-47.36328125
10.535022020339966,-48.828125
10.538899898529053,-50.78125
10.54277777671814,-52.24609375
10.546655654907227,-50.29296875
10.550533533096313,-45.8984375
10.55441164970398,-43.9453125
10.558289527893066,-46.875
10.562167406082153,-44.921875
10.56604528427124,-40.52734375
10.569923162460327,-42.96875
10.573801040649414,-46.875
10.578235387802124,-55.17578125
10.58211350440979,-47.8515625
10.585991621017456,-43.9453125
10.589869499206543,-57.12890625
10.593747615814209,-53.7109375
10.597625732421875,-41.9921875
10.601503849029541,-35.15625
10.605381965637207,-30.76171875
10.609260082244873,-31.73828125
10.61313796043396,-40.0390625
10.617016077041626,-46.38671875
10.620894193649292,-43.9453125
10.625309467315674,-43.9453125
10.62918758392334,-56.640625
10.633065938949585,-66.40625
10.636944055557251,-52.24609375
10.640822172164917,-38.0859375
10.644700527191162,-43.45703125
10.648578643798828,-41.9921875
10.652456998825073,-33.69140625
10.65633511543274,-41.015625
10.660213470458984,-41.9921875
10.66409158706665,-38.57421875
10.667969942092896,-43.9453125
10.672361135482788,-44.43359375
10.676239490509033,-36.62109375
10.680117845535278,-34.1796875
10.683996200561523,-42.96875
10.687874555587769,-41.9921875
10.691752910614014,-40.0390625
10.695631265640259,-40.0390625
10.699509620666504,-42.96875
10.703387975692749,-45.8984375
10.707266330718994,-45.41015625
10.71114468574524,-39.55078125
10.715023040771484,-36.1328125
10.719537019729614,-37.59765625
10.723415613174438,-36.1328125
10.727294206619263,-36.1328125
10.731172800064087,-40.0390625
10.735051393508911,-45.8984375
10.738929748535156,-45.41015625
10.74280834197998,-41.015625
10.746686935424805,-38.57421875
10.750565528869629,-41.015625
10.754443883895874,-37.109375
10.758322477340698,-41.9921875
10.762201070785522,-45.41015625
10.766548871994019,-42.96875
10.770427703857422,-45.8984375
10.774306297302246,-45.41015625
10.77818489074707,-43.45703125
10.782063722610474,-41.015625
10.785942316055298,-39.0625
10.789820909500122,-47.8515625
10.793699741363525,-63.4765625
10.79757833480835,-65.91796875
10.801456928253174,-62.5
10.805335760116577,-58.10546875
10.809214353561401,-54.6875
10.813540697097778,-53.7109375
10.817419528961182,-59.5703125
10.821298122406006,-61.03515625
10.82517695426941,-57.12890625
10.829055786132812,-58.10546875
10.832934617996216,-58.59375
10.83681344985962,-55.17578125
10.840692281723022,-45.8984375
10.844571113586426,-40.0390625
10.84844970703125,-35.15625
10.852328538894653,-31.73828125
10.856207370758057,-35.64453125
10.860657930374146,-34.1796875
10.864537000656128,-36.62109375
10.868415832519531,-42.48046875
10.872294902801514,-37.59765625
10.876173734664917,-38.0859375
10.8800528049469,-34.66796875
10.883931636810303,-35.15625
10.887810707092285,-45.41015625
10.891689538955688,-49.8046875
10.895568609237671,-47.8515625
10.899447441101074,-46.38671875
10.903326511383057,-51.7578125
10.907764196395874,-43.9453125
10.911643266677856,-33.69140625
10.915522336959839,-34.1796875
10.919401407241821,-36.1328125
10.923280477523804,-49.8046875
10.927159547805786,-49.31640625
10.931038856506348,-42.48046875
10.93491792678833,-41.9921875
10.938796997070312,-41.50390625
10.942676067352295,-54.19921875
10.946555137634277,-62.01171875
10.95043420791626,-57.12890625
10.954992294311523,-50.29296875
10.958871603012085,-46.38671875
10.962750911712646,-50.29296875
10.966630220413208,-47.36328125
10.97050952911377,-40.0390625
10.974388837814331,-44.921875
10.978268146514893,-48.828125
10.982147455215454,-44.43359375
10.986026763916016,-45.8984375
10.989906072616577,-51.7578125
10.993785381317139,-53.7109375
10.9976646900177,-45.8984375
11.002058744430542,-45.41015625
11.005938291549683,-48.828125
11.009817600250244,-44.43359375
11.013697147369385,-35.64453125
11.017576456069946,-37.109375
11.021456003189087,-47.36328125
11.025335550308228,-40.52734375
11.029214859008789,-39.0625
11.03309440612793,-43.45703125
11.036973714828491,-41.9921875
11.040853261947632,-37.109375
11.044732570648193,-37.59765625
11.049103736877441,-43.45703125
11.052983522415161,-40.0390625
11.056863069534302,-39.0625
11.060742616653442,-35.64453125
11.064622163772583,-39.0625
11.068501710891724,-52.24609375
11.072381258010864,-52.734375
11.076260805130005,-48.33984375
11.080140352249146,-50.29296875
11.084019899368286,-49.8046875
11.087899446487427,-49.31640625
11.091779232025146,-52.24609375
11.096131086349487,-49.8046875
11.100010871887207,-46.38671875
11.103890419006348,-43.45703125
11.107770204544067,-41.9921875
11.111649990081787,-49.31640625
11.115529537200928,-52.24609375
11.119409322738647,-30.76171875
11.123288869857788,-23.92578125
11.127168655395508,-33.69140625
11.131048440933228,-26.3671875
11.134927988052368,-22.4609375
11.138807773590088,-28.3203125
11.143280029296875,-26.3671875
11.147160053253174,-12.6953125
11.151039838790894,-11.23046875
11.154919624328613,-14.16015625
11.158799648284912,-9.27734375
11.162679433822632,-10.7421875
11.166559219360352,-16.6015625
11.170439004898071,-20.99609375
11.17431902885437,-22.94921875
11.17819881439209,-19.53125
11.18207859992981,-19.04296875
11.185958623886108,-26.85546875
11.190268993377686,-37.59765625
11.194149017333984,-33.69140625
11.198029041290283,-29.296875
11.201909065246582,-34.66796875
11.20578908920288,-32.71484375
11.2096688747406,-24.90234375
11.2135488986969,-29.296875
11.217428922653198,-34.1796875
11.221308946609497,-32.71484375
11.225188970565796,-33.203125
11.229068756103516,-32.2265625
11.232948780059814,-27.34375
11.237386703491211,-21.484375
11.24126672744751,-21.97265625
11.245146751403809,-23.92578125
11.249027013778687,-27.83203125
11.252907037734985,-26.3671875
11.256787300109863,-26.3671875
11.260667324066162,-32.71484375
11.26454758644104,-33.69140625
11.268427610397339,-25.87890625
11.272307634353638,-21.97265625
11.276187896728516,-25.87890625
11.280067920684814,-23.4375
11.284485816955566,-24.90234375
11.288366079330444,-28.80859375
11.292246341705322,-31.25
11.2961266040802,-35.15625
11.300006866455078,-46.38671875
11.303887128829956,-46.38671875
11.307767391204834,-38.57421875
11.311647653579712,-41.015625
11.31552791595459,-32.71484375
11.319408178329468,-28.80859375
11.323288440704346,-32.2265625
11.327168703079224,-16.11328125
11.331565618515015,-12.20703125
11.335445880889893,-22.4609375
11.33932638168335,-23.4375
11.343206644058228,-25.87890625
11.347087144851685,-18.5546875
11.350967645645142,-19.04296875
11.35484790802002,-36.62109375
11.358728408813477,-48.33984375
11.362608671188354,-44.43359375
11.366489171981812,-30.76171875
11.370369672775269,-24.90234375
11.374249935150146,-25.390625
11.378764152526855,-25.390625
11.382644891738892,-32.2265625
11.386525392532349,-40.52734375
11.390405893325806,-35.64453125
11.394286632537842,-33.203125
11.398167133331299,-36.62109375
11.402047634124756,-40.52734375
11.405928134918213,-35.15625
11.409808874130249,-23.92578125
11.413689374923706,-21.484375
11.417569875717163,-27.83203125
11.4214506149292,-28.80859375
11.425805807113647,-27.83203125
11.429686546325684,-33.203125
11.43356728553772,-25.390625
11.437448024749756,-28.80859375
11.441328763961792,-33.69140625
11.445209264755249,-32.71484375
11.449090003967285,-35.15625
11.452970743179321,-37.109375
11.456851482391357,-50.29296875
11.460732221603394,-53.7109375
11.46461296081543,-32.2265625
11.468493461608887,-33.69140625
11.472827434539795,-45.41015625
11.47670841217041,-42.48046875
11.480589151382446,-41.9921875
11.484469890594482,-42.96875
11.488350868225098,-31.25
11.492231607437134,-21.97265625
11.49611234664917,-29.296875
11.499993324279785,-31.73828125
11.503874063491821,-32.2265625
11.507755041122437,-38.0859375
11.511635780334473,-36.62109375
11.515516519546509,-38.0859375
11.519831657409668,-39.0625
11.523712635040283,-44.921875
11.527593612670898,-39.55078125
11.531474590301514,-25.87890625
11.535355567932129,-28.80859375
11.539236307144165,-19.53125
11.54311728477478,-24.90234375
11.546998262405396,-38.0859375
11.55087924003601,-33.203125
11.554760217666626,-30.76171875
11.558641195297241,-30.2734375
11.562521934509277,-26.3671875
11.566962957382202,-30.2734375
11.570843935012817,-33.69140625
11.574725151062012,-32.71484375
11.578606128692627,-31.73828125
11.582487344741821,-29.78515625
11.586368322372437,-22.94921875
11.59024953842163,-30.2734375
11.594130516052246,-40.52734375
11.598011493682861,-32.2265625
11.601892709732056,-23.4375
11.605773687362671,-36.1328125
11.609654903411865,-37.59765625
11.613943576812744,-30.76171875
11.617824792861938,-47.36328125
11.621706008911133,-64.94140625
11.625586986541748,-61.5234375
11.629468202590942,-47.8515625
11.633349418640137,-48.33984375
11.637230634689331,-49.31640625
11.641111850738525,-48.33984375
11.64499306678772,-50.78125
11.648874282836914,-53.22265625
11.652755498886108,-51.7578125
11.656636714935303,-45.8984375
11.66103720664978,-42.96875
11.664918661117554,-38.0859375
11.668799877166748,-38.57421875
11.672681331634521,-34.66796875
11.676562547683716,-28.3203125
11.68044376373291,-28.80859375
11.684325218200684,-30.2734375
11.688206434249878,-38.0859375
11.692087888717651,-36.62109375
11.695969104766846,-34.1796875
11.69985055923462,-38.0859375
11.703731775283813,-36.1328125
11.708112239837646,-38.57421875
11.71199369430542,-41.9921875
11.715875148773193,-41.015625
11.719756841659546,-34.66796875
11.72363829612732,-36.1328125
11.727519750595093,-41.50390625
11.731401205062866,-33.203125
11.73528265953064,-33.69140625
11.739164113998413,-39.0625
11.743045568466187,-38.0859375
11.74692702293396,-40.52734375
11.750808477401733,-41.015625
11.755177021026611,-37.109375
11.759058475494385,-35.15625
11.762940168380737,-32.71484375
11.76682162284851,-28.80859375
11.770703315734863,-34.66796875
11.774585008621216,-38.57421875
11.77846646308899,-34.66796875
11.782348155975342,-38.0859375
11.786229610443115,-44.921875
11.790111303329468,-41.015625
11.793992757797241,-37.109375
11.797874450683594,-36.1328125
11.80234956741333,-34.66796875
11.806231498718262,-41.50390625
11.810113191604614,-43.45703125
11.813994884490967,-37.109375
11.81787657737732,-40.0390625
11.821758270263672,-44.921875
11.825640201568604,-41.50390625
11.829521894454956,-33.69140625
11.833403587341309,-37.59765625
11.837285280227661,-41.50390625
11.841166973114014,-30.2734375
11.845048666000366,-25.390625
11.849367380142212,-28.80859375
11.853249073028564,-33.203125
11.857131004333496,-31.25
11.861012935638428,-24.4140625
11.86489462852478,-28.80859375
11.868776559829712,-25.390625
11.872658491134644,-19.04296875
11.876540184020996,-20.01953125
11.880422115325928,-20.01953125
11.88430404663086,-14.16015625
11.888185739517212,-18.06640625
11.892067670822144,-20.5078125
11.896376848220825,-11.23046875
11.900258779525757,-12.6953125
11.904140710830688,-19.04296875
11.90802264213562,-18.5546875
11.911904573440552,-25.87890625
11.915786743164062,-23.4375
11.919668674468994,-17.578125
11.923550605773926,-19.53125
11.927432537078857,-19.53125
11.931314468383789,-25.87890625
11.93519639968872,-26.85546875
11.939078330993652,-14.6484375
11.943368196487427,-16.11328125
11.947250127792358,-20.5078125
11.95113229751587,-13.671875
11.9550142288208,-21.97265625
11.958896398544312,-30.2734375
11.962778329849243,-23.92578125
11.966660499572754,-35.64453125
11.970542669296265,-41.015625
11.974424600601196,-31.73828125
11.978306770324707,-37.109375
11.982188701629639,-33.69140625
11.98607087135315,-25.390625
11.990466356277466,-28.80859375
11.994348526000977,-30.76171875
11.998230695724487,-35.64453125
12.002113103866577,-33.69140625
12.005995273590088,-24.4140625
12.009877443313599,-25.390625
12.01375961303711,-26.85546875
12.01764178276062,-27.34375
12.02152395248413,-25.390625
12.025406122207642,-22.4609375
12.029288291931152,-26.85546875
12.033170461654663,-33.69140625
12.0376877784729,-33.203125
12.041569948196411,-28.3203125
12.045452356338501,-27.34375
12.04933476448059,-21.97265625
12.05321717262268,-20.99609375
12.05709958076477,-23.92578125
12.060981750488281,-23.92578125
12.064864158630371,-20.01953125
12.068746566772461,-27.83203125
12.07262897491455,-36.62109375
12.076511144638062,-25.87890625
12.080393552780151,-12.6953125
12.084756851196289,-17.08984375
12.088639259338379,-20.5078125
12.092521667480469,-17.578125
12.096404314041138,-19.04296875
12.100286722183228,-23.92578125
12.104169130325317,-25.87890625
12.108051776885986,-22.94921875
12.111934185028076,-17.578125
12.115816593170166,-12.20703125
12.119699001312256,-8.30078125
12.123581647872925,-8.30078125
12.127464056015015,-13.18359375
12.131808280944824,-23.4375
12.135690927505493,-30.76171875
12.139573574066162,-22.94921875
12.143456220626831,-15.13671875
12.147338628768921,-16.6015625
12.15122127532959,-21.97265625
12.155103921890259,-17.578125
12.158986568450928,-7.8125
12.162868976593018,-5.859375
12.166751623153687,-9.27734375
12.170634269714355,-14.16015625
12.174516916275024,-13.18359375
12.178850412368774,-10.7421875
12.182733058929443,-13.18359375
12.186615943908691,-23.92578125
12.19049859046936,-30.76171875
12.19438123703003,-31.73828125
12.198263883590698,-27.34375
12.202146768569946,-21.97265625
12.206029415130615,-26.3671875
12.209912061691284,-27.34375
12.213794708251953,-22.4609375
12.217677593231201,-27.34375
12.22156023979187,-31.25
12.226009130477905,-35.64453125
12.229892015457153,-43.9453125
12.233774900436401,-38.0859375
12.23765778541565,-36.1328125
12.241540670394897,-39.0625
12.245423555374146,-42.96875
12.249306440353394,-47.36328125
12.253189086914062,-43.45703125
12.25707197189331,-34.66796875
12.260954856872559,-31.25
12.264837741851807,-36.62109375
12.268720626831055,-38.57421875
12.273006677627563,-37.109375
12.276889562606812,-40.0390625
12.28077244758606,-41.015625
12.284655570983887,-36.62109375
12.288538455963135,-36.1328125
12.292421340942383,-40.52734375
12.29630446434021,-37.59765625
12.300187349319458,-32.71484375
12.304070234298706,-35.64453125
12.307953119277954,-36.62109375
12.311836242675781,-39.0625
12.31571912765503,-45.8984375
12.320116519927979,-45.41015625
12.323999643325806,-49.31640625
12.327882766723633,-48.828125
12.33176565170288,-44.43359375
12.335648775100708,-44.43359375
12.339531898498535,-49.8046875
12.343415021896362,-51.26953125
12.34729814529419,-48.828125
12.351181268692017,-48.828125
12.355064153671265,-40.52734375
12.358947277069092,-41.015625
12.362830400466919,-45.8984375
12.367217540740967,-43.45703125
12.371100902557373,-49.8046875
12.3749840259552,-57.6171875
12.378867149353027,-60.546875
12.382750511169434,-59.5703125
12.38663363456726,-63.4765625
12.390516757965088,-63.96484375
12.394400119781494,-54.6875
12.398283243179321,-45.41015625
12.402166366577148,-46.875
12.406049728393555,-52.24609375
12.409932851791382,-50.29296875
12.414300203323364,-46.38671875
12.41818356513977,-48.828125
12.422066688537598,-51.7578125
12.425950050354004,-50.78125
12.42983341217041,-50.78125
12.433716773986816,-55.17578125
12.437600135803223,-54.19921875
12.441483497619629,-48.33984375
12.445366859436035,-55.17578125
12.449249982833862,-66.89453125
12.453133344650269,-76.171875
12.457016706466675,-74.70703125
12.461493730545044,-78.125
12.46537733078003,-89.84375
12.469260692596436,-82.51953125
12.473144292831421,-75.1953125
12.477027654647827,-78.61328125
12.480911254882812,-75.68359375
12.484794616699219,-74.70703125
12.488678216934204,-74.21875
12.49256157875061,-69.3359375
12.496445178985596,-72.75390625
12.500328540802002,-68.84765625
12.504211902618408,-69.82421875
12.508797645568848,-75.68359375
12.512681245803833,-63.96484375
12.516564846038818,-64.94140625
12.520448446273804,-68.84765625
12.524332284927368,-63.96484375
12.528215885162354,-64.453125
12.532099485397339,-67.3828125
12.535983085632324,-62.98828125
12.53986668586731,-62.98828125
12.543750524520874,-62.98828125
12.54763412475586,-61.03515625
12.551517724990845,-66.89453125
12.55582594871521,-68.84765625
12.559709548950195,-65.4296875
12.56359338760376,-63.96484375
12.567477226257324,-68.359375
12.57136082649231,-74.21875
12.575244665145874,-73.2421875
12.57912826538086,-62.01171875
12.583012104034424,-54.19921875
12.586895942687988,-57.12890625
12.590779542922974,-59.5703125
12.594663381576538,-61.03515625
12.598547220230103,-67.3828125
12.602844476699829,-73.2421875
12.606728315353394,-70.80078125
12.610612154006958,-69.82421875
12.614495992660522,-66.40625
12.618379831314087,-62.5
12.62226390838623,-59.08203125
12.626147747039795,-65.91796875
12.63003158569336,-72.75390625
12.633915424346924,-65.91796875
12.637799263000488,-64.453125
12.641683101654053,-64.94140625
12.645566940307617,-56.15234375
12.649965047836304,-56.15234375
12.653848886489868,-63.4765625
12.657732963562012,-58.59375
12.661616802215576,-53.22265625
12.66550087928772,-60.05859375
12.669384956359863,-62.98828125
12.673268795013428,-56.640625
12.677152872085571,-55.6640625
12.681036710739136,-58.59375
12.68492078781128,-58.59375
12.688804864883423,-59.5703125
12.692688703536987,-63.4765625
12.696941375732422,-55.6640625
12.700825452804565,-47.36328125
12.704709529876709,-50.29296875
12.708593606948853,-56.640625
12.712477684020996,-55.17578125
12.71636176109314,-55.6640625
12.720245838165283,-61.03515625
12.724129915237427,-61.03515625
12.72801399230957,-57.6171875
12.731898069381714,-55.17578125
12.735782146453857,-53.7109375
12.739665985107422,-54.6875
12.74403691291809,-63.4765625
12.747920989990234,-67.3828125
12.751805305480957,-56.640625
12.7556893825531,-46.875
12.759573698043823,-46.875
12.763457775115967,-52.734375
12.76734185218811,-59.08203125
12.771226167678833,-58.10546875
12.775110244750977,-52.24609375
12.7789945602417,-55.6640625
12.782878637313843,-52.734375
12.786762952804565,-50.29296875
12.791112899780273,-58.59375
12.794997215270996,-61.03515625
12.798881530761719,-53.7109375
12.802765846252441,-49.8046875
12.806650161743164,-56.640625
12.810534477233887,-59.5703125
12.81441879272461,-59.08203125
12.818303108215332,-61.03515625
12.822187423706055,-60.05859375
12.826071739196777,-52.734375
12.8299560546875,-52.734375
12.833840131759644,-62.01171875
12.838172435760498,-59.5703125
12.84205675125122,-50.78125
12.845941305160522,-50.78125
12.849825620651245,-56.640625
12.853709936141968,-59.5703125
12.85759449005127,-59.5703125
12.861478805541992,-62.5
12.865363359451294,-60.05859375
12.869247674942017,-54.19921875
12.87313199043274,-59.5703125
12.877016544342041,-57.12890625
12.880900859832764,-56.640625
12.885340213775635,-59.08203125
12.889224767684937,-52.734375
12.893109321594238,-50.78125
12.89699387550354,-57.6171875
12.900878429412842,-55.17578125
12.904762983322144,-49.31640625
12.908647537231445,-54.6875
12.912532091140747,-58.59375
12.916416645050049,-60.05859375
12.92030119895935,-62.01171875
12.924185752868652,-59.08203125
12.928070306777954,-49.31640625
12.932362794876099,-41.9921875
12.93624758720398,-42.48046875
12.940132141113281,-38.57421875
12.944016695022583,-36.62109375
12.947901487350464,-37.59765625
12.951786041259766,-35.15625
12.955670595169067,-38.57421875
12.959555387496948,-45.8984375
12.96343994140625,-43.45703125
12.96732473373413,-38.57421875
12.971209287643433,-40.0390625
12.975093841552734,-43.45703125
12.979369878768921,-43.9453125
12.983254671096802,-45.41015625
12.987139225006104,-46.38671875
12.991024017333984,-42.48046875
12.994908809661865,-39.0625
12.998793601989746,-38.0859375
13.002678394317627,-41.9921875
13.006562948226929,-42.48046875
13.01044774055481,-35.64453125
13.01433253288269,-40.0390625
13.018217325210571,-43.9453125
13.022101879119873,-41.50390625
13.026360511779785,-42.96875
13.030245542526245,-45.8984375
13.034130334854126,-49.31640625
13.038015127182007,-48.33984375
13.041899919509888,-49.8046875
13.045784711837769,-52.734375
13.04966950416565,-47.8515625
13.05355429649353,-47.36328125
13.05743932723999,-48.828125
13.061324119567871,-45.8984375
13.065208911895752,-47.36328125
13.069093704223633,-53.7109375
13.07345986366272,-50.29296875
13.0773446559906,-49.31640625
13.08122968673706,-62.98828125
13.08511471748352,-69.3359375
13.088999509811401,-67.87109375
13.092884540557861,-63.96484375
13.096769332885742,-63.4765625
13.100654363632202,-66.40625
13.104539394378662,-64.453125
13.108424186706543,-59.5703125
13.112309217453003,-56.15234375
13.116194248199463,-53.22265625
13.120418071746826,-51.7578125
13.124303102493286,-46.38671875
13.128188133239746,-46.38671875
13.132073163986206,-43.45703125
13.135957956314087,-38.57421875
13.139842987060547,-37.109375
13.143728017807007,-41.9921875
13.147613048553467,-51.26953125
13.151498079299927,-44.43359375
13.155383110046387,-37.59765625
13.159268140792847,-36.62109375
13.163153171539307,-37.59765625
13.167484760284424,-38.0859375
13.171369791030884,-36.62109375
13.175255060195923,-37.59765625
13.179140090942383,-37.109375
13.183025121688843,-40.0390625
13.186910390853882,-36.1328125
13.190795421600342,-33.203125
13.19468069076538,-41.015625
13.19856572151184,-50.29296875
13.2024507522583,-55.17578125
13.20633602142334,-51.7578125
13.2102210521698,-50.78125
13.214532136917114,-49.31640625
13.218417406082153,-39.55078125
13.222302675247192,-36.1328125
13.226187944412231,-38.57421875
13.23007321357727,-42.48046875
13.23395848274231,-48.33984375
13.23784351348877,-43.45703125
13.241728782653809,-41.50390625
13.245614051818848,-36.62109375
13.249499320983887,-34.1796875
13.253384590148926,-38.0859375
13.257269859313965,-33.69140625
13.261571407318115,-35.64453125
13.265456914901733,-37.59765625
13.269342184066772,-32.71484375
13.273227453231812,-34.1796875
13.27711272239685,-37.59765625
13.280998229980469,-41.015625
13.284883499145508,-43.9453125
13.288768768310547,-46.875
13.292654037475586,-40.0390625
13.296539545059204,-41.015625
13.300424814224243,-44.921875
13.304310083389282,-37.59765625
13.308717012405396,-31.73828125
13.312602519989014,-34.1796875
13.316488027572632,-39.55078125
13.320373296737671,-40.0390625
13.324258804321289,-46.875
13.328144311904907,-44.43359375
13.332029819488525,-37.109375
13.335915327072144,-39.55078125
13.339800596237183,-41.015625
13.3436861038208,-38.57421875
13.347571611404419,-36.62109375
13.351457118988037,-36.62109375
13.355721950531006,-38.0859375
13.359607458114624,-36.1328125
13.363492965698242,-35.15625
13.36737847328186,-42.48046875
13.371263980865479,-44.43359375
13.375149488449097,-46.875
13.379034996032715,-49.31640625
13.382920742034912,-41.015625
13.38680624961853,-41.015625
13.390691757202148,-46.38671875
13.394577264785767,-47.8515625
13.398462772369385,-49.31640625
13.402710199356079,-53.7109375
13.406595945358276,-56.640625
13.410481452941895,-55.6640625
13.414367198944092,-47.8515625
13.41825270652771,-41.015625
13.422138452529907,-44.43359375
13.426023960113525,-48.33984375
13.429909706115723,-46.38671875
13.43379521369934,-42.96875
13.437680959701538,-37.59765625
13.441566467285156,-37.109375
13.445452213287354,-47.36328125
13.449682474136353,-50.78125
13.45356822013855,-49.8046875
13.457453966140747,-47.36328125
13.461339712142944,-44.921875
13.465225458145142,-47.8515625
13.469111204147339,-48.33984375
13.472996711730957,-52.734375
13.476882457733154,-55.17578125
13.480768203735352,-52.24609375
13.484653949737549,-53.22265625
13.488539695739746,-44.43359375
13.492425441741943,-42.96875
13.496760606765747,-45.8984375
13.500646352767944,-53.22265625
13.504532098770142,-59.5703125
13.508418083190918,-58.59375
13.512303829193115,-58.59375
13.516189575195312,-56.15234375
13.52007532119751,-50.29296875
13.523961305618286,-50.78125
13.527847051620483,-52.24609375
13.53173279762268,-43.9453125
13.535618543624878,-46.38671875
13.539504528045654,-56.15234375
13.54394245147705,-51.7578125
13.547828435897827,-48.33984375
13.551714420318604,-48.828125
13.55560040473938,-52.24609375
13.559486150741577,-59.5703125
13.563372135162354,-66.89453125
13.56725811958313,-64.94140625
13.571144104003906,-58.10546875
13.575030088424683,-54.19921875
13.57891583442688,-54.6875
13.582801818847656,-59.5703125
13.586687803268433,-53.22265625
13.590986728668213,-50.78125
13.59487271308899,-53.22265625
13.598758697509766,-46.38671875
13.602644681930542,-41.50390625
13.606530904769897,-42.48046875
13.610416889190674,-44.43359375
13.61430287361145,-44.43359375
13.618188858032227,-40.52734375
13.622074842453003,-41.9921875
13.625961065292358,-51.26953125
13.629847049713135,-58.10546875
13.633733034133911,-64.453125
13.638022422790527,-62.98828125
13.641908645629883,-58.10546875
13.645794868469238,-55.6640625
13.649680852890015,-54.6875
13.65356707572937,-58.59375
13.657453060150146,-57.6171875
13.661339282989502,-53.22265625
13.665225505828857,-47.36328125
13.669111490249634,-52.24609375
13.67299771308899,-49.8046875
13.676883697509766,-44.921875
13.680769920349121,-51.7578125
13.685033798217773,-52.734375
13.68891978263855,-58.10546875
13.692806005477905,-60.05859375
13.69669222831726,-61.03515625
13.700578451156616,-62.5
13.704464673995972,-52.734375
13.708350896835327,-48.828125
13.712237119674683,-56.640625
13.716123342514038,-56.15234375
13.720009565353394,-47.8515625
13.723895788192749,-47.8515625
13.727782011032104,-49.31640625
13.732158184051514,-51.7578125
13.73604440689087,-46.38671875
13.739930868148804,-45.41015625
13.74381709098816,-45.8984375
13.747703552246094,-41.9921875
13.75158977508545,-45.41015625
13.755475997924805,-52.734375
13.75936245918274,-56.15234375
13.763248682022095,-55.6640625
13.76713514328003,-52.24609375
13.771021366119385,-53.7109375
13.77490782737732,-59.5703125
13.779144525527954,-63.4765625
13.783030986785889,-57.12890625
13.786917448043823,-50.78125
13.790803909301758,-53.22265625
13.794690132141113,-52.24609375
13.798576593399048,-53.22265625
13.802463054656982,-53.22265625
13.806349515914917,-56.15234375
13.810235738754272,-52.24609375
13.814122200012207,-46.38671875
13.818008661270142,-46.38671875
13.821895122528076,-41.50390625
13.826115846633911,-41.9921875
13.830002307891846,-45.8984375
13.83388876914978,-48.828125
13.837775230407715,-48.828125
13.84166169166565,-51.7578125
13.845548152923584,-50.78125
13.849434614181519,-43.45703125
13.853321075439453,-42.96875
13.857207536697388,-41.50390625
13.861093997955322,-42.96875
13.864980459213257,-43.45703125
13.86886715888977,-57.6171875
13.87319016456604,-51.7578125
13.877076625823975,-40.0390625
13.880963325500488,-48.828125
13.884849786758423,-63.4765625
13.888736486434937,-69.82421875
13.892622947692871,-61.5234375
13.896509647369385,-59.5703125
13.90039610862732,-58.59375
13.904282808303833,-48.828125
13.908169269561768,-32.2265625
13.912055969238281,-44.921875
13.915942430496216,-62.5
13.920247554779053,-56.15234375
13.924134254455566,-55.17578125
13.92802095413208,-61.03515625
13.931907653808594,-64.94140625
13.935794115066528,-58.59375
13.939680814743042,-61.5234375
13.943567514419556,-72.75390625
13.94745421409607,-55.6640625
13.951340913772583,-53.22265625
13.955227613449097,-62.98828125
13.95911431312561,-58.59375
13.963001012802124,-60.546875
13.967407464981079,-53.7109375
13.971294403076172,-56.15234375
13.975181102752686,-61.03515625
13.9790678024292,-68.84765625
13.982954740524292,-61.5234375
13.986841440200806,-49.31640625
13.990728378295898,-56.640625
13.994615077972412,-56.15234375
13.998501777648926,-62.01171875
14.002388715744019,-60.05859375
14.006275415420532,-48.33984375
14.010162353515625,-51.7578125
14.014432430267334,-50.78125
14.018319368362427,-56.15234375
14.02220630645752,-59.5703125
14.026093006134033,-51.26953125
14.029979944229126,-48.33984375
14.033866882324219,-51.7578125
14.037753820419312,-63.96484375
14.041640758514404,-63.4765625
14.045527458190918,-63.4765625
14.04941439628601,-66.40625
14.053301334381104,-63.96484375
14.057188272476196,-67.87109375
14.061442375183105,-60.546875
14.065329313278198,-58.10546875
14.069216251373291,-56.15234375
14.073103189468384,-51.26953125
14.076990127563477,-52.24609375
14.08087706565857,-57.12890625
14.084764003753662,-58.59375
14.088651180267334,-55.6640625
14.092538118362427,-50.78125
14.09642505645752,-51.26953125
14.100311994552612,-59.5703125
14.104198932647705,-63.96484375
14.10843563079834,-59.08203125
14.112322807312012,-67.3828125
14.116209745407104,-83.0078125
14.120096921920776,-69.82421875
14.12398386001587,-76.66015625
14.127871036529541,-82.03125
14.131757974624634,-76.66015625
14.135644912719727,-80.078125
14.139532089233398,-75.68359375
14.143419027328491,-74.70703125
14.147306203842163,-84.9609375
14.151193141937256,-79.58984375
14.155530452728271,-64.453125
14.159417390823364,-72.265625
14.163304567337036,-81.0546875
14.167191743850708,-79.1015625
14.17107892036438,-70.80078125
14.174966096878052,-58.10546875
14.178853273391724,-61.03515625
14.182740449905396,-72.75390625
14.186627388000488,-66.89453125
14.19051456451416,-60.546875
14.194401741027832,-72.75390625
14.198288917541504,-73.73046875
14.202499866485596,-70.3125
14.206387042999268,-60.546875
14.21027421951294,-60.546875
14.214161396026611,-54.6875
14.218048572540283,-53.7109375
14.221935987472534,-26.3671875
14.225823163986206,-33.203125
14.229710340499878,-60.05859375
14.23359751701355,-48.828125
14.237484693527222,-57.6171875
14.241371870040894,-60.05859375
14.245259284973145,-64.94140625
14.249454975128174,-70.3125
14.253342390060425,-72.265625
14.257229566574097,-62.98828125
14.261116981506348,-55.17578125
14.26500415802002,-55.6640625
14.26889157295227,-56.15234375
14.272778749465942,-59.08203125
14.276665925979614,-58.59375
14.280553340911865,-58.59375
14.284440517425537,-61.03515625
14.288327932357788,-42.96875
14.29221510887146,-40.52734375
14.296509981155396,-56.15234375
14.300397396087646,-49.8046875
14.304284572601318,-47.36328125
14.30817198753357,-48.828125
14.31205940246582,-51.26953125
14.315946817398071,-51.26953125
14.319834232330322,-53.7109375
14.323721647262573,-59.5703125
14.327608823776245,-59.08203125
14.331496238708496,-47.36328125
14.335383653640747,-44.921875
14.339271068572998,-56.640625
14.343549251556396,-54.6875
14.347436666488647,-55.17578125
14.351324081420898,-72.265625
14.35521149635315,-78.125
14.35909914970398,-69.82421875
14.36298656463623,-66.89453125
14.366873979568481,-64.94140625
14.370761394500732,-60.546875
14.374648809432983,-67.3828125
14.378536462783813,-68.84765625
14.382423877716064,-57.12890625
14.386311292648315,-55.6640625
14.390697479248047,-60.546875
14.394584894180298,-65.91796875
14.398472547531128,-66.89453125
14.402360200881958,-66.40625
14.406247615814209,-65.4296875
14.410135269165039,-66.89453125
14.41402268409729,-71.2890625
14.41791033744812,-63.4765625
14.42179799079895,-61.03515625
14.425685405731201,-63.4765625
14.429573059082031,-57.12890625
14.433460712432861,-57.6171875
14.437704086303711,-61.5234375
14.441591739654541,-66.40625
14.445479393005371,-63.4765625
14.449367046356201,-59.08203125
14.453254699707031,-63.96484375
14.457142353057861,-65.91796875
14.461030006408691,-72.265625
14.464917659759521,-76.171875
14.468805313110352,-76.66015625
14.472692966461182,-71.2890625
14.476580619812012,-65.4296875
14.480468273162842,-64.453125
14.484696388244629,-65.91796875
14.488584041595459,-67.3828125
14.492471694946289,-66.40625
14.496359586715698,-68.359375
14.500247240066528,-65.91796875
14.504134893417358,-73.2421875
14.508022785186768,-82.03125
14.511910438537598,-79.58984375
14.515798091888428,-82.51953125
14.519685983657837,-80.56640625
14.523573637008667,-70.80078125
14.527461290359497,-77.1484375
14.531673908233643,-87.40234375
14.535561800003052,-84.9609375
14.539449691772461,-82.03125
14.543337345123291,-78.61328125
14.5472252368927,-74.70703125
14.55111289024353,-76.66015625
14.55500078201294,-78.125
14.558888673782349,-71.77734375
14.562776327133179,-73.2421875
14.566664218902588,-72.75390625
14.570551872253418,-67.3828125
14.574439764022827,-65.4296875
14.578750610351562,-69.3359375
14.582638502120972,-78.125
14.58652639389038,-75.1953125
14.59041428565979,-66.40625
14.5943021774292,-62.98828125
14.598190069198608,-67.87109375
14.602077960968018,-71.2890625
14.605965852737427,-70.80078125
14.609853744506836,-73.2421875
14.613741636276245,-77.1484375
14.617629528045654,-75.68359375
14.621517419815063,-71.77734375
14.62582015991211,-69.3359375
14.629708290100098,-62.5
14.633596181869507,-64.94140625
14.637484312057495,-65.4296875
14.641372203826904,-60.05859375
14.645260095596313,-65.91796875
14.649148225784302,-65.91796875
14.653036117553711,-59.08203125
14.65692400932312,-69.82421875
14.660812139511108,-68.84765625
14.664700031280518,-68.84765625
14.668587923049927,-68.359375
14.672874689102173,-65.91796875
14.676762580871582,-64.453125
14.68065071105957,-62.5
14.684538841247559,-63.96484375
14.688426971435547,-66.40625
14.692314863204956,-63.96484375
14.696202993392944,-68.84765625
14.700091123580933,-78.61328125
14.703979015350342,-74.70703125
14.70786714553833,-65.4296875
14.711755275726318,-64.453125
14.715643405914307,-63.4765625
14.719911336898804,-54.6875
14.723799467086792,-54.6875
14.72768759727478,-60.546875
14.731575727462769,-58.10546875
14.735463857650757,-53.22265625
14.739351987838745,-52.24609375
14.743240118026733,-50.78125
14.7471284866333,-47.36328125
14.751016616821289,-49.8046875
14.754904747009277,-51.7578125
14.758792877197266,-46.875
14.762681007385254,-46.38671875
14.76693320274353,-44.921875
14.770821571350098,-44.43359375
14.774709701538086,-42.96875
14.778597831726074,-46.38671875
14.782486200332642,-49.31640625
14.78637433052063,-38.0859375
14.790262699127197,-39.0625
14.794150829315186,-43.9453125
14.798038959503174,-41.50390625
14.801927328109741,-49.31640625
14.80581545829773,-50.29296875
14.809703826904297,-39.55078125
14.814053535461426,-42.48046875
14.817941665649414,-50.78125
14.821830034255981,-50.29296875
14.825718402862549,-44.921875
14.829606771469116,-40.0390625
14.833495140075684,-43.45703125
14.837383270263672,-46.38671875
14.84127163887024,-48.828125
14.845160007476807,-50.78125
14.849048376083374,-46.38671875
14.852936744689941,-45.8984375
14.856825113296509,-56.15234375
14.861051797866821,-67.87109375
14.864940166473389,-66.40625
14.868828535079956,-64.453125
14.872716903686523,-62.5
14.87660527229309,-62.01171875
14.880493879318237,-54.19921875
14.884382247924805,-50.29296875
14.888270616531372,-53.22265625
14.89215898513794,-50.29296875
14.896047353744507,-51.7578125
14.899935722351074,-55.17578125
14.903824090957642,-52.734375
14.908027648925781,-49.8046875
14.911916017532349,-43.45703125
14.915804624557495,-36.1328125
14.919692993164062,-36.1328125
14.92358136177063,-35.64453125
14.927469968795776,-34.66796875
14.931358337402344,-35.15625
14.93524694442749,-29.78515625
14.939135313034058,-27.83203125
14.943023681640625,-30.76171875
14.946912288665771,-30.2734375
14.950800657272339,-20.5078125
14.954989671707153,-14.6484375
14.9588782787323,-24.90234375
14.962766885757446,-30.2734375
14.966655492782593,-28.80859375
14.97054386138916,-27.34375
14.974432468414307,-24.90234375
14.978321075439453,-23.92578125
14.98220944404602,-27.83203125
14.986098051071167,-38.0859375
14.989986658096313,-45.8984375
14.99387502670288,-44.43359375
14.997763633728027,-36.1328125
15.002048015594482,-28.80859375
15.005936622619629,-30.76171875
15.009825229644775,-26.3671875
15.013713836669922,-19.04296875
15.017602443695068,-20.5078125
15.021491050720215,-22.94921875
15.025379657745361,-25.87890625
15.029268264770508,-29.78515625
15.033156871795654,-28.80859375
15.0370454788208,-29.296875
15.040934085845947,-26.3671875
15.044822692871094,-24.4140625
15.04920244216919,-30.2734375
15.053091049194336,-29.296875
15.056979894638062,-25.87890625
15.060868501663208,-20.5078125
15.064757347106934,-20.99609375
15.06864595413208,-29.78515625
15.072534799575806,-31.25
15.076423406600952,-28.3203125
15.080312252044678,-30.76171875
15.084200859069824,-33.69140625
15.08808970451355,-37.59765625
15.091978311538696,-35.64453125
15.096230745315552,-26.3671875
15.100119590759277,-23.92578125
15.104008436203003,-24.4140625
15.107897281646729,-25.390625
15.111786127090454,-34.66796875
15.1156747341156,-33.69140625
15.119563579559326,-32.71484375
15.123452425003052,-37.59765625
15.127341270446777,-35.64453125
15.131230115890503,-37.109375
15.13511872291565,-43.45703125
15.139007568359375,-43.9453125
15.143243312835693,-41.50390625
15.147132158279419,-36.62109375
15.151021003723145,-40.52734375
15.15490984916687,-41.50390625
15.158798694610596,-41.9921875
15.162687540054321,-42.48046875
15.166576385498047,-37.109375
15.170465469360352,-38.0859375
15.174354314804077,-42.48046875
15.178243160247803,-44.921875
15.182132005691528,-39.0625
15.186020851135254,-40.0390625
15.190242052078247,-43.45703125
15.194130897521973,-41.50390625
15.198019981384277,-40.0390625
15.201908826828003,-36.62109375
15.205797672271729,-35.64453125
15.209686756134033,-38.57421875
15.213575601577759,-41.50390625
15.217464685440063,-41.9921875
15.221353530883789,-45.41015625
15.225242614746094,-52.734375
15.22913146018982,-50.29296875
15.233020305633545,-47.8515625
15.237343072891235,-52.24609375
15.24123215675354,-61.03515625
15.245121240615845,-66.40625
15.24901032447815,-60.546875
15.252899408340454,-59.5703125
15.25678825378418,-61.5234375
15.260677337646484,-56.640625
15.264566421508789,-52.734375
15.268455505371094,-59.08203125
15.272344589233398,-62.98828125
15.276233434677124,-60.05859375
15.280122518539429,-53.7109375
15.284318208694458,-42.96875
15.288207292556763,-45.41015625
15.292096614837646,-48.33984375
15.295985698699951,-44.921875
15.299874782562256,-50.29296875
15.30376386642456,-53.22265625
15.307652950286865,-50.29296875
15.31154203414917,-46.38671875
15.315431118011475,-37.109375
15.31932020187378,-34.1796875
15.323209285736084,-40.52734375
15.327098369598389,-41.50390625
15.331279039382935,-39.0625
15.33516812324524,-40.0390625
15.339057207107544,-37.109375
15.342946529388428,-29.296875
15.346835613250732,-29.296875
15.350724697113037,-36.62109375
15.354614019393921,-39.0625
15.358503103256226,-36.62109375
15.36239218711853,-36.1328125
15.366281270980835,-38.0859375
15.370170593261719,-37.59765625
15.374059677124023,-45.41015625
15.378232717514038,-56.15234375
15.382121801376343,-44.43359375
15.386011123657227,-26.85546875
15.38990044593811,-23.92578125
15.393789529800415,-28.80859375
15.397678852081299,-28.3203125
15.401567935943604,-20.01953125
15.405457258224487,-17.08984375
15.409346342086792,-19.53125
15.413235664367676,-17.08984375
15.41712498664856,-16.6015625
15.421014070510864,-11.71875
15.42527461051941,-0.48828125
15.429163932800293,-2.9296875
15.433053255081177,-7.32421875
15.43694257736206,-11.71875
15.440831899642944,-10.7421875
15.444721221923828,-6.8359375
15.448610544204712,-8.30078125
15.452499866485596,-12.6953125
15.4563889503479,-14.6484375
15.460278272628784,-13.18359375
15.464167594909668,-10.7421875
15.468056917190552,-11.71875
15.472410202026367,-16.6015625
15.47629976272583,-19.04296875
15.480189085006714,-28.80859375
15.484078407287598,-29.78515625
15.48796796798706,-21.97265625
15.491857290267944,-20.5078125
15.495746612548828,-22.94921875
15.499635934829712,-21.484375
15.503525495529175,-15.625
15.507414817810059,-12.6953125
15.511304140090942,-13.18359375
15.515193700790405,-16.11328125
15.519421577453613,-20.99609375
15.523311138153076,-20.99609375
15.52720046043396,-14.6484375
15.531090021133423,-13.671875
15.534979581832886,-21.484375
15.53886890411377,-26.3671875
15.542758464813232,-24.90234375
15.546647787094116,-29.78515625
15.550537347793579,-34.1796875
15.554426908493042,-29.296875
15.558316230773926,-20.99609375
15.562205791473389,-20.5078125
15.566417932510376,-26.85546875
15.570307493209839,-26.85546875
15.574197053909302,-26.85546875
15.578086614608765,-28.80859375
15.581976175308228,-29.78515625
15.58586573600769,-33.203125
15.589755058288574,-26.85546875
15.593644618988037,-28.3203125
15.5975341796875,-37.109375
15.601423740386963,-27.83203125
15.605313301086426,-24.4140625
15.609202861785889,-28.3203125
15.613508939743042,-25.390625
15.617398500442505,-22.4609375
15.621288299560547,-23.4375
15.62517786026001,-27.83203125
15.629067420959473,-28.3203125
15.632956981658936,-30.2734375
15.636846780776978,-30.2734375
15.64073634147644,-32.71484375
15.644625902175903,-32.71484375
15.648515462875366,-24.90234375
15.652405023574829,-18.06640625
15.656294822692871,-12.20703125
15.660585641860962,-10.7421875
15.664475440979004,-13.18359375
15.668365001678467,-18.06640625
15.672254800796509,-26.3671875
15.676144361495972,-28.80859375
15.680034160614014,-13.671875
15.683923959732056,-9.27734375
15.687813520431519,-11.71875
15.69170331954956,-13.18359375
15.695592880249023,-15.625
15.699482679367065,-15.625
15.703372478485107,-12.20703125
15.707553148269653,-9.765625
15.711442947387695,-15.625
15.715332746505737,-15.625
15.7192223072052,-13.18359375
15.723112106323242,-3.41796875
15.727001905441284,0.48828125
15.730891704559326,0.48828125
15.734781503677368,3.41796875
15.73867130279541,-1.953125
15.742560863494873,-12.20703125
15.746450662612915,-8.30078125
15.750340461730957,0.0
15.754499673843384,-6.8359375
15.758389472961426,-10.7421875
15.762279272079468,-8.7890625
15.76616907119751,-9.765625
15.770058870315552,-16.6015625
15.773948669433594,-14.6484375
15.777838468551636,-8.7890625
15.781728267669678,-10.25390625
15.78561806678772,-12.20703125
15.789507865905762,-15.13671875
15.793397665023804,-18.5546875
15.797287702560425,-17.08984375
15.801539421081543,-22.4609375
15.805429220199585,-31.73828125
15.809319257736206,-28.80859375
15.813209056854248,-29.296875
15.81709885597229,-28.80859375
15.820988893508911,-26.3671875
15.824878692626953,-26.3671875
15.828768730163574,-20.5078125
15.832658529281616,-20.99609375
15.836548328399658,-20.99609375
15.84043836593628,-25.390625
15.844328165054321,-30.2734375
15.84856653213501,-19.53125
15.852456331253052,-16.11328125
15.856346368789673,-23.4375
15.860236406326294,-27.34375
15.864126205444336,-19.53125
15.868016242980957,-16.6015625
15.871906280517578,-24.90234375
15.87579607963562,-28.80859375
15.879686117172241,-14.6484375
15.883576154708862,-9.765625
15.887465953826904,-22.94921875
15.891355991363525,-24.90234375
15.895684242248535,-29.78515625
15.899574279785156,-34.1796875
15.903464317321777,-24.4140625
15.907354354858398,-31.25
15.91124439239502,-43.45703125
15.91513442993164,-46.38671875
15.919024467468262,-45.41015625
15.922914505004883,-46.875
15.926804542541504,-52.24609375
15.930694818496704,-53.22265625
15.934584856033325,-52.734375
15.938474893569946,-49.8046875
15.942680358886719,-48.828125
15.94657039642334,-52.734375
15.95046067237854,-55.17578125
15.954350709915161,-48.828125
15.958240747451782,-46.875
15.962131023406982,-52.734375
15.966021060943604,-56.15234375
15.969911098480225,-57.12890625
15.973801374435425,-52.24609375
15.977691411972046,-48.33984375
15.981581449508667,-50.29296875
15.985471725463867,-52.24609375
15.989668607711792,-49.31640625
15.993558883666992,-47.36328125
15.997448921203613,-42.48046875
16.001339197158813,-35.15625
16.005229473114014,-33.203125
16.009119510650635,-30.76171875
16.013009786605835,-32.71484375
16.016899824142456,-37.59765625
16.020790100097656,-36.1328125
16.024680376052856,-39.0625
16.028570413589478,-39.55078125
16.032460689544678,-35.15625
16.036635875701904,-31.73828125
16.040526151657104,-33.69140625
16.044416427612305,-32.2265625
16.048306703567505,-27.83203125
16.052196979522705,-28.80859375
16.056087255477905,-26.85546875
16.059977293014526,-34.66796875
16.063867568969727,-37.109375
16.067757844924927,-26.3671875
16.071648120880127,-24.90234375
16.075538396835327,-24.90234375
16.07942843437195,-26.85546875
16.08369731903076,-29.296875
16.08758783340454,-27.34375
16.09147810935974,-23.92578125
16.09536838531494,-23.92578125
16.09925866127014,-24.90234375
16.103148937225342,-22.94921875
16.107039213180542,-28.3203125
16.110929489135742,-33.203125
16.11482000350952,-28.3203125
16.11871027946472,-22.94921875
16.122600555419922,-24.90234375
16.126490831375122,-27.34375
16.13084864616394,-25.390625
16.13473916053772,-22.94921875
16.13862943649292,-22.4609375
16.1425199508667,-24.90234375
16.1464102268219,-28.3203125
16.15030074119568,-23.4375
16.15419101715088,-15.13671875
16.158081531524658,-19.04296875
16.16197180747986,-24.90234375
16.165862321853638,-22.4609375
16.169752597808838,-20.99609375
16.173643112182617,-24.90234375
16.177879095077515,-22.94921875
16.181769609451294,-18.5546875
16.185660123825073,-16.6015625
16.189550399780273,-17.08984375
16.193440914154053,-18.06640625
16.197331428527832,-15.625
16.20122194290161,-15.625
16.20511245727539,-20.5078125
16.20900297164917,-15.625
16.21289324760437,-13.18359375
16.21678376197815,-20.99609375
16.22067427635193,-21.484375
16.224895238876343,-18.5546875
16.2287859916687,-21.97265625
16.23267650604248,-25.390625
16.23656702041626,-34.1796875
16.24045753479004,-34.66796875
16.24434804916382,-19.53125
16.248238563537598,-10.7421875
16.252129077911377,-10.25390625
16.256019592285156,-19.04296875
16.259910106658936,-20.5078125
16.263800859451294,-9.27734375
16.267691373825073,-1.953125
16.271897315979004,-4.8828125
16.275787830352783,-11.71875
16.27967858314514,-12.20703125
16.28356909751892,-5.859375
16.2874596118927,-10.25390625
16.29135036468506,-20.5078125
16.295240879058838,-20.5078125
16.299131393432617,-17.08984375
16.303022146224976,-17.08984375
16.306912660598755,-17.08984375
16.310803413391113,-19.04296875
16.314693927764893,-13.18359375
16.31899094581604,-10.25390625
16.3228816986084,-22.94921875
16.326772212982178,-25.87890625
16.330662965774536,-21.97265625
16.334553718566895,-24.4140625
16.338444471359253,-25.390625
16.342334985733032,-28.80859375
16.34622573852539,-31.73828125
16.35011649131775,-28.80859375
16.35400700569153,-23.4375
16.357897758483887,-23.92578125
16.361788511276245,-21.484375
16.36597228050232,-22.4609375
16.369863033294678,-27.34375
16.373753786087036,-26.3671875
16.377644538879395,-22.4609375
16.381535291671753,-24.4140625
16.38542604446411,-31.25
16.38931679725647,-34.66796875
16.393207550048828,-33.69140625
16.397098302841187,-34.1796875
16.400989055633545,-36.62109375
16.404879808425903,-30.76171875
16.40877056121826,-26.85546875
16.41293978691101,-33.203125
16.41683053970337,-35.15625
16.420721292495728,-32.71484375
16.424612045288086,-35.64453125
16.428502798080444,-38.0859375
16.432393550872803,-32.71484375
16.43628454208374,-32.71484375
16.4401752948761,-33.203125
16.444066047668457,-36.62109375
16.447956800460815,-41.015625
16.451847553253174,-33.69140625
16.45573854446411,-31.73828125
16.459893226623535,-34.1796875
16.463784217834473,-25.87890625
16.46767497062683,-20.99609375
16.47156596183777,-24.90234375
16.475456714630127,-29.78515625
16.479347467422485,-28.80859375
16.483238458633423,-28.3203125
16.48712921142578,-33.69140625
16.49102020263672,-39.0625
16.494910955429077,-39.0625
16.498801708221436,-34.1796875
16.502692699432373,-32.2265625
16.506937265396118,-25.87890625
16.510828018188477,-26.85546875
16.514719009399414,-34.1796875
16.51861000061035,-33.203125
16.52250075340271,-36.1328125
16.526391744613647,-38.0859375
16.530282735824585,-33.69140625
16.534173488616943,-29.78515625
16.53806447982788,-27.34375
16.54195547103882,-28.3203125
16.545846462249756,-27.83203125
16.549737215042114,-28.3203125
16.554069995880127,-35.15625
16.557960987091064,-36.1328125
16.561851978302002,-28.3203125
16.56574296951294,-31.25
16.569633960723877,-41.015625
16.573524951934814,-37.109375
16.577415943145752,-31.73828125
16.58130693435669,-29.78515625
16.585197925567627,-26.3671875
16.589088916778564,-27.34375
16.592979907989502,-26.3671875
16.59687089920044,-26.85546875
16.60108494758606,-30.76171875
16.604976177215576,-24.90234375
16.608867168426514,-17.08984375
16.61275815963745,-23.92578125
16.616649389266968,-24.4140625
16.620540380477905,-20.5078125
16.624431371688843,-25.87890625
16.62832260131836,-31.73828125
16.632213592529297,-25.87890625
16.636104583740234,-23.4375
16.63999581336975,-27.34375
16.64388680458069,-30.2734375
16.648086071014404,-41.015625
16.65197730064392,-48.33984375
16.65586829185486,-58.10546875
16.659759521484375,-63.4765625
16.663650512695312,-62.98828125
16.66754174232483,-56.15234375
16.671432971954346,-47.36328125
16.675323963165283,-47.36328125
16.6792151927948,-50.78125
16.683106184005737,-51.7578125
16.686997413635254,-46.38671875
16.69088840484619,-46.38671875
16.695074558258057,-51.7578125
16.698965549468994,-52.734375
16.70285677909851,-43.45703125
16.706748008728027,-34.66796875
16.710639238357544,-34.1796875
16.71453046798706,-34.1796875
16.718421697616577,-33.69140625
16.722312688827515,-37.59765625
16.72620391845703,-38.0859375
16.730095148086548,-31.25
16.733986377716064,-32.2265625
16.73787760734558,-40.52734375
16.742151021957397,-41.50390625
16.746042251586914,-36.62109375
16.74993348121643,-38.57421875
16.753824710845947,-37.59765625
16.757715940475464,-31.73828125
16.76160717010498,-35.64453125
16.765498638153076,-37.59765625
16.769389867782593,-35.15625
16.77328109741211,-41.50390625
16.777172327041626,-38.57421875
16.781063556671143,-32.71484375
16.78495478630066,-40.0390625
16.789111137390137,-46.875
16.793002367019653,-43.45703125
16.79689383506775,-32.2265625
16.800785064697266,-32.71484375
16.804676294326782,-33.203125
16.808567762374878,-28.3203125
16.812458992004395,-34.66796875
16.81635022163391,-36.62109375
16.820241689682007,-30.76171875
16.824132919311523,-33.203125
16.82802414894104,-30.2734375
16.831915616989136,-24.4140625
16.836060047149658,-20.99609375
16.839951515197754,-17.578125
16.84384298324585,-17.08984375
16.847734212875366,-19.53125
16.851625680923462,-24.90234375
16.85551691055298,-30.76171875
16.859408378601074,-33.69140625
16.86329960823059,-36.62109375
16.867191076278687,-28.3203125
16.871082544326782,-24.4140625
16.8749737739563,-31.25
16.878865242004395,-28.80859375
16.88300108909607,-27.34375
16.886892557144165,-30.2734375
16.89078402519226,-38.0859375
16.894675493240356,-39.55078125
16.898566722869873,-39.55078125
16.90245819091797,-37.109375
16.906349658966064,-26.85546875
16.91024112701416,-27.34375
16.914132356643677,-33.203125
16.918023824691772,-38.0859375
16.921915292739868,-41.015625
16.925806760787964,-42.48046875
16.93002939224243,-39.55078125
16.933920860290527,-29.78515625
16.937812328338623,-28.80859375
16.94170379638672,-28.80859375
16.945595264434814,-21.484375
16.94948673248291,-29.296875
16.953378200531006,-29.296875
16.9572696685791,-20.5078125
16.961161136627197,-21.97265625
16.965052604675293,-29.296875
16.96894407272339,-35.15625
16.972835540771484,-30.76171875
16.977145671844482,-25.390625
16.981037378311157,-26.3671875
16.984928846359253,-31.73828125
16.98882031440735,-26.3671875
16.992712020874023,-20.99609375
16.99660348892212,-28.80859375
17.000494956970215,-30.76171875
17.00438666343689,-24.4140625
17.008278131484985,-28.80859375
17.01216959953308,-32.2265625
17.016061305999756,-33.69140625
17.01995277404785,-30.76171875
17.024147272109985,-30.76171875
17.02803874015808,-31.73828125
17.031930446624756,-28.3203125
17.03582191467285,-32.71484375
17.039713621139526,-28.80859375
17.0436053276062,-32.71484375
17.047496795654297,-38.0859375
17.05138850212097,-29.296875
17.055279970169067,-30.76171875
17.059171676635742,-27.34375
17.063063383102417,-22.94921875
17.066954851150513,-30.76171875
17.07113528251648,-36.1328125
17.075026750564575,-32.71484375
17.07891845703125,-29.78515625
17.082810163497925,-26.85546875
17.0867018699646,-27.34375
17.090593576431274,-35.64453125
17.09448528289795,-41.50390625
17.098376750946045,-39.0625
17.10226845741272,-35.64453125
17.106160163879395,-36.1328125
17.11005187034607,-33.69140625
17.113943576812744,-32.71484375
17.118109941482544,-39.55078125
17.12200164794922,-37.59765625
17.125893354415894,-37.109375
17.12978506088257,-40.0390625
17.133676767349243,-31.73828125
17.137568473815918,-31.73828125
17.141460418701172,-35.15625
17.145352125167847,-37.59765625
17.14924383163452,-45.8984375
17.153135538101196,-42.96875
17.15702724456787,-28.3203125
17.160918951034546,-22.94921875
17.165172338485718,-21.97265625
17.169064044952393,-25.87890625
17.172955989837646,-35.15625
17.17684769630432,-36.1328125
17.180739402770996,-39.55078125
17.18463134765625,-34.1796875
17.188523054122925,-31.73828125
17.1924147605896,-37.59765625
17.196306705474854,-32.2265625
17.20019841194153,-20.99609375
17.204090118408203,-16.6015625
17.207982063293457,-19.53125
17.212119579315186,-20.99609375
17.21601152420044,-20.99609375
17.219903230667114,-21.97265625
17.223795175552368,-19.53125
17.227687120437622,-24.90234375
17.231578826904297,-29.78515625
17.23547077178955,-20.5078125
17.239362478256226,-22.4609375
17.24325442314148,-36.62109375
17.247146129608154,-35.15625
17.251038074493408,-25.390625
17.254929780960083,-25.87890625
17.259154796600342,-22.4609375
17.263046503067017,-20.5078125
17.26693844795227,-23.92578125
17.270830392837524,-21.97265625
17.27472233772278,-19.53125
17.278614282608032,-23.4375
17.282506227493286,-26.85546875
17.28639793395996,-24.4140625
17.290289878845215,-26.85546875
17.29418182373047,-26.3671875
17.298073768615723,-18.06640625
17.301965713500977,-15.625
17.306175708770752,-14.16015625
17.310067653656006,-13.671875
17.31395983695984,-10.7421875
17.317851781845093,-12.6953125
17.321743726730347,-12.6953125
17.3256356716156,-1.953125
17.329527616500854,0.9765625
17.33341956138611,5.859375
17.337311506271362,5.37109375
17.341203451156616,-4.8828125
17.34509539604187,-6.8359375
17.348987340927124,-6.34765625
17.353185176849365,-3.90625
17.35707712173462,-5.37109375
17.360969305038452,-11.71875
17.364861249923706,-9.765625
17.36875319480896,-1.953125
17.372645378112793,0.0
17.376537322998047,-2.9296875
17.3804292678833,1.953125
17.384321451187134,6.8359375
17.388213396072388,-3.41796875
17.39210534095764,-1.46484375
17.395997524261475,1.46484375
17.400279760360718,-4.8828125
17.40417170524597,-6.8359375
17.408063888549805,-3.41796875
17.41195583343506,1.953125
17.41584801673889,1.46484375
17.419740200042725,-4.39453125
17.42363214492798,-1.953125
17.42752432823181,-1.46484375
17.431416273117065,-2.44140625
17.4353084564209,0.0
17.43920063972473,-4.39453125
17.443092584609985,2.44140625
17.447260856628418,15.13671875
17.45115303993225,9.765625
17.455045223236084,4.39453125
17.458937168121338,4.8828125
17.46282935142517,3.41796875
17.466721534729004,7.32421875
17.470613718032837,5.859375
17.47450590133667,2.9296875
17.478398084640503,5.37109375
17.482290029525757,4.8828125
17.48618221282959,3.41796875
17.490074396133423,-3.90625
17.494229078292847,-9.765625
17.49812126159668,-1.46484375
17.502013444900513,5.859375
17.505905628204346,0.48828125
17.50979781150818,3.90625
17.51368999481201,13.671875
17.517582178115845,10.25390625
17.521474361419678,9.27734375
17.52536654472351,7.8125
17.529258728027344,5.859375
17.533150911331177,9.27734375
17.53704309463501,7.8125
17.541184186935425,12.6953125
17.545076370239258,14.16015625
17.54896855354309,6.34765625
17.552860975265503,4.8828125
17.556753158569336,2.44140625
17.56064534187317,4.39453125
17.564537525177002,13.671875
17.568429946899414,13.18359375
17.572322130203247,12.20703125
17.57621431350708,12.6953125
17.580106496810913,7.8125
17.583998680114746,0.48828125
17.588225603103638,0.48828125
17.59211778640747,-0.48828125
17.596010208129883,-0.9765625
17.599902391433716,6.8359375
17.603794813156128,3.41796875
17.60768699645996,-6.8359375
17.611579418182373,0.0
17.615471601486206,0.9765625
17.619364023208618,-6.34765625
17.62325620651245,-6.34765625
17.627148628234863,-10.7421875
17.631040811538696,-14.16015625
17.63516092300415,-15.625
17.639053344726562,-16.11328125
17.642945528030396,-19.53125
17.646837949752808,-20.01953125
17.65073037147522,-17.08984375
17.654622793197632,-18.06640625
17.658514976501465,-13.671875
17.662407398223877,-13.18359375
17.66629981994629,-16.11328125
17.670192003250122,-18.06640625
17.674084424972534,-20.5078125
17.677976846694946,-17.08984375
17.682182550430298,-19.04296875
17.68607497215271,-23.92578125
17.689967393875122,-20.5078125
17.693859577178955,-18.06640625
17.697751998901367,-17.08984375
17.70164442062378,-20.01953125
17.70553684234619,-23.4375
17.709429264068604,-19.53125
17.713321685791016,-15.625
17.717214107513428,-20.99609375
17.72110652923584,-23.4375
17.724998950958252,-17.08984375
17.7291898727417,-16.11328125
17.73308229446411,-17.578125
17.736974716186523,-28.3203125
17.740867137908936,-33.203125
17.744759559631348,-27.34375
17.74865221977234,-19.53125
17.75254464149475,-14.6484375
17.756437063217163,-22.94921875
17.760329484939575,-21.97265625
17.764221906661987,-16.6015625
17.7681143283844,-28.80859375
17.77200675010681,-27.83203125
17.77618384361267,-15.625
17.780076265335083,-17.08984375
17.783968687057495,-17.08984375
17.787861347198486,-15.625
17.7917537689209,-14.6484375
17.79564619064331,-22.4609375
17.7995388507843,-20.5078125
17.803431272506714,-7.8125
17.807323932647705,-13.671875
17.811216354370117,-20.5078125
17.81510877609253,-20.01953125
17.81900143623352,-20.5078125
17.8232638835907,-20.99609375
17.82715630531311,-20.99609375
17.8310489654541,-22.94921875
17.834941625595093,-25.390625
17.838834047317505,-24.90234375
17.842726707458496,-24.4140625
17.846619367599487,-28.80859375
17.8505117893219,-26.3671875
17.85440444946289,-23.4375
17.858297109603882,-28.80859375
17.862189769744873,-34.66796875
17.866082191467285,-33.69140625
17.870231866836548,-29.296875
17.87412428855896,-34.66796875
17.87801694869995,-37.109375
17.881909608840942,-32.2265625
17.885802268981934,-24.4140625
17.889694929122925,-26.85546875
17.893587589263916,-31.73828125
17.897480249404907,-26.85546875
17.90137267112732,-25.390625
17.90526533126831,-27.83203125
17.9091579914093,-33.69140625
17.913050651550293,-38.0859375
17.917187213897705,-32.2265625
17.921079874038696,-28.80859375
17.924972534179688,-33.69140625
17.92886519432068,-32.2265625
17.93275809288025,-24.4140625
17.93665075302124,-27.34375
17.94054341316223,-33.203125
17.944436073303223,-32.2265625
17.948328733444214,-34.66796875
17.952221393585205,-27.34375
17.956114053726196,-24.4140625
17.960006713867188,-37.109375
17.964136838912964,-41.015625
17.968029499053955,-36.1328125
17.971922397613525,-35.15625
17.975815057754517,-39.55078125
17.979707717895508,-40.0390625
17.9836003780365,-39.55078125
17.98749327659607,-46.875
17.99138593673706,-51.26953125
17.99527859687805,-44.921875
17.999171257019043,-47.8515625
18.003064155578613,-45.8984375
18.006956815719604,-38.0859375
18.011170148849487,-40.0390625
18.015063047409058,-44.921875
18.01895570755005,-48.828125
18.02284860610962,-46.38671875
18.02674126625061,-43.9453125
18.03063416481018,-48.828125
18.034526824951172,-58.59375
18.038419723510742,-60.546875
18.042312383651733,-58.10546875
18.046205282211304,-56.15234375
18.050097942352295,-53.7109375
18.053990840911865,-55.17578125
18.058281898498535,-52.24609375
18.062174797058105,-50.29296875
18.066067695617676,-50.78125
18.069960594177246,-48.33984375
18.073853254318237,-49.31640625
18.077746152877808,-49.8046875
18.081639051437378,-48.33984375
18.08553194999695,-48.828125
18.08942461013794,-50.78125
18.09331750869751,-47.8515625
18.09721040725708,-43.9453125
18.10110330581665,-52.734375
18.10528254508972,-64.94140625
18.109175443649292,-73.2421875
18.113068342208862,-79.58984375
18.116961240768433,-79.1015625
18.120854139328003,-79.58984375
18.124747037887573,-83.0078125
18.128639936447144,-88.37890625
18.132532835006714,-90.33203125
18.136425733566284,-87.890625
18.140318632125854,-84.9609375
18.144211530685425,-85.44921875
18.148104429244995,-91.30859375
18.152270793914795,-88.8671875
18.156163692474365,-82.51953125
18.160056591033936,-83.0078125
18.163949489593506,-82.51953125
18.167842388153076,-83.984375
18.171735525131226,-88.8671875
18.175628423690796,-85.44921875
18.179521322250366,-82.03125
18.183414220809937,-81.0546875
18.187307357788086,-80.56640625
18.191200256347656,-77.63671875
18.195093154907227,-65.91796875
18.199246406555176,-57.6171875
18.203139305114746,-61.03515625
18.207032203674316,-62.5
18.210925340652466,-60.546875
18.214818239212036,-64.453125
18.218711376190186,-70.3125
18.222604274749756,-66.40625
18.226497173309326,-62.98828125
18.230390310287476,-67.3828125
18.234283208847046,-68.84765625
18.238176345825195,-63.4765625
18.242069244384766,-63.4765625
18.246304035186768,-72.75390625
18.250197172164917,-71.77734375
18.254090070724487,-59.5703125
18.257983207702637,-45.8984375
18.261876344680786,-47.8515625
18.265769243240356,-56.15234375
18.269662380218506,-56.15234375
18.273555517196655,-54.6875
18.277448415756226,-61.03515625
18.281341552734375,-66.89453125
18.285234689712524,-63.96484375
18.289127826690674,-63.96484375
18.29325532913208,-68.359375
18.29714846611023,-67.87109375
18.30104160308838,-65.91796875
18.30493450164795,-66.40625
18.3088276386261,-62.5
18.312720775604248,-59.08203125
18.316613912582397,-60.05859375
18.320507049560547,-57.6171875
18.324400186538696,-63.4765625
18.328293323516846,-63.96484375
18.332186222076416,-53.7109375
18.336079359054565,-55.6640625
18.340192556381226,-61.03515625
18.344085693359375,-61.5234375
18.347979068756104,-61.03515625
18.351872205734253,-61.5234375
18.355765342712402,-59.5703125
18.35965847969055,-57.6171875
18.3635516166687,-61.03515625
18.36744475364685,-63.4765625
18.371337890625,-61.03515625
18.37523102760315,-54.6875
18.3791241645813,-52.734375
18.38301730155945,-52.734375
18.387124061584473,-51.26953125
18.391017198562622,-53.7109375
18.39491033554077,-60.546875
18.39880347251892,-63.96484375
18.40269660949707,-51.26953125
18.40658974647522,-46.38671875
18.41048312187195,-49.8046875
18.414376258850098,-53.22265625
18.418269395828247,-53.22265625
18.422162532806396,-47.36328125
18.426055669784546,-43.45703125
18.429949045181274,-46.38671875
18.434144496917725,-49.31640625
18.438037872314453,-48.33984375
18.441931009292603,-46.875
18.44582438468933,-50.78125
18.44971752166748,-56.15234375
18.45361065864563,-58.10546875
18.45750403404236,-58.10546875
18.461397171020508,-52.734375
18.465290546417236,-52.24609375
18.469183683395386,-51.7578125
18.473076820373535,-47.36328125
18.476970195770264,-48.828125
18.4812433719635,-50.29296875
18.48513674736023,-50.29296875
18.48902988433838,-54.19921875
18.492923259735107,-61.03515625
18.496816635131836,-63.96484375
18.500709772109985,-57.6171875
18.504603147506714,-47.8515625
18.508496522903442,-52.24609375
18.51238989830017,-61.5234375
18.51628303527832,-54.6875
18.52017641067505,-45.8984375
18.524069786071777,-44.921875
18.528231620788574,-55.17578125
18.532124996185303,-60.05859375
18.53601837158203,-52.734375
18.53991174697876,-52.24609375
18.54380512237549,-53.7109375
18.547698497772217,-50.78125
18.551591873168945,-49.8046875
18.555485248565674,-49.8046875
18.559378385543823,-46.875
18.56327176094055,-47.8515625
18.56716513633728,-51.7578125
18.57105851173401,-54.6875
18.57520818710327,-55.17578125
18.57910180091858,-52.734375
18.582995176315308,-51.7578125
18.586888551712036,-52.734375
18.590781927108765,-49.31640625
18.594675302505493,-47.36328125
18.59856867790222,-54.19921875
18.60246205329895,-53.7109375
18.60635542869568,-52.734375
18.610248804092407,-55.17578125
18.614142179489136,-51.7578125
18.618035793304443,-49.8046875
18.622172117233276,-43.45703125
18.626065731048584,-39.0625
18.629959106445312,-41.015625
18.63385248184204,-44.43359375
18.63774585723877,-50.29296875
18.641639471054077,-55.17578125
18.645532846450806,-59.08203125
18.649426221847534,-58.10546875
18.653319835662842,-52.24609375
18.65721321105957,-45.41015625
18.6611065864563,-44.921875
18.664999961853027,-46.875
18.669217348098755,-47.36328125
18.673110723495483,-56.640625
18.67700433731079,-56.15234375
18.68089771270752,-44.921875
18.684791326522827,-35.15625
18.688684701919556,-34.66796875
18.692578315734863,-36.62109375
18.696471691131592,-35.64453125
18.7003653049469,-41.50390625
18.704258680343628,-46.38671875
18.708152294158936,-43.45703125
18.712045669555664,-41.50390625
18.716155767440796,-40.52734375
18.720049381256104,-40.0390625
18.72394299507141,-39.55078125
18.72783637046814,-42.48046875
18.731729984283447,-50.29296875
18.735623598098755,-54.6875
18.739516973495483,-53.7109375
18.74341058731079,-45.41015625
18.7473042011261,-40.0390625
18.751197576522827,-39.55078125
18.755091190338135,-41.50390625
18.758984804153442,-48.33984375
18.76308250427246,-49.31640625
18.76697587966919,-49.8046875
18.770869493484497,-54.19921875
18.774763107299805,-54.6875
18.778656721115112,-47.8515625
18.78255033493042,-44.43359375
18.786443948745728,-45.8984375
18.790337324142456,-50.78125
18.794230937957764,-50.78125
18.79812455177307,-46.875
18.80201816558838,-46.38671875
18.805911779403687,-42.48046875
18.81009006500244,-41.015625
18.81398367881775,-40.0390625
18.817877292633057,-41.9921875
18.821770906448364,-42.48046875
18.825664520263672,-40.0390625
18.82955813407898,-44.43359375
18.833451747894287,-50.29296875
18.837345361709595,-53.22265625
18.841238975524902,-54.19921875
18.84513258934021,-51.26953125
18.849026203155518,-46.38671875
18.852919816970825,-42.48046875
18.857086896896362,-42.96875
18.86098051071167,-39.55078125
18.864874124526978,-36.62109375
18.868767738342285,-40.52734375
18.872661590576172,-40.52734375
18.87655520439148,-41.015625
18.880448818206787,-44.43359375
18.884342432022095,-44.921875
18.88823628425598,-35.64453125
18.89212989807129,-29.296875
18.896023511886597,-36.62109375
18.899917125701904,-37.109375
18.904162883758545,-38.57421875
18.908056497573853,-41.015625
18.91195034980774,-40.52734375
18.915843963623047,-46.875
18.919737815856934,-46.38671875
18.92363166809082,-41.50390625
18.927525281906128,-40.52734375
18.931419134140015,-51.26953125
18.935312747955322,-49.8046875
18.93920660018921,-42.96875
18.943100214004517,-47.8515625
18.946994066238403,-44.43359375
18.951133012771606,-52.734375
18.955026865005493,-62.01171875
18.9589204788208,-62.98828125
18.962814331054688,-59.08203125
18.966708183288574,-54.6875
18.970601797103882,-55.17578125
18.97449564933777,-53.7109375
18.978389501571655,-59.08203125
18.982283353805542,-59.08203125
18.98617696762085,-51.26953125
18.990070819854736,-58.10546875
18.993964672088623,-63.4765625
18.998098611831665,-60.05859375
19.00199246406555,-53.7109375
19.00588631629944,-53.22265625
19.009780168533325,-58.10546875
19.013673782348633,-58.10546875
19.01756763458252,-59.08203125
19.021461486816406,-59.08203125
19.025355339050293,-60.05859375
19.02924919128418,-67.87109375
19.033143043518066,-64.453125
19.037036895751953,-59.08203125
19.04093074798584,-59.5703125
19.04505181312561,-57.12890625
19.048945665359497,-59.08203125
19.052839517593384,-61.5234375
19.05673336982727,-63.4765625
19.060627222061157,-69.3359375
19.064521074295044,-64.453125
19.06841492652893,-58.10546875
19.072309017181396,-55.17578125
19.076202869415283,-60.05859375
19.08009672164917,-62.98828125
19.083990573883057,-62.98828125
19.087884426116943,-65.91796875
19.092084169387817,-63.4765625
19.095978021621704,-62.01171875
19.09987211227417,-58.10546875
19.103765964508057,-55.6640625
19.107659816741943,-55.17578125
19.11155366897583,-54.19921875
19.115447759628296,-52.24609375
19.119341611862183,-54.6875
19.12323546409607,-55.6640625
19.127129316329956,-56.640625
19.131023406982422,-51.26953125
19.13491725921631,-54.19921875
19.139012813568115,-61.03515625
19.14290690422058,-63.4765625
19.146800756454468,-64.94140625
19.150694847106934,-66.40625
19.15458869934082,-62.5
19.158482789993286,-54.19921875
19.162376642227173,-50.78125
19.16627049446106,-55.6640625
19.170164585113525,-66.40625
19.174058437347412,-65.4296875
19.177952527999878,-55.6640625
19.181846380233765,-53.22265625
19.186022758483887,-49.8046875
19.189916610717773,-52.734375
19.19381070137024,-60.546875
19.197704792022705,-56.640625
19.201598644256592,-53.22265625
19.205492734909058,-56.640625
19.209386587142944,-62.5
19.21328067779541,-67.87109375
19.217174768447876,-66.89453125
19.221068620681763,-59.5703125
19.22496271133423,-60.05859375
19.228856563568115,-63.96484375
19.23302459716797,-62.5
19.236918687820435,-66.89453125
19.2408127784729,-65.91796875
19.244706630706787,-63.4765625
19.248600721359253,-68.359375
19.25249481201172,-73.2421875
19.256388902664185,-67.87109375
19.26028299331665,-59.08203125
19.264177083969116,-70.80078125
19.268070936203003,-79.1015625
19.27196502685547,-76.66015625
19.275859117507935,-80.078125
19.280014514923096,-74.21875
19.28390860557556,-69.82421875
19.287802696228027,-72.75390625
19.291696786880493,-63.96484375
19.29559087753296,-55.6640625
19.299484968185425,-57.12890625
19.30337905883789,-55.6640625
19.307273149490356,-52.24609375
19.311167240142822,-52.24609375
19.315061330795288,-59.08203125
19.318955421447754,-65.4296875
19.32284951210022,-60.05859375
19.3270845413208,-58.59375
19.330978631973267,-61.03515625
19.334872722625732,-52.734375
19.3387668132782,-53.22265625
19.342661142349243,-68.359375
19.34655523300171,-70.80078125
19.350449323654175,-49.8046875
19.35434341430664,-38.0859375
19.358237743377686,-48.33984375
19.36213183403015,-52.734375
19.366025924682617,-46.875
19.369920015335083,-45.8984375
19.374043226242065,-45.41015625
19.37793731689453,-44.43359375
19.381831407546997,-39.55078125
19.385725736618042,-27.83203125
19.389619827270508,-26.85546875
19.393514156341553,-33.203125
19.39740824699402,-41.9921875
19.401302576065063,-40.52734375
19.40519666671753,-31.25
19.409090757369995,-30.2734375
19.41298508644104,-36.62109375
19.416879177093506,-39.0625
19.420997142791748,-36.62109375
19.424891471862793,-41.50390625
19.42878556251526,-43.9453125
19.432679891586304,-45.41015625
19.43657398223877,-48.33984375
19.440468311309814,-48.33984375
19.44436264038086,-39.55078125
19.448256731033325,-32.71484375
19.45215106010437,-38.0859375
19.456045150756836,-38.57421875
19.45993947982788,-35.15625
19.463833808898926,-39.0625
19.467933177947998,-43.45703125
19.471827507019043,-42.48046875
19.47572159767151,-43.45703125
19.479615926742554,-41.9921875
19.4835102558136,-52.24609375
19.487404584884644,-61.03515625
19.49129867553711,-53.22265625
19.495193004608154,-49.8046875
19.4990873336792,-49.31640625
19.502981424331665,-49.8046875
19.50687575340271,-57.12890625
19.510770082473755,-59.5703125
19.514953136444092,-54.6875
19.518847465515137,-50.78125
19.52274179458618,-53.7109375
19.526636123657227,-50.29296875
19.53053045272827,-56.15234375
19.534424781799316,-58.10546875
19.538318872451782,-46.38671875
19.542213201522827,-50.29296875
19.546107530593872,-52.24609375
19.550001859664917,-49.31640625
19.553896188735962,-49.8046875
19.557790517807007,-48.33984375
19.562045574188232,-47.36328125
19.565940141677856,-53.7109375
19.5698344707489,-57.12890625
19.573728799819946,-50.29296875
19.57762312889099,-58.10546875
19.581517457962036,-62.98828125
19.58541202545166,-54.19921875
19.589306354522705,-55.6640625
19.59320068359375,-60.05859375
19.597095012664795,-58.10546875
19.60098934173584,-62.98828125
19.604883909225464,-67.3828125
19.609035968780518,-71.2890625
19.61293053627014,-75.1953125
19.616824865341187,-75.68359375
19.62071943283081,-75.68359375
19.624613761901855,-73.73046875
19.6285080909729,-73.73046875
19.632402658462524,-78.61328125
19.63629698753357,-77.63671875
19.640191316604614,-71.77734375
19.64408588409424,-70.80078125
19.647980213165283,-66.89453125
19.651874780654907,-68.84765625
19.656014442443848,-71.2890625
19.65990900993347,-68.84765625
19.663803339004517,-66.40625
19.66769790649414,-65.91796875
19.671592473983765,-71.2890625
19.67548680305481,-70.3125
19.679381370544434,-63.96484375
19.68327569961548,-65.4296875
19.687170267105103,-64.94140625
19.691064596176147,-62.01171875
19.69495916366577,-61.03515625
19.698853492736816,-62.98828125
19.70298671722412,-57.6171875
19.706881284713745,-53.7109375
19.71077585220337,-57.12890625
19.714670181274414,-56.15234375
19.718564748764038,-49.8046875
19.722459316253662,-50.29296875
19.726353645324707,-59.08203125
19.73024821281433,-61.03515625
19.734142780303955,-62.98828125
19.73803734779358,-66.89453125
19.741931676864624,-62.5
19.745826244354248,-54.6875
19.75003695487976,-49.31640625
19.753931522369385,-41.9921875
19.75782608985901,-43.9453125
19.761720657348633,-46.38671875
19.765615224838257,-51.26953125
19.76950979232788,-61.5234375
19.773404359817505,-52.734375
19.77729892730713,-48.828125
19.781193494796753,-57.6171875
19.785088062286377,-59.5703125
19.788982629776,-58.10546875
19.792877197265625,-56.640625
19.796979188919067,-64.94140625
19.80087375640869,-61.03515625
19.804768323898315,-56.640625
19.80866289138794,-63.4765625
19.812557458877563,-64.94140625
19.816452026367188,-66.40625
19.82034659385681,-69.3359375
19.824241161346436,-67.87109375
19.82813596725464,-63.96484375
19.832030534744263,-60.05859375
19.835925102233887,-54.6875
19.83981966972351,-52.734375
19.843910217285156,-48.828125
19.84780478477478,-46.38671875
19.851699352264404,-46.875
19.85559391975403,-53.22265625
19.85948872566223,-59.5703125
19.863383293151855,-59.5703125
19.86727786064148,-58.10546875
19.871172428131104,-50.29296875
19.875067234039307,-46.38671875
19.87896180152893,-49.31640625
19.882856369018555,-44.921875
19.88675093650818,-38.0859375
19.890835523605347,-39.55078125
19.89473009109497,-37.109375
19.898624897003174,-34.1796875
19.902519464492798,-41.50390625
19.906414031982422,-42.48046875
19.910308837890625,-36.62109375
19.91420340538025,-33.69140625
19.918097972869873,-32.71484375
19.921992778778076,-32.71484375
19.9258873462677,-31.73828125
19.929782152175903,-24.90234375
19.933676719665527,-16.11328125
19.937838315963745,-15.13671875
19.94173288345337,-21.484375
19.945627689361572,-27.34375
19.949522256851196,-26.85546875
19.9534170627594,-31.73828125
19.957311630249023,-37.109375
19.961206436157227,-27.83203125
19.96510124206543,-26.3671875
19.968995809555054,-31.73828125
19.972890615463257,-36.62109375
19.97678518295288,-38.57421875
19.980679988861084,-36.1328125
19.984917402267456,-34.1796875
19.98881220817566,-33.69140625
19.992707014083862,-29.78515625
19.996601581573486,-25.87890625
20.00049638748169,-31.25
20.004391193389893,-30.76171875
20.008285999298096,-23.4375
20.0121808052063,-28.80859375
20.016075372695923,-28.3203125
20.019970178604126,-18.5546875
20.02386498451233,-20.5078125
20.027759790420532,-15.13671875
20.031896114349365,-9.765625
20.03579092025757,-11.71875
20.03968572616577,-8.30078125
20.043580532073975,-13.18359375
20.047475337982178,-20.01953125
20.05137014389038,-17.08984375
20.055264949798584,-16.6015625
20.059159755706787,-20.99609375
20.06305456161499,-20.99609375
20.066949367523193,-16.6015625
20.070844173431396,-19.04296875
20.0747389793396,-23.92578125
20.0788631439209,-26.85546875
20.0827579498291,-24.90234375
20.086652755737305,-21.484375
20.090547561645508,-28.3203125
20.09444260597229,-38.57421875
20.098337411880493,-33.69140625
20.102232217788696,-18.06640625
20.1061270236969,-16.6015625
20.110021829605103,-17.08984375
20.113916635513306,-15.13671875
20.11781144142151,-12.6953125
20.121706247329712,-11.23046875
20.12582540512085,-13.18359375
20.129720211029053,-13.18359375
20.133615016937256,-10.7421875
20.137510061264038,-11.23046875
20.14140486717224,-15.13671875
20.145299673080444,-22.4609375
20.149194478988647,-14.6484375
20.15308952331543,-10.7421875
20.156984329223633,-17.08984375
20.160879135131836,-14.6484375
20.164774179458618,-15.625
20.16866898536682,-17.08984375
20.17285704612732,-20.99609375
20.176751852035522,-17.08984375
20.180646896362305,-8.7890625
20.184541702270508,-15.13671875
20.18843674659729,-16.6015625
20.192331552505493,-13.18359375
20.196226596832275,-15.13671875
20.20012140274048,-13.671875
20.20401644706726,-12.6953125
20.207911252975464,-10.7421875
20.211806297302246,-6.34765625
20.21570110321045,-8.7890625
20.21978998184204,-8.7890625
20.223685026168823,-8.7890625
20.227580070495605,-8.7890625
20.23147487640381,-11.71875
20.23536992073059,-18.5546875
20.239264965057373,-20.01953125
20.243159770965576,-20.01953125
20.24705481529236,-18.06640625
20.25094962120056,-14.6484375
20.254844665527344,-13.18359375
20.258739709854126,-18.5546875
20.26263451576233,-21.97265625
20.26672387123108,-21.484375
20.27061891555786,-20.5078125
20.274513721466064,-19.53125
20.278408765792847,-22.4609375
20.28230381011963,-20.01953125
20.28619885444641,-22.4609375
20.290093660354614,-21.97265625
20.293988704681396,-20.01953125
20.29788374900818,-19.53125
20.30177879333496,-13.671875
20.305673599243164,-20.01953125
20.309568643569946,-22.4609375
20.313721895217896,-15.625
20.317616939544678,-18.06640625
20.32151198387146,-23.4375
20.325407028198242,-24.4140625
20.329302072525024,-20.5078125
20.333197116851807,-19.04296875
20.33709216117859,-18.5546875
20.34098720550537,-18.06640625
20.344882011413574,-17.08984375
20.348777055740356,-14.6484375
20.35267210006714,-14.6484375
20.35656714439392,-14.16015625
20.360710382461548,-17.08984375
20.36460542678833,-17.578125
20.36850070953369,-19.04296875
20.372395753860474,-20.99609375
20.376290798187256,-26.85546875
20.380185842514038,-24.90234375
20.38408088684082,-18.5546875
20.387975931167603,-25.390625
20.391870975494385,-34.66796875
20.395766019821167,-36.62109375
20.39966106414795,-36.1328125
20.40355634689331,-37.109375
20.407772541046143,-31.73828125
20.411667585372925,-33.203125
20.415562868118286,-40.0390625
20.41945791244507,-31.73828125
20.42335295677185,-24.4140625
20.427248239517212,-23.4375
20.431143283843994,-22.4609375
20.435038328170776,-25.390625
20.438933610916138,-27.34375
20.44282865524292,-26.3671875
20.446723699569702,-31.73828125
20.450618982315063,-38.0859375
20.454736471176147,-34.1796875
20.45863151550293,-37.59765625
20.46252679824829,-39.0625
20.466421842575073,-31.73828125
20.470317125320435,-29.296875
20.474212169647217,-28.80859375
20.478107452392578,-33.203125
20.48200249671936,-29.78515625
20.48589777946472,-29.296875
20.489792823791504,-32.2265625
20.493688106536865,-35.15625
20.497583150863647,-33.69140625
20.5016872882843,-29.78515625
20.505582571029663,-30.76171875
20.509477615356445,-24.90234375
20.513372898101807,-24.4140625
20.51726794242859,-30.76171875
20.52116322517395,-34.66796875
20.52505850791931,-35.64453125
20.528953552246094,-34.66796875
20.532848834991455,-36.1328125
20.536744117736816,-34.1796875
20.5406391620636,-28.3203125
20.54453444480896,-27.34375
20.548627614974976,-32.71484375
20.552522897720337,-26.3671875
20.5564181804657,-17.08984375
20.56031346321106,-20.99609375
20.564208507537842,-28.3203125
20.568103790283203,-30.76171875
20.571999073028564,-26.3671875
20.575894355773926,-27.83203125
20.579789400100708,-28.3203125
20.58368468284607,-24.90234375
20.58757996559143,-32.2265625
20.591475248336792,-36.62109375
20.595643758773804,-34.66796875
20.599539041519165,-33.69140625
20.603434324264526,-30.2734375
20.607329607009888,-30.76171875
20.61122488975525,-26.85546875
20.61512017250061,-21.97265625
20.61901545524597,-23.4375
20.622910737991333,-23.92578125
20.626806020736694,-26.3671875
20.630701303482056,-30.2734375
20.634596586227417,-32.2265625
20.63849186897278,-28.80859375
20.642566919326782,-29.296875
20.646462202072144,-31.73828125
20.650357484817505,-22.4609375
20.654252767562866,-17.578125
20.658148050308228,-20.01953125
20.66204333305359,-29.296875
20.66593861579895,-34.1796875
20.66983389854431,-32.2265625
20.673729181289673,-34.66796875
20.677624464035034,-35.15625
20.681519746780396,-32.71484375
20.685415029525757,-30.76171875
20.6895592212677,-26.3671875
20.69345450401306,-21.484375
20.697349786758423,-20.99609375
20.701245069503784,-25.390625
20.705140590667725,-25.87890625
20.709035873413086,-23.92578125
20.712931156158447,-26.3671875
20.71682643890381,-31.73828125
20.72072196006775,-30.76171875
20.72461724281311,-34.1796875
20.72851252555847,-36.62109375
20.732407808303833,-29.78515625
20.73654055595398,-26.85546875
20.74043607711792,-31.73828125
20.74433135986328,-35.64453125
20.74822688102722,-36.62109375
20.752122163772583,-30.76171875
20.756017446517944,-24.4140625
20.759912967681885,-22.94921875
20.763808250427246,-23.4375
20.767703771591187,-26.3671875
20.771599054336548,-19.53125
20.77549433708191,-13.18359375
20.77938985824585,-20.5078125
20.78351593017578,-27.34375
20.787411212921143,-18.5546875
20.791306734085083,-21.484375
20.795202016830444,-31.73828125
20.799097537994385,-27.34375
20.802992820739746,-27.83203125
20.806888341903687,-30.2734375
20.810783863067627,-31.73828125
20.81467914581299,-38.0859375
20.81857466697693,-47.8515625
20.82246994972229,-44.43359375
20.82636547088623,-39.0625
20.830565452575684,-40.52734375
20.834460973739624,-41.50390625
20.838356494903564,-45.41015625
20.842252016067505,-41.9921875
20.846147537231445,-32.71484375
20.850042819976807,-31.73828125
20.853938341140747,-29.296875
20.857833862304688,-24.90234375
20.861729383468628,-25.390625
20.86562466621399,-26.85546875
20.86952018737793,-24.4140625
20.87341570854187,-21.484375
20.87751841545105,-23.92578125
20.88141393661499,-22.4609375
20.88530945777893,-18.5546875
20.889204740524292,-29.296875
20.893100261688232,-37.59765625
20.896995782852173,-32.2265625
20.900891304016113,-24.4140625
20.904786825180054,-20.99609375
20.908682346343994,-25.87890625
20.912577867507935,-20.01953125
20.916473388671875,-18.06640625
20.920368909835815,-25.390625
20.92445945739746,-22.94921875
20.9283549785614,-18.5546875
20.932250499725342,-21.484375
20.936146020889282,-16.11328125
20.940041542053223,-12.6953125
20.943937063217163,-24.90234375
20.947832584381104,-29.296875
20.951728105545044,-21.484375
20.955623865127563,-20.5078125
20.959519386291504,-19.04296875
20.963414907455444,-16.6015625
20.967310428619385,-21.484375
20.971474647521973,-26.3671875
20.975370407104492,-31.73828125
20.979265928268433,-31.25
20.983161449432373,-25.390625
20.987056970596313,-33.203125
20.990952730178833,-35.64453125
20.994848251342773,-23.4375
20.998743772506714,-26.85546875
21.002639293670654,-32.2265625
21.006534814834595,-33.203125
21.010430574417114,-37.59765625
21.014326095581055,-36.62109375
21.018479108810425,-32.2265625
21.022374868392944,-38.57421875
21.026270389556885,-41.9921875
21.030165910720825,-36.1328125
21.034061670303345,-36.1328125
21.037957191467285,-28.80859375
21.041852951049805,-27.34375
21.045748472213745,-33.69140625
21.049643993377686,-22.94921875
21.053539752960205,-6.8359375
21.057435274124146,-6.34765625
21.061331033706665,-7.32421875
21.065556526184082,-9.765625
21.0694522857666,-12.20703125
21.073347806930542,-13.18359375
21.07724356651306,-18.06640625
21.08113932609558,-18.5546875
21.08503484725952,-17.08984375
21.08893060684204,-9.27734375
21.09282612800598,-4.39453125
21.0967218875885,-14.6484375
21.10061764717102,-19.04296875
21.10451316833496,-13.18359375
21.10840892791748,-20.01953125
21.11253809928894,-21.484375
21.11643362045288,-20.01953125
21.1203293800354,-21.97265625
21.12422513961792,-20.01953125
21.12812089920044,-17.08984375
21.13201665878296,-18.5546875
21.1359121799469,-28.80859375
21.13980793952942,-27.83203125
21.14370369911194,-21.97265625
21.147599458694458,-25.390625
21.151495218276978,-29.296875
21.155390739440918,-31.25
21.159508228302002,-37.59765625
21.16340398788452,-31.73828125
21.16729974746704,-22.4609375
21.17119526863098,-26.3671875
21.1750910282135,-29.78515625
21.17898678779602,-26.85546875
21.18288254737854,-21.97265625
21.18677830696106,-22.4609375
21.19067406654358,-28.3203125
21.1945698261261,-34.66796875
21.198465585708618,-27.83203125
21.202361345291138,-21.97265625
21.206467390060425,-22.4609375
21.210363149642944,-16.6015625
21.214258909225464,-13.671875
21.218154668807983,-13.18359375
21.222050428390503,-18.5546875
21.225946187973022,-28.3203125
21.22984218597412,-27.83203125
21.23373794555664,-23.4375
21.23763370513916,-24.90234375
21.24152946472168,-24.90234375
21.2454252243042,-24.90234375
21.24932098388672,-22.4609375
21.25350022315979,-22.94921875
21.25739622116089,-28.3203125
21.261291980743408,-20.01953125
21.265187740325928,-7.32421875
21.269083499908447,-6.34765625
21.272979497909546,-17.08984375
21.276875257492065,-20.99609375
21.280771017074585,-22.94921875
21.284666776657104,-26.85546875
21.288562774658203,-23.4375
21.292458534240723,-24.4140625
21.296354293823242,-25.87890625
21.300438404083252,-19.04296875
21.30433440208435,-17.08984375
21.30823016166687,-19.53125
21.31212592124939,-18.06640625
21.31602191925049,-17.08984375
21.319917678833008,-18.06640625
21.323813438415527,-19.53125
21.327709436416626,-22.94921875
21.331605195999146,-25.87890625
21.335501194000244,-26.85546875
21.339396953582764,-23.4375
21.343292713165283,-17.578125
21.347365617752075,-15.625
21.351261377334595,-22.94921875
21.355157375335693,-22.94921875
21.359053134918213,-20.5078125
21.36294913291931,-19.04296875
21.36684489250183,-18.06640625
21.37074089050293,-26.3671875
21.37463665008545,-25.390625
21.378532648086548,-26.3671875
21.382428407669067,-27.34375
21.386324405670166,-20.01953125
21.390220165252686,-16.11328125
21.394280672073364,-15.625
21.398176431655884,-20.5078125
21.402072429656982,-18.5546875
21.405968189239502,-14.16015625
21.4098641872406,-15.625
21.4137601852417,-15.625
21.41765594482422,-14.6484375
21.421551942825317,-16.11328125
21.425447940826416,-15.13671875
21.429343700408936,-11.71875
21.433239698410034,-12.6953125
21.437135457992554,-17.578125
21.441268920898438,-14.16015625
21.445164918899536,-16.11328125
21.449060916900635,-24.4140625
21.452956914901733,-15.625
21.456852674484253,11.23046875
21.46074867248535,19.53125
21.46464467048645,13.18359375
21.46854066848755,23.4375
21.47243642807007,20.01953125
21.476332426071167,14.16015625
21.480228424072266,14.16015625
21.484124422073364,7.8125
21.48832941055298,4.39453125
21.492225408554077,1.953125
21.496121406555176,3.90625
21.500017404556274,1.953125
21.503913402557373,-1.46484375
21.50780940055847,-2.9296875
21.51170539855957,-5.37109375
21.51560139656067,-3.90625
21.519497394561768,-5.859375
21.523393392562866,-9.765625
21.527289390563965,-10.7421875
21.531185388565063,-13.18359375
21.535295963287354,-14.16015625
21.539191961288452,-17.08984375
21.54308795928955,-17.578125
21.54698419570923,-18.5546875
21.550880193710327,-22.94921875
21.554776191711426,-22.94921875
21.558672189712524,-13.18359375
21.562568187713623,-12.20703125
21.56646418571472,-16.6015625
21.57036018371582,-14.6484375
21.57425618171692,-13.18359375
21.578152179718018,-10.7421875
21.582250356674194,-11.23046875
21.586146593093872,-15.13671875
21.59004259109497,-17.578125
21.59393858909607,-19.53125
21.597834587097168,-20.99609375
21.601730823516846,-17.08984375
21.605626821517944,-10.7421875
21.609522819519043,-7.32421875
21.61341881752014,0.0
21.61731505393982,0.0
21.621211051940918,-5.859375
21.625107049942017,-8.30078125
21.629194736480713,-12.20703125
21.63309073448181,-12.20703125
21.63698673248291,-10.7421875
21.640882968902588,-16.11328125
21.644778966903687,-23.4375
21.648674964904785,-17.08984375
21.652571201324463,-13.18359375
21.65646719932556,-13.671875
21.66036343574524,-13.18359375
21.664259433746338,0.48828125
21.668155431747437,11.23046875
21.672051668167114,0.0
21.676215887069702,-5.37109375
21.68011212348938,-12.6953125
21.68400812149048,-19.04296875
21.687904357910156,-15.625
21.691800355911255,-9.27734375
21.695696592330933,-8.7890625
21.69959259033203,-11.23046875
21.70348882675171,-13.671875
21.707385063171387,-8.7890625
21.711281061172485,-0.48828125
21.715177297592163,3.90625
21.71907329559326,7.32421875
21.723143577575684,2.9296875
21.727039575576782,-2.44140625
21.73093581199646,0.9765625
21.734832048416138,9.765625
21.738728046417236,8.7890625
21.742624282836914,5.37109375
21.746520519256592,12.20703125
21.75041651725769,19.04296875
21.754312753677368,15.625
21.758208990097046,10.7421875
21.762104988098145,12.6953125
21.766001224517822,1.953125
21.7700617313385,-5.37109375
21.7739577293396,4.8828125
21.777853965759277,0.9765625
21.781750202178955,-3.90625
21.785646438598633,0.9765625
21.78954267501831,4.8828125
21.79343867301941,4.39453125
21.797334909439087,7.32421875
21.801231145858765,17.578125
21.805127382278442,19.53125
21.80902338027954,19.04296875
21.81291961669922,24.90234375
21.81705093383789,28.3203125
21.82094717025757,20.01953125
21.824843406677246,11.23046875
21.828739643096924,11.23046875
21.8326358795166,13.671875
21.83653211593628,9.27734375
21.840428352355957,1.953125
21.844324588775635,1.953125
21.848220825195312,4.8828125
21.85211706161499,3.41796875
21.856013298034668,2.9296875
21.859909534454346,1.46484375
21.86402940750122,-4.39453125
21.8679256439209,-6.34765625
21.871822118759155,-0.9765625
21.875718355178833,-3.90625
21.87961459159851,-3.90625
21.88351082801819,0.48828125
21.887407064437866,-4.8828125
21.891303300857544,-8.7890625
21.89519953727722,-9.765625
21.8990957736969,-13.671875
21.902992010116577,-16.11328125
21.906888246536255,-13.18359375
21.911079168319702,-9.27734375
21.91497540473938,-15.13671875
21.918871641159058,-23.4375
21.922768115997314,-15.625
21.926664352416992,-12.6953125
21.93056058883667,-17.578125
21.934457063674927,-19.04296875
21.938353300094604,-26.85546875
21.942249536514282,-30.2734375
21.94614577293396,-17.08984375
21.950042247772217,-1.953125
21.953938484191895,-0.9765625
21.958035230636597,-6.8359375
21.961931705474854,-3.41796875
21.96582794189453,-4.8828125
21.969724416732788,-8.30078125
21.973620653152466,0.0
21.977516889572144,6.34765625
21.9814133644104,4.8828125
21.985309600830078,-0.9765625
21.989206075668335,3.90625
21.993102312088013,7.32421875
21.99699854850769,11.23046875
22.000895023345947,12.6953125
22.004982471466064,10.7421875
22.00887894630432,13.671875
22.012775182724,15.13671875
22.016671657562256,7.8125
22.020567893981934,4.8828125
22.02446436882019,6.34765625
22.028360605239868,6.8359375
22.032257080078125,0.48828125
22.036153316497803,-6.8359375
22.04004979133606,0.9765625
22.043946027755737,-2.9296875
22.047842502593994,-11.71875
22.051917552947998,-9.27734375
22.055813789367676,-4.8828125
22.059710264205933,-6.34765625
22.06360673904419,-7.8125
22.067502975463867,-3.41796875
22.071399450302124,-10.7421875
22.07529592514038,-23.92578125
22.07919216156006,-21.484375
22.083088636398315,-19.04296875
22.086984872817993,-31.73828125
22.09088134765625,-32.2265625
22.094777822494507,-21.97265625
22.098923444747925,-26.85546875
22.102819681167603,-31.25
22.10671615600586,-26.85546875
22.110612630844116,-27.34375
22.114509105682373,-27.34375
22.11840558052063,-24.4140625
22.122301816940308,-19.04296875
22.126198291778564,-24.90234375
22.13009476661682,-35.15625
22.133991241455078,-35.64453125
22.137887477874756,-35.64453125
22.141783952713013,-33.69140625
22.145837783813477,-29.78515625
22.149734258651733,-24.4140625
22.15363073348999,-25.87890625
22.157526969909668,-24.90234375
22.161423444747925,-20.99609375
22.16531991958618,-17.08984375
22.16921639442444,-23.92578125
22.173112869262695,-26.85546875
22.177009344100952,-17.08984375
22.18090581893921,-19.04296875
22.184802293777466,-22.94921875
22.188698768615723,-20.01953125
22.192822217941284,-21.97265625
22.19671869277954,-24.90234375
22.200615167617798,-23.92578125
22.204511642456055,-18.06640625
22.20840811729431,-17.578125
22.212304830551147,-24.90234375
22.216201305389404,-20.01953125
22.22009778022766,-16.6015625
22.223994255065918,-25.87890625
22.227890729904175,-32.71484375
22.23178720474243,-22.4609375
22.23568367958069,-25.87890625
22.239815950393677,-32.2265625
22.243712425231934,-33.203125
22.24760890007019,-35.15625
22.251505613327026,-26.3671875
22.255402088165283,-19.04296875
22.25929856300354,-19.04296875
22.263195037841797,-18.5546875
22.267091512680054,-19.53125
22.27098822593689,-24.4140625
22.274884700775146,-26.85546875
22.278781175613403,-20.5078125
22.28267765045166,-13.671875
22.286779642105103,-13.671875
22.29067611694336,-16.11328125
22.294572591781616,-21.484375
22.298469066619873,-17.578125
22.30236577987671,-10.7421875
22.306262254714966,-16.6015625
22.310158729553223,-17.08984375
22.31405544281006,-8.30078125
22.317951917648315,-2.9296875
22.321848392486572,0.0
22.325745105743408,0.9765625
22.329641580581665,-1.46484375
22.333813428878784,-1.46484375
22.33770990371704,0.0
22.341606616973877,-0.9765625
22.345503091812134,0.9765625
22.34939980506897,5.859375
22.353296279907227,10.7421875
22.357192993164062,13.671875
22.36108946800232,11.23046875
22.364986181259155,0.0
22.368882656097412,0.9765625
22.372779369354248,15.13671875
22.376675844192505,14.6484375
22.380755186080933,8.7890625
22.38465189933777,11.71875
22.388548612594604,6.8359375
22.39244508743286,-2.9296875
22.396341800689697,-1.46484375
22.400238513946533,-3.41796875
22.40413498878479,-9.27734375
22.408031702041626,-15.13671875
22.411928176879883,-24.4140625
22.41582489013672,-27.83203125
22.419721603393555,-31.25
22.42361807823181,-39.0625
22.42768692970276,-46.38671875
22.431583642959595,-45.41015625
22.43548035621643,-43.9453125
22.439376831054688,-50.78125
22.443273544311523,-53.22265625
22.44717025756836,-52.734375
22.451066732406616,-54.19921875
22.454963445663452,-54.6875
22.458860158920288,-55.6640625
22.462756872177124,-51.26953125
22.46665334701538,-45.8984375
22.470550060272217,-47.36328125
22.474608659744263,-46.38671875
22.4785053730011,-43.9453125
22.482401847839355,-48.828125
22.48629856109619,-46.38671875
22.490195274353027,-43.9453125
22.494091987609863,-50.29296875
22.4979887008667,-51.7578125
22.501885414123535,-48.33984375
22.505781888961792,-50.29296875
22.509678602218628,-48.828125
22.513575315475464,-45.8984375
22.5174720287323,-45.8984375
22.521600008010864,-50.29296875
22.5254967212677,-52.734375
22.529393434524536,-46.875
22.533290147781372,-43.45703125
22.537186861038208,-40.0390625
22.541083574295044,-39.0625
22.54498028755188,-43.45703125
22.548877000808716,-45.41015625
22.55277371406555,-46.875
22.556670427322388,-42.96875
22.560567140579224,-33.69140625
22.56446385383606,-35.64453125
22.568660020828247,-37.109375
22.572556734085083,-31.73828125
22.57645344734192,-37.59765625
22.580350399017334,-37.59765625
22.58424711227417,-33.203125
22.588143825531006,-35.64453125
22.592040538787842,-36.1328125
22.595937252044678,-33.203125
22.599833965301514,-26.3671875
22.60373091697693,-30.2734375
22.607627630233765,-30.76171875
22.6115243434906,-23.92578125
22.615629196166992,-28.80859375
22.619525909423828,-32.71484375
22.623422861099243,-33.69140625
22.62731957435608,-34.1796875
22.631216287612915,-27.83203125
22.63511323928833,-25.390625
22.639009952545166,-27.83203125
22.642906665802002,-25.87890625
22.646803617477417,-15.625
22.650700330734253,-7.32421875
22.65459704399109,-6.34765625
22.658493757247925,-10.7421875
22.662594079971313,-18.5546875
22.66649103164673,-20.99609375
22.670387744903564,-15.13671875
22.67428469657898,-7.32421875
22.678181409835815,-9.765625
22.68207812309265,-20.01953125
22.685975074768066,-20.5078125
22.689871788024902,-21.97265625
22.693768739700317,-25.87890625
22.697665452957153,-23.4375
22.70156240463257,-22.94921875
22.705459117889404,-30.76171875
22.709548950195312,-28.80859375
22.71344566345215,-23.4375
22.717342615127563,-28.80859375
22.7212393283844,-23.4375
22.725136280059814,-18.5546875
22.72903323173523,-25.390625
22.732929944992065,-27.34375
22.73682689666748,-27.83203125
22.740723609924316,-27.83203125
22.74462056159973,-23.4375
22.748517274856567,-20.99609375
22.752414226531982,-22.94921875
22.756572008132935,-22.94921875
22.76046895980835,-21.97265625
22.764365911483765,-22.94921875
22.76826286315918,-28.80859375
22.772159576416016,-32.71484375
22.77605652809143,-31.25
22.779953479766846,-24.90234375
22.78385019302368,-21.97265625
22.787747144699097,-23.92578125
22.79164409637451,-29.296875
22.795541048049927,-31.73828125
22.799437761306763,-27.83203125
22.803505182266235,-27.34375
22.80740213394165,-31.25
22.811298847198486,-22.4609375
22.8151957988739,-26.85546875
22.819092750549316,-33.69140625
22.82298970222473,-22.94921875
22.826886653900146,-18.5546875
22.830783367156982,-23.4375
22.834680318832397,-22.4609375
22.838577270507812,-22.94921875
22.842474222183228,-33.203125
22.846371173858643,-38.0859375
22.850427865982056,-33.69140625
22.85432481765747,-31.25
22.858221769332886,-20.01953125
22.8621187210083,-17.578125
22.866015672683716,-29.78515625
22.86991262435913,-31.25
22.873809576034546,-38.57421875
22.87770652770996,-44.43359375
22.881603479385376,-41.9921875
22.88550043106079,-43.45703125
22.889397382736206,-50.78125
22.89329433441162,-56.15234375
22.89734387397766,-60.546875
22.901240825653076,-65.4296875
22.90513777732849,-66.89453125
22.909034729003906,-70.80078125
22.91293168067932,-67.87109375
22.916828870773315,-66.40625
22.92072582244873,-65.4296875
22.924622774124146,-66.89453125
22.92851972579956,-61.5234375
22.932416677474976,-60.546875
22.93631362915039,-64.94140625
22.940210580825806,-61.5234375
22.9443256855011,-59.08203125
22.948222637176514,-61.5234375
22.95211958885193,-68.84765625
22.956016778945923,-66.89453125
22.959913730621338,-53.7109375
22.963810682296753,-55.6640625
22.967707633972168,-59.08203125
22.971604585647583,-60.546875
22.975501537322998,-62.98828125
22.979398727416992,-56.15234375
22.983295679092407,-56.15234375
22.987192630767822,-63.96484375
22.991377115249634,-65.4296875
22.99527406692505,-59.5703125
22.999171257019043,-54.6875
23.003068208694458,-52.24609375
23.006965160369873,-52.24609375
23.010862350463867,-54.19921875
23.014759302139282,-54.6875
23.018656253814697,-57.12890625
23.02255344390869,-58.59375
23.026450395584106,-57.6171875
23.03034734725952,-64.94140625
23.034244537353516,-69.82421875
23.03833818435669,-63.96484375
23.042235374450684,-49.31640625
23.0461323261261,-37.59765625
23.050029516220093,-41.9921875
23.053926467895508,-43.45703125
23.057823657989502,-38.57421875
23.061720609664917,-46.38671875
23.065617561340332,-44.921875
23.069514751434326,-39.0625
23.07341170310974,-41.9921875
23.077308893203735,-39.55078125
23.08120584487915,-30.76171875
23.085289001464844,-25.390625
23.089186191558838,-29.296875
23.093083381652832,-35.64453125
23.096980333328247,-34.66796875
23.10087752342224,-31.25
23.104774475097656,-35.64453125
23.10867166519165,-32.2265625
23.112568616867065,-29.78515625
23.11646580696106,-39.55078125
23.120362997055054,-45.8984375
23.12425994873047,-41.50390625
23.128157138824463,-35.15625
23.132229804992676,-34.66796875
23.13612699508667,-38.57421875
23.140023946762085,-37.59765625
23.14392113685608,-34.66796875
23.147818326950073,-33.69140625
23.15171527862549,-36.1328125
23.155612468719482,-40.0390625
23.159509658813477,-38.0859375
23.16340684890747,-41.9921875
23.167303800582886,-43.45703125
23.17120099067688,-35.64453125
23.175098180770874,-31.25
23.17923879623413,-34.66796875
23.183135986328125,-38.0859375
23.18703293800354,-36.62109375
23.190930128097534,-33.203125
23.19482731819153,-34.1796875
23.198724508285522,-34.1796875
23.202621698379517,-31.73828125
23.20651888847351,-36.1328125
23.210415840148926,-38.57421875
23.21431303024292,-36.1328125
23.218210220336914,-38.57421875
23.222107410430908,-36.62109375
23.226158380508423,-39.55078125
23.230055570602417,-44.921875
23.23395276069641,-44.921875
23.237849950790405,-39.55078125
23.24174690246582,-38.0859375
23.245644092559814,-47.36328125
23.24954128265381,-46.875
23.253438472747803,-44.921875
23.257335662841797,-45.8984375
23.26123285293579,-45.41015625
23.265130043029785,-40.52734375
23.26902723312378,-42.48046875
23.27306866645813,-42.48046875
23.276965856552124,-36.1328125
23.280863046646118,-38.0859375
23.284760236740112,-45.41015625
23.288657426834106,-48.828125
23.2925546169281,-51.7578125
23.296451807022095,-46.38671875
23.30034899711609,-34.1796875
23.304246187210083,-37.59765625
23.308143377304077,-40.52734375
23.31204056739807,-38.57421875
23.315937757492065,-42.48046875
23.3200466632843,-40.52734375
23.323943853378296,-30.76171875
23.32784104347229,-26.85546875
23.331738233566284,-31.25
23.33563542366028,-33.69140625
23.33953285217285,-31.73828125
23.343430042266846,-29.78515625
23.34732723236084,-27.34375
23.351224422454834,-28.3203125
23.355121612548828,-32.71484375
23.359018802642822,-33.69140625
23.362915992736816,-33.203125
23.367014169692993,-35.64453125
23.370911359786987,-37.109375
23.37480878829956,-33.203125
23.378705978393555,-32.71484375
23.38260316848755,-44.43359375
23.386500358581543,-46.38671875
23.390397787094116,-35.15625
23.39429497718811,-37.109375
23.398192167282104,-40.0390625
23.402089595794678,-40.52734375
23.405986785888672,-37.109375
23.409883975982666,-33.203125
23.41405439376831,-33.69140625
23.417951822280884,-32.71484375
23.421849012374878,-37.109375
23.42574644088745,-41.015625
23.429643630981445,-45.41015625
23.43354082107544,-45.41015625
23.437438249588013,-34.1796875
23.441335439682007,-28.80859375
23.44523286819458,-34.1796875
23.449130058288574,-41.015625
23.453027486801147,-40.0390625
23.45692467689514,-36.62109375
23.46100091934204,-29.78515625
23.464898347854614,-28.80859375
23.46879553794861,-35.64453125
23.47269296646118,-33.69140625
23.476590156555176,-30.76171875
23.48048758506775,-27.83203125
23.484384775161743,-27.83203125
23.488282203674316,-33.69140625
23.49217963218689,-40.52734375
23.496076822280884,-37.59765625
23.499974250793457,-28.3203125
23.50387144088745,-21.484375
23.507938146591187,-23.92578125
23.51183533668518,-31.73828125
23.515732765197754,-31.73828125
23.519630193710327,-29.78515625
23.52352738380432,-31.25
23.527424812316895,-30.76171875
23.531322240829468,-26.85546875
23.535219430923462,-30.76171875
23.539116859436035,-35.64453125
23.54301428794861,-31.73828125
23.546911478042603,-32.71484375
23.550808906555176,-35.15625
23.55486559867859,-34.1796875
23.558763027191162,-38.57421875
23.562660217285156,-39.55078125
23.56655764579773,-39.0625
23.570455074310303,-39.55078125
23.574352502822876,-35.15625
23.57824969291687,-33.203125
23.582147121429443,-33.203125
23.586044549942017,-33.203125
23.58994197845459,-36.62109375
23.593839168548584,-37.109375
23.597736597061157,-28.80859375
23.60185980796814,-27.34375
23.605757236480713,-24.90234375
23.609654664993286,-29.296875
23.61355209350586,-36.62109375
23.617449522018433,-30.2734375
23.621346712112427,-24.4140625
23.625244140625,-33.203125
23.629141569137573,-41.50390625
23.633038997650146,-36.62109375
23.63693642616272,-34.1796875
23.640833854675293,-33.69140625
23.644731283187866,-34.1796875
23.648768424987793,-35.15625
23.652665853500366,-41.50390625
23.65656328201294,-38.0859375
23.660460710525513,-34.1796875
23.664358139038086,-34.66796875
23.66825556755066,-36.62109375
23.672152996063232,-45.41015625
23.676050424575806,-47.36328125
23.67994785308838,-50.29296875
23.683845281600952,-52.24609375
23.687742710113525,-39.0625
23.6916401386261,-34.1796875
23.69574737548828,-37.59765625
23.699644804000854,-39.55078125
23.703542232513428,-43.45703125
23.707439661026,-36.1328125
23.711337089538574,-29.296875
23.715234518051147,-40.0390625
23.7191321849823,-44.43359375
23.723029613494873,-36.62109375
23.726927042007446,-28.3203125
23.73082447052002,-30.76171875
23.734721899032593,-37.109375
23.738619327545166,-31.73828125
23.742717027664185,-33.203125
23.746614456176758,-32.71484375
23.75051212310791,-22.4609375
23.754409551620483,-18.5546875
23.758306980133057,-24.90234375
23.76220440864563,-27.34375
23.766102075576782,-21.97265625
23.769999504089355,-21.97265625
23.77389693260193,-25.390625
23.777794361114502,-26.3671875
23.781691789627075,-28.3203125
23.785589456558228,-33.203125
23.789676427841187,-30.2734375
23.79357409477234,-29.78515625
23.797471523284912,-31.73828125
23.801368951797485,-31.73828125
23.805266618728638,-20.01953125
23.80916404724121,-15.13671875
23.813061475753784,-23.4375
23.816959142684937,-25.87890625
23.82085657119751,-36.1328125
23.824753999710083,-42.48046875
23.828651666641235,-39.0625
23.83254909515381,-40.0390625
23.83670210838318,-39.0625
23.840599536895752,-33.69140625
23.844497203826904,-30.2734375
23.848394632339478,-30.76171875
23.85229229927063,-29.296875
23.856189727783203,-27.83203125
23.860087394714355,-28.3203125
23.86398482322693,-31.25
23.86788249015808,-36.1328125
23.871779918670654,-38.57421875
23.875677585601807,-38.0859375
23.87957501411438,-34.66796875
23.88364577293396,-31.25
23.887543201446533,-30.76171875
23.891440868377686,-35.15625
23.895338535308838,-38.57421875
23.89923596382141,-44.921875
23.903133630752563,-47.36328125
23.907031059265137,-41.50390625
23.91092872619629,-39.0625
23.91482639312744,-31.73828125
23.918723821640015,-26.85546875
23.922621488571167,-35.15625
23.92651891708374,-37.109375
23.930575847625732,-50.29296875
23.934473276138306,-52.734375
23.938370943069458,-45.41015625
23.94226861000061,-48.33984375
23.946166038513184,-45.41015625
23.950063705444336,-41.015625
23.95396137237549,-45.41015625
23.95785880088806,-46.38671875
23.961756467819214,-41.015625
23.965654134750366,-38.0859375
23.96955156326294,-32.71484375
23.973449230194092,-34.1796875
23.977500200271606,-41.50390625
23.98139786720276,-43.9453125
23.98529553413391,-36.1328125
23.989193201065063,-33.203125
23.993090629577637,-34.1796875
23.99698829650879,-32.71484375
24.00088596343994,-35.64453125
24.004783630371094,-41.9921875
24.008681297302246,-41.015625
24.01257872581482,-39.0625
24.01647639274597,-42.48046875
24.020374059677124,-31.73828125
24.024485111236572,-31.73828125
24.028382778167725,-44.43359375
24.032280445098877,-44.43359375
24.03617811203003,-45.41015625
24.04007577896118,-44.921875
24.043973445892334,-38.0859375
24.047871112823486,-33.69140625
24.05176877975464,-35.64453125
24.05566644668579,-34.1796875
24.059563875198364,-38.0859375
24.063461542129517,-44.921875
24.06735920906067,-42.96875
24.07153630256653,-41.015625
24.07543396949768,-42.48046875
24.079331636428833,-39.0625
24.083229303359985,-38.0859375
24.087126970291138,-40.0390625
24.09102463722229,-33.203125
24.094922304153442,-27.34375
24.098819971084595,-26.85546875
24.102717876434326,-31.25
24.10661554336548,-42.96875
24.11051321029663,-47.8515625
24.114410877227783,-38.0859375
24.11850142478943,-31.73828125
24.12239909172058,-36.1328125
24.126296758651733,-36.62109375
24.130194425582886,-30.2734375
24.134092092514038,-30.76171875
24.13798999786377,-34.66796875
24.141887664794922,-34.66796875
24.145785331726074,-33.203125
24.149682998657227,-34.1796875
24.15358066558838,-35.64453125
24.15747857093811,-33.69140625
24.161376237869263,-25.87890625
24.165457725524902,-23.4375
24.169355392456055,-25.87890625
24.173253297805786,-24.4140625
24.17715096473694,-28.80859375
24.18104863166809,-33.203125
24.184946537017822,-23.4375
24.188844203948975,-17.08984375
24.192741870880127,-22.4609375
24.19663977622986,-26.85546875
24.20053744316101,-30.2734375
24.204435110092163,-28.3203125
24.208333015441895,-25.390625
24.212403535842896,-30.2734375
24.216301202774048,-30.2734375
24.2201988697052,-18.5546875
24.22409677505493,-16.6015625
24.227994441986084,-21.97265625
24.231892347335815,-27.83203125
24.235790014266968,-37.109375
24.2396879196167,-38.0859375
24.24358558654785,-33.69140625
24.247483253479004,-31.73828125
24.251381158828735,-33.203125
24.255278825759888,-32.71484375
24.2594153881073,-32.71484375
24.26331329345703,-34.66796875
24.267210960388184,-31.25
24.271108865737915,-32.2265625
24.275006771087646,-27.83203125
24.2789044380188,-20.01953125
24.28280234336853,-20.99609375
24.286700010299683,-23.92578125
24.290597915649414,-24.90234375
24.294495582580566,-29.296875
24.298393487930298,-28.80859375
24.30229115486145,-25.87890625
24.30634069442749,-26.3671875
24.310238361358643,-28.3203125
24.314136266708374,-26.85546875
24.318034172058105,-27.34375
24.321931838989258,-29.78515625
24.32582974433899,-31.73828125
24.32972764968872,-31.73828125
24.333625316619873,-38.57421875
24.337523221969604,-41.015625
24.341420888900757,-35.15625
24.34531879425049,-35.64453125
24.34921669960022,-41.50390625
24.353256940841675,-41.9921875
24.357154607772827,-38.0859375
24.36105251312256,-36.1328125
24.36495041847229,-42.48046875
24.368848085403442,-44.921875
24.372745990753174,-38.57421875
24.376643896102905,-34.1796875
24.380541801452637,-31.25
24.38443946838379,-31.73828125
24.38833737373352,-32.2265625
24.392235279083252,-35.15625
24.396133184432983,-46.38671875
24.400168418884277,-50.29296875
24.40406632423401,-40.0390625
24.40796422958374,-38.0859375
24.411861896514893,-41.015625
24.415759801864624,-42.96875
24.419657707214355,-44.43359375
24.423555612564087,-43.9453125
24.42745351791382,-42.96875
24.43135118484497,-39.55078125
24.435249090194702,-37.59765625
24.439146995544434,-36.62109375
24.443044900894165,-41.9921875
24.44714069366455,-45.8984375
24.451038599014282,-43.9453125
24.454936504364014,-45.41015625
24.458834409713745,-48.33984375
24.462732315063477,-46.38671875
24.466630220413208,-40.52734375
24.47052788734436,-38.57421875
24.474425792694092,-39.55078125
24.478323698043823,-40.52734375
24.482221603393555,-39.55078125
24.486119508743286,-38.0859375
24.490017414093018,-42.96875
24.494177103042603,-47.36328125
24.498075008392334,-42.48046875
24.501973152160645,-44.921875
24.505871057510376,-51.7578125
24.509768962860107,-52.24609375
24.51366686820984,-51.7578125
24.51756477355957,-50.78125
24.5214626789093,-50.29296875
24.525360584259033,-46.38671875
24.529258489608765,-45.8984375
24.533156394958496,-42.96875
24.537054300308228,-42.48046875
24.54113006591797,-51.7578125
24.5450279712677,-49.31640625
24.54892587661743,-45.8984375
24.552823781967163,-42.96875
24.556721687316895,-43.9453125
24.560619831085205,-42.96875
24.564517736434937,-41.9921875
24.568415641784668,-42.96875
24.5723135471344,-39.55078125
24.57621145248413,-38.57421875
24.58010959625244,-38.57421875
24.584007501602173,-41.9921875
24.588072299957275,-39.0625
24.591970205307007,-36.1328125
24.59586811065674,-39.55078125
24.59976601600647,-39.0625
24.60366415977478,-33.203125
24.60756206512451,-33.203125
24.611459970474243,-36.62109375
24.615358114242554,-40.52734375
24.619256019592285,-45.41015625
24.623153924942017,-43.45703125
24.627051830291748,-40.52734375
24.63094997406006,-42.96875
24.635005950927734,-42.96875
24.638903856277466,-43.9453125
24.642801761627197,-48.33984375
24.646699905395508,-41.015625
24.65059781074524,-36.1328125
24.65449571609497,-39.0625
24.65839385986328,-40.52734375
24.662291765213013,-44.43359375
24.666189908981323,-43.9453125
24.670087814331055,-42.96875
24.673985719680786,-43.9453125
24.677883863449097,-38.57421875
24.682003498077393,-39.0625
24.685901641845703,-40.0390625
24.689799547195435,-39.0625
24.693697690963745,-42.96875
24.697595596313477,-38.57421875
24.701493740081787,-41.50390625
24.70539164543152,-49.31640625
24.70928978919983,-54.19921875
24.71318769454956,-51.7578125
24.71708583831787,-46.38671875
24.720983743667603,-44.43359375
24.724881887435913,-46.38671875
24.72892189025879,-47.8515625
24.7328200340271,-45.8984375
24.73671793937683,-41.015625
24.74061608314514,-34.1796875
24.744514226913452,-30.76171875
24.748412132263184,-31.73828125
24.752310276031494,-32.71484375
24.756208181381226,-33.203125
24.760106325149536,-39.55078125
24.764004230499268,-43.45703125
24.767902374267578,-41.9921875
24.77180051803589,-40.0390625
24.775904655456543,-37.59765625
24.779802799224854,-41.9921875
24.783700942993164,-45.8984375
24.787598848342896,-47.36328125
24.791496992111206,-46.875
24.795395135879517,-45.8984375
24.799293041229248,-44.921875
24.80319118499756,-47.36328125
24.80708932876587,-52.24609375
24.8109872341156,-50.78125
24.81488537788391,-49.8046875
24.81878352165222,-49.8046875
24.822877645492554,-48.33984375
24.826775789260864,-44.921875
24.830673933029175,-43.9453125
24.834571838378906,-44.43359375
24.838469982147217,-37.59765625
24.842368125915527,-29.78515625
24.846266269683838,-35.64453125
24.85016441345215,-44.921875
24.85406231880188,-37.59765625
24.85796046257019,-28.80859375
24.8618586063385,-36.1328125
24.86575675010681,-45.8984375
24.869841814041138,-44.921875
24.87373995780945,-42.48046875
24.87763786315918,-41.9921875
24.88153600692749,-43.9453125
24.8854341506958,-38.0859375
24.88933229446411,-31.73828125
24.893230438232422,-42.96875
24.897128582000732,-45.41015625
24.901026725769043,-40.0390625
24.904924869537354,-39.55078125
24.908823013305664,-39.0625
24.912721157073975,-34.1796875
24.916868925094604,-36.1328125
24.920767068862915,-34.66796875
24.924665212631226,-35.15625
24.928563356399536,-41.50390625
24.932461500167847,-40.0390625
24.936359643936157,-40.52734375
24.940257787704468,-42.96875
24.94415593147278,-41.50390625
24.94805407524109,-36.1328125
24.9519522190094,-31.25
24.95585060119629,-34.1796875
24.9597487449646,-41.50390625
24.963813066482544,-41.50390625
24.967711210250854,-36.1328125
24.971609354019165,-38.57421875
24.975507497787476,-43.45703125
24.979405641555786,-39.0625
24.983303785324097,-32.71484375
24.987202167510986,-27.83203125
24.991100311279297,-28.80859375
24.994998455047607,-30.2734375
24.998896598815918,-34.66796875
25.00279474258423,-37.59765625
25.00669288635254,-34.1796875
25.010748147964478,-35.64453125
25.014646291732788,-39.0625
25.0185444355011,-33.69140625
25.02244281768799,-39.55078125
25.0263409614563,-45.41015625
25.03023910522461,-39.0625
25.03413724899292,-35.64453125
25.03803563117981,-30.76171875
25.04193377494812,-29.78515625
25.04583191871643,-34.66796875
25.04973006248474,-37.59765625
25.05362844467163,-37.109375
25.05767297744751,-37.59765625
25.06157112121582,-33.69140625
25.06546950340271,-26.3671875
25.06936764717102,-30.2734375
25.07326579093933,-31.73828125
25.07716417312622,-21.97265625
25.08106231689453,-21.484375
25.084960460662842,-26.3671875
25.08885884284973,-25.87890625
25.092756986618042,-24.90234375
25.09665536880493,-27.34375
25.100553512573242,-25.390625
25.10466170310974,-22.4609375
25.10855984687805,-19.04296875
25.11245822906494,-20.01953125
25.116356372833252,-21.97265625
25.12025475502014,-21.484375
25.124152898788452,-19.04296875
25.128051042556763,-20.5078125
25.131949424743652,-24.90234375
25.135847568511963,-20.99609375
25.139745950698853,-20.5078125
25.143644094467163,-28.3203125
25.147542476654053,-28.80859375
25.1515691280365,-20.5078125
25.15546727180481,-18.06640625
25.1593656539917,-20.5078125
25.16326403617859,-24.4140625
25.1671621799469,-27.83203125
25.17106056213379,-27.34375
25.1749587059021,-21.97265625
25.17885708808899,-17.578125
25.1827552318573,-14.6484375
25.18665361404419,-16.11328125
25.1905517578125,-19.53125
25.19445013999939,-15.13671875
25.198538780212402,-16.11328125
25.202437162399292,-17.08984375
25.206335306167603,-13.671875
25.210233688354492,-16.11328125
25.214132070541382,-15.625
25.218030214309692,-18.5546875
25.221928596496582,-21.97265625
25.22582697868347,-24.4140625
25.229725122451782,-23.92578125
25.233623504638672,-24.4140625
25.23752188682556,-26.3671875
25.241420030593872,-26.3671875
25.245498657226562,-23.92578125
25.249397039413452,-19.53125
25.253295421600342,-20.99609375
25.257193565368652,-30.76171875
25.261091947555542,-33.69140625
25.26499032974243,-27.34375
25.26888871192932,-26.3671875
25.272786855697632,-30.76171875
25.27668523788452,-31.73828125
25.28058362007141,-34.66796875
25.2844820022583,-34.66796875
25.28838014602661,-36.1328125
25.292449712753296,-40.52734375
25.296348094940186,-40.52734375
25.300246238708496,-38.57421875
25.304144620895386,-38.0859375
25.308043003082275,-30.76171875
25.311941385269165,-28.80859375
25.315839767456055,-32.71484375
25.319738149642944,-29.78515625
25.323636531829834,-29.296875
25.327534675598145,-24.90234375
25.331433057785034,-20.01953125
25.335331439971924,-13.18359375
25.339462995529175,-8.7890625
25.343361377716064,-13.671875
25.347259759902954,-10.25390625
25.351158142089844,-7.32421875
25.355056524276733,-8.7890625
25.358954906463623,-17.578125
25.362853288650513,-22.4609375
25.366751670837402,-22.4609375
25.370650053024292,-26.3671875
25.37454843521118,-24.4140625
25.37844681739807,-18.5546875
25.38234519958496,-11.71875
25.386393785476685,-10.25390625
25.390292167663574,-19.04296875
25.394190549850464,-20.99609375
25.398088932037354,-14.16015625
25.401987314224243,-14.6484375
25.405885696411133,-15.13671875
25.409784078598022,-9.765625
25.413682460784912,-13.18359375
25.41758108139038,-12.6953125
25.42147946357727,-13.671875
25.42537784576416,-20.5078125
25.42927622795105,-21.484375
25.433316469192505,-18.5546875
25.437215089797974,-15.13671875
25.441113471984863,-10.7421875
25.445011854171753,-6.8359375
25.448910236358643,-2.44140625
25.452808618545532,-6.34765625
25.456707000732422,-11.71875
25.46060538291931,-13.18359375
25.46450400352478,-10.7421875
25.46840238571167,-3.90625
25.47230076789856,3.41796875
25.47619915008545,0.9765625
25.4802303314209,-5.859375
25.484128713607788,-9.765625
25.488027095794678,-8.30078125
25.491925477981567,-6.34765625
25.495823860168457,-9.27734375
25.499722480773926,-11.23046875
25.503620862960815,-12.20703125
25.507519245147705,-13.671875
25.511417627334595,-15.13671875
25.515316247940063,-16.6015625
25.519214630126953,-20.5078125
25.523113012313843,-21.484375
25.52720618247986,-16.11328125
25.531104564666748,-8.30078125
25.535003185272217,-17.578125
25.538901567459106,-24.90234375
25.542800188064575,-13.18359375
25.546698570251465,-17.08984375
25.550596952438354,-19.04296875
25.554495573043823,-10.7421875
25.558393955230713,-11.23046875
25.562292337417603,-11.71875
25.56619095802307,-8.30078125
25.57008934020996,-6.8359375
25.5742449760437,-11.23046875
25.57814335823059,-11.71875
25.58204197883606,-18.5546875
25.58594036102295,-24.4140625
25.589838981628418,-20.99609375
25.593737363815308,-21.484375
25.597635984420776,-16.6015625
25.601534366607666,-9.765625
25.605432987213135,-13.671875
25.609331369400024,-15.13671875
25.613229990005493,-10.25390625
25.617128372192383,-12.20703125
25.621201515197754,-14.16015625
25.625099897384644,-13.671875
25.628998517990112,-13.671875
25.63289713859558,-18.06640625
25.63679552078247,-16.11328125
25.64069414138794,-10.25390625
25.64459252357483,-11.71875
25.648491144180298,-8.30078125
25.652389526367188,-7.32421875
25.656288146972656,-3.41796875
25.660186767578125,-3.41796875
25.664085149765015,-8.7890625
25.6681489944458,-9.27734375
25.67204761505127,-10.7421875
25.67594599723816,-10.25390625
25.679844617843628,-1.46484375
25.683743238449097,1.46484375
25.687641620635986,-5.859375
25.691540241241455,-10.7421875
25.695438861846924,-9.765625
25.699337482452393,-4.8828125
25.703235864639282,-5.859375
25.70713448524475,-12.6953125
25.71103310585022,-9.765625
25.715091943740845,-3.41796875
25.718990564346313,-1.953125
25.722889184951782,-3.41796875
25.72678780555725,0.0
25.73068618774414,2.44140625
25.73458480834961,-7.32421875
25.738483428955078,-7.8125
25.742382049560547,-2.9296875
25.746280431747437,-6.8359375
25.750179052352905,-5.37109375
25.754077672958374,0.48828125
25.757976293563843,3.41796875
25.762097120285034,2.44140625
25.765995740890503,-2.9296875
25.76989436149597,-0.9765625
25.77379298210144,8.30078125
25.77769160270691,8.7890625
25.7815899848938,7.32421875
25.785488605499268,10.25390625
25.789387226104736,7.32421875
25.793285846710205,4.39453125
25.797184467315674,5.37109375
25.801083087921143,2.9296875
25.80498170852661,0.0
25.80915927886963,-7.32421875
25.813057899475098,-15.13671875
25.816956520080566,-16.6015625
25.820855140686035,-11.71875
25.824753761291504,-7.8125
25.828652381896973,-11.71875
25.83255100250244,-14.16015625
25.83644962310791,-10.7421875
25.840348482131958,-8.30078125
25.844247102737427,-18.06640625
25.848145723342896,-25.87890625
25.852044343948364,-23.4375
25.85614514350891,-20.99609375
25.86004376411438,-17.578125
25.86394238471985,-15.13671875
25.867841243743896,-14.6484375
25.871739864349365,-19.04296875
25.875638484954834,-26.85546875
25.879537105560303,-25.390625
25.88343572616577,-18.06640625
25.88733434677124,-20.5078125
25.891233205795288,-25.390625
25.895131826400757,-19.04296875
25.899030447006226,-10.7421875
25.903116703033447,-6.34765625
25.907015562057495,-16.11328125
25.910914182662964,-18.06640625
25.914812803268433,-10.25390625
25.91871166229248,-8.30078125
25.92261028289795,-12.20703125
25.926508903503418,-20.01953125
25.930407524108887,-30.2734375
25.934306383132935,-34.66796875
25.938205003738403,-34.1796875
25.942103624343872,-36.62109375
25.94600224494934,-40.0390625
25.950084686279297,-39.0625
25.953983306884766,-33.203125
25.957881927490234,-34.66796875
25.961780786514282,-34.66796875
25.96567940711975,-33.69140625
25.9695782661438,-40.0390625
25.973476886749268,-36.1328125
25.977375507354736,-27.83203125
25.981274366378784,-29.78515625
25.985172986984253,-29.78515625
25.98907160758972,-36.1328125
25.99297046661377,-42.48046875
25.997121810913086,-41.50390625
26.001020431518555,-48.33984375
26.004919290542603,-47.8515625
26.00881791114807,-36.1328125
26.01271677017212,-32.2265625
26.016615390777588,-33.69140625
26.020514249801636,-33.203125
26.024413108825684,-32.71484375
26.028311729431152,-31.73828125
26.0322105884552,-34.66796875
26.03610920906067,-35.64453125
26.040008068084717,-30.76171875
26.04407000541687,-28.80859375
26.047968864440918,-26.85546875
26.051867485046387,-28.3203125
26.055766344070435,-26.85546875
26.059665203094482,-24.4140625
26.06356382369995,-28.80859375
26.067462682724,-23.4375
26.071361303329468,-21.484375
26.075260162353516,-20.99609375
26.079159021377563,-15.625
26.083057641983032,-15.625
26.08695650100708,-22.4609375
26.09108257293701,-23.92578125
26.09498143196106,-15.13671875
26.09888005256653,-26.85546875
26.102778911590576,-39.0625
26.106677770614624,-32.2265625
26.110576629638672,-21.484375
26.11447525024414,-19.53125
26.11837410926819,-16.11328125
26.122272968292236,-13.671875
26.126171588897705,-18.5546875
26.130070447921753,-20.99609375
26.1339693069458,-26.85546875
26.13808250427246,-33.69140625
26.14198136329651,-33.203125
26.145880222320557,-31.25
26.149779081344604,-32.71484375
26.153677940368652,-31.25
26.1575767993927,-29.296875
26.161475658416748,-30.76171875
26.165374279022217,-28.3203125
26.169273138046265,-23.4375
26.173171997070312,-18.5546875
26.17707085609436,-17.08984375
26.180969715118408,-15.625
26.185073614120483,-13.18359375
26.18897247314453,-10.25390625
26.19287133216858,-6.8359375
26.196770191192627,0.9765625
26.200669050216675,1.46484375
26.204567909240723,-0.48828125
26.20846676826477,7.8125
26.21236562728882,7.32421875
26.216264486312866,8.7890625
26.220163345336914,15.13671875
26.224062204360962,12.6953125
26.22796106338501,3.41796875
26.232125520706177,1.953125
26.236024379730225,6.8359375
26.239923238754272,3.41796875
26.24382209777832,-4.39453125
26.247720956802368,-5.859375
26.251619815826416,-13.18359375
26.255518913269043,-21.484375
26.25941777229309,-13.18359375
26.26331663131714,-8.30078125
26.267215490341187,-17.08984375
26.271114349365234,-13.18359375
26.275013208389282,-6.34765625
26.27909779548645,-12.6953125
26.282996654510498,-10.7421875
26.286895751953125,-9.27734375
26.290794610977173,-17.578125
26.29469347000122,-25.390625
26.29859232902527,-29.78515625
26.302491426467896,-26.85546875
26.306390285491943,-23.4375
26.31028914451599,-22.4609375
26.31418800354004,-19.04296875
26.318086862564087,-22.4609375
26.321985960006714,-26.85546875
26.32606530189514,-29.78515625
26.32996416091919,-32.71484375
26.333863019943237,-30.76171875
26.337762117385864,-26.3671875
26.341660976409912,-29.78515625
26.34555983543396,-36.1328125
26.349458694458008,-30.2734375
26.353357791900635,-30.2734375
26.357256650924683,-30.76171875
26.36115550994873,-26.3671875
26.365054607391357,-20.99609375
26.368953466415405,-17.578125
26.373018980026245,-20.01953125
26.376917839050293,-16.6015625
26.38081669807434,-12.6953125
26.384715795516968,-25.390625
26.388614654541016,-35.64453125
26.392513751983643,-27.83203125
26.39641261100769,-23.92578125
26.400311708450317,-22.94921875
26.404210567474365,-11.23046875
26.408109426498413,-12.20703125
26.41200852394104,-25.390625
26.415907382965088,-25.87890625
26.42003345489502,-21.97265625
26.423932552337646,-26.85546875
26.427831411361694,-32.2265625
26.43173050880432,-30.76171875
26.43562936782837,-27.34375
26.439528465270996,-26.85546875
26.443427324295044,-32.2265625
26.44732642173767,-25.390625
26.451225519180298,-26.3671875
26.455124378204346,-28.3203125
26.459023475646973,-23.92578125
26.46292233467102,-30.76171875
26.466968774795532,-36.1328125
26.47086787223816,-33.203125
26.474766731262207,-32.71484375
26.478665828704834,-32.2265625
26.48256492614746,-36.62109375
26.48646378517151,-38.57421875
26.490362882614136,-32.2265625
26.494261741638184,-31.73828125
26.49816083908081,-35.64453125
26.502059936523438,-33.203125
26.505958795547485,-34.66796875
26.509857892990112,-39.55078125
26.513964891433716,-35.64453125
26.517863988876343,-29.78515625
26.52176308631897,-25.87890625
26.525662183761597,-23.4375
26.529561042785645,-27.83203125
26.53346014022827,-34.1796875
26.5373592376709,-39.0625
26.541258096694946,-40.52734375
26.545157194137573,-37.109375
26.5490562915802,-36.62109375
26.552955389022827,-30.76171875
26.556854248046875,-30.2734375
26.561021089553833,-39.0625
26.56492018699646,-40.0390625
26.568819284439087,-35.64453125
26.572718381881714,-35.15625
26.57661724090576,-33.69140625
26.58051633834839,-29.78515625
26.584415435791016,-37.59765625
26.588314533233643,-48.828125
26.59221363067627,-45.8984375
26.596112728118896,-37.109375
26.600011825561523,-39.0625
26.60391092300415,-41.9921875
26.607998609542847,-38.57421875
26.611897706985474,-41.015625
26.6157968044281,-48.33984375
26.619695901870728,-47.8515625
26.623594999313354,-39.55078125
26.62749409675598,-33.203125
26.63139319419861,-27.34375
26.635292291641235,-31.25
26.639191389083862,-39.55078125
26.64309048652649,-42.48046875
26.646989583969116,-42.48046875
26.650888681411743,-43.9453125
26.65503716468811,-37.109375
26.658936262130737,-32.71484375
26.662835359573364,-32.71484375
26.66673445701599,-24.90234375
26.670633554458618,-22.94921875
26.674532651901245,-23.92578125
26.678431749343872,-26.3671875
26.6823308467865,-32.2265625
26.686230182647705,-35.15625
26.690129280090332,-29.296875
26.69402837753296,-22.94921875
26.697927474975586,-23.4375
26.702000617980957,-27.83203125
26.705899715423584,-23.92578125
26.70979881286621,-17.08984375
26.713698148727417,-20.99609375
26.717597246170044,-26.3671875
26.72149634361267,-22.94921875
26.725395441055298,-18.06640625
26.729294776916504,-18.5546875
26.73319387435913,-26.85546875
26.737092971801758,-29.78515625
26.740992069244385,-25.87890625
26.74489116668701,-34.1796875
26.748952627182007,-39.0625
26.752851724624634,-31.25
26.75675082206726,-34.1796875
26.760650157928467,-43.45703125
26.764549255371094,-36.1328125
26.76844835281372,-19.04296875
26.772347688674927,-20.5078125
26.776246786117554,-29.78515625
26.78014588356018,-30.2734375
26.784045219421387,-33.203125
26.787944316864014,-40.0390625
26.79184341430664,-45.41015625
26.795893907546997,-38.0859375
26.799793004989624,-21.97265625
26.80369234085083,-22.4609375
26.807591438293457,-25.87890625
26.811490774154663,-26.3671875
26.81538987159729,-35.15625
26.819288969039917,-37.59765625
26.823188304901123,-33.69140625
26.82708740234375,-26.3671875
26.830986499786377,-24.4140625
26.834885835647583,-27.34375
26.83878493309021,-27.83203125
26.842895030975342,-22.4609375
26.84679412841797,-22.94921875
26.850693464279175,-25.87890625
26.8545925617218,-24.90234375
26.858491897583008,-28.3203125
26.862390995025635,-28.80859375
26.86629033088684,-27.34375
26.870189428329468,-28.3203125
26.874088764190674,-23.4375
26.8779878616333,-20.01953125
26.881887197494507,-22.4609375
26.885786294937134,-28.3203125
26.8899564743042,-34.66796875
26.893855810165405,-43.9453125
26.897754907608032,-48.828125
26.90165424346924,-42.48046875
26.905553340911865,-40.52734375
26.90945267677307,-39.55078125
26.913352012634277,-39.55078125
26.917251110076904,-40.0390625
26.92115044593811,-35.15625
26.925049781799316,-35.64453125
26.928948879241943,-38.0859375
26.93284821510315,-35.15625
26.93693995475769,-35.15625
26.940839290618896,-36.1328125
26.944738388061523,-32.2265625
26.94863772392273,-23.92578125
26.952537059783936,-25.390625
26.95643639564514,-27.83203125
26.96033549308777,-30.76171875
26.964234828948975,-27.83203125
26.96813416481018,-30.76171875
26.972033500671387,-32.2265625
26.975932598114014,-25.390625
26.97983193397522,-24.4140625
26.9839129447937,-24.90234375
26.987812280654907,-27.83203125
26.991711616516113,-24.90234375
26.99561071395874,-22.94921875
26.999510049819946,-22.94921875
27.003409385681152,-22.94921875
27.00730872154236,-24.4140625
27.011208057403564,-21.484375
27.01510739326477,-19.04296875
27.019006490707397,-24.4140625
27.022905826568604,-29.78515625
27.02680516242981,-26.3671875
27.030877828598022,-22.94921875
27.03477716445923,-18.06640625
27.038676500320435,-20.01953125
27.04257583618164,-24.90234375
27.046474933624268,-23.4375
27.050374269485474,-21.484375
27.05427360534668,-25.390625
27.058172941207886,-28.3203125
27.062072277069092,-29.78515625
27.065971612930298,-32.71484375
27.069870948791504,-33.69140625
27.07377028465271,-29.296875
27.077901601791382,-28.3203125
27.081800937652588,-33.69140625
27.085700273513794,-30.2734375
27.089599609375,-27.83203125
27.093498945236206,-31.25
27.097398281097412,-31.73828125
27.101297616958618,-37.109375
27.105197191238403,-42.48046875
27.10909652709961,-44.43359375
27.112995862960815,-40.0390625
27.11689519882202,-38.57421875
27.120794534683228,-37.109375
27.1248562335968,-33.203125
27.128755569458008,-39.55078125
27.132654905319214,-43.45703125
27.13655424118042,-37.109375
27.140453577041626,-33.203125
27.144352912902832,-36.1328125
27.148252487182617,-40.52734375
27.152151823043823,-38.57421875
27.15605115890503,-30.2734375
27.159950494766235,-29.78515625
27.16384983062744,-32.71484375
27.167749166488647,-37.59765625
27.171793699264526,-38.57421875
27.175693035125732,-35.15625
27.179592609405518,-35.15625
27.183491945266724,-37.109375
27.18739128112793,-35.15625
27.191290616989136,-32.2265625
27.19519019126892,-33.203125
27.199089527130127,-39.0625
27.202988862991333,-49.8046875
27.20688819885254,-52.24609375
27.210787773132324,-51.7578125
27.21468710899353,-59.08203125
27.218726634979248,-56.640625
27.222626209259033,-52.24609375
27.22652554512024,-51.7578125
27.230424880981445,-50.78125
27.23432445526123,-47.36328125
27.238223791122437,-41.9921875
27.242123126983643,-45.8984375
27.246022701263428,-45.8984375
27.249922037124634,-39.0625
27.25382137298584,-41.9921875
27.257720947265625,-41.50390625
27.26162028312683,-31.73828125
27.265718936920166,-33.69140625
27.269618272781372,-36.1328125
27.273517608642578,-22.4609375
27.277417182922363,-20.5078125
27.28131651878357,-28.80859375
27.285216093063354,-28.80859375
27.28911542892456,-29.78515625
27.293014764785767,-35.64453125
27.29691433906555,-37.109375
27.300813674926758,-30.76171875
27.304713249206543,-20.99609375
27.30861258506775,-23.4375
27.3127703666687,-35.64453125
27.316669702529907,-35.64453125
27.320569276809692,-23.92578125
27.3244686126709,-18.06640625
27.328368186950684,-19.53125
27.33226776123047,-20.5078125
27.336167097091675,-21.97265625
27.34006667137146,-20.99609375
27.343966007232666,-19.53125
27.34786558151245,-25.390625
27.351764917373657,-23.92578125
27.355664491653442,-23.4375
27.359750747680664,-37.109375
27.36365008354187,-40.0390625
27.367549657821655,-36.1328125
27.37144923210144,-39.0625
27.375348567962646,-35.64453125
27.37924814224243,-32.2265625
27.383147716522217,-36.1328125
27.387047052383423,-32.71484375
27.390946626663208,-28.3203125
27.394846200942993,-26.85546875
27.3987455368042,-21.97265625
27.402645111083984,-17.08984375
27.40671682357788,-22.4609375
27.410616159439087,-35.64453125
27.414515733718872,-37.109375
27.418415307998657,-32.71484375
27.422314882278442,-33.69140625
27.42621421813965,-35.15625
27.430113792419434,-38.0859375
27.43401336669922,-33.69140625
27.437912940979004,-28.80859375
27.44181227684021,-30.2734375
27.445711851119995,-30.2734375
27.44961142539978,-25.87890625
27.453678846359253,-23.92578125
27.457578420639038,-27.83203125
27.461477756500244,-22.94921875
27.46537733078003,-22.94921875
27.469276905059814,-28.3203125
27.4731764793396,-22.94921875
27.477076053619385,-20.99609375
27.48097562789917,-24.90234375
27.484874963760376,-21.97265625
27.48877453804016,-19.53125
27.492674112319946,-14.16015625
27.49657368659973,-13.18359375
27.50069499015808,-24.4140625
27.504594326019287,-32.71484375
27.508493900299072,-33.69140625
27.512393474578857,-32.2265625
27.516293048858643,-29.78515625
27.520192623138428,-26.3671875
27.524092197418213,-31.25
27.527991771697998,-30.2734375
27.531891345977783,-23.4375
27.53579092025757,-27.83203125
27.539690494537354,-32.2265625
27.54359006881714,-33.69140625
27.54763650894165,-30.2734375
27.551536083221436,-37.109375
27.55543565750122,-44.43359375
27.559335231781006,-32.2265625
27.56323480606079,-27.34375
27.567134380340576,-36.62109375
27.57103395462036,-40.0390625
27.574933528900146,-33.69140625
27.57883310317993,-31.25
27.582732677459717,-31.73828125
27.586632251739502,-28.80859375
27.590531826019287,-24.4140625
27.594565868377686,-29.78515625
27.59846568107605,-33.203125
27.602365255355835,-32.2265625
27.60626482963562,-31.73828125
27.610164403915405,-28.80859375
27.61406397819519,-25.390625
27.617963552474976,-28.80859375
27.62186312675476,-30.2734375
27.625762701034546,-32.2265625
27.62966227531433,-32.2265625
27.633562088012695,-33.203125
27.63746166229248,-40.52734375
27.64155411720276,-41.50390625
27.645453691482544,-35.64453125
27.649353504180908,-33.69140625
27.653253078460693,-32.71484375
27.65715265274048,-29.296875
27.661052227020264,-33.69140625
27.66495180130005,-36.62109375
27.668851613998413,-34.66796875
27.6727511882782,-37.59765625
27.676650762557983,-41.9921875
27.68055033683777,-44.921875
27.684450149536133,-50.29296875
27.688538074493408,-46.38671875
27.692437648773193,-41.50390625
27.696337461471558,-45.41015625
27.700237035751343,-41.015625
27.704136610031128,-34.66796875
27.708036422729492,-39.55078125
27.711935997009277,-41.015625
27.715835571289062,-38.0859375
27.719735145568848,-37.59765625
27.723634958267212,-36.62109375
27.727534532546997,-36.62109375
27.731434106826782,-34.66796875
27.735575914382935,-37.109375
27.73947548866272,-36.1328125
27.743375301361084,-35.15625
27.74727487564087,-34.66796875
27.751174449920654,-30.76171875
27.75507426261902,-32.2265625
27.758973836898804,-29.296875
27.762873649597168,-23.92578125
27.766773223876953,-30.76171875
27.770673036575317,-36.1328125
27.774572610855103,-34.66796875
27.778472185134888,-33.69140625
27.782537937164307,-34.1796875
27.786437511444092,-40.0390625
27.790337324142456,-41.9921875
27.79423689842224,-37.109375
27.798136711120605,-36.62109375
27.80203628540039,-34.1796875
27.805936098098755,-32.2265625
27.80983567237854,-39.0625
27.813735485076904,-39.0625
27.81763505935669,-33.203125
27.821534872055054,-34.1796875
27.82543444633484,-35.15625
27.82949137687683,-32.71484375
27.833391189575195,-31.25
27.83729100227356,-35.64453125
27.841190576553345,-35.15625
27.84509038925171,-33.69140625
27.848989963531494,-35.64453125
27.85288977622986,-32.71484375
27.856789588928223,-36.1328125
27.860689163208008,-42.48046875
27.864588975906372,-40.0390625
27.868488788604736,-39.0625
27.87238836288452,-43.45703125
27.87643599510193,-39.55078125
27.880335807800293,-40.52734375
27.884235620498657,-42.48046875
27.88813543319702,-39.0625
27.892035007476807,-42.96875
27.89593482017517,-42.48046875
27.899834632873535,-40.52734375
27.90373420715332,-44.43359375
27.907634019851685,-42.48046875
27.91153383255005,-38.0859375
27.915433406829834,-41.50390625
27.9193332195282,-46.875
27.923442840576172,-43.45703125
27.927342653274536,-35.15625
27.9312424659729,-34.1796875
27.935142040252686,-41.50390625
27.93904185295105,-42.48046875
27.942941665649414,-39.55078125
27.94684147834778,-37.109375
27.950741291046143,-34.66796875
27.954640865325928,-35.15625
27.958540678024292,-32.71484375
27.962440490722656,-37.109375
27.96634030342102,-36.1328125
27.970370054244995,-34.66796875
27.97426986694336,-32.2265625
27.978169679641724,-37.59765625
27.98206925392151,-49.31640625
27.985969066619873,-41.015625
27.989868879318237,-35.15625
27.9937686920166,-44.921875
27.997668504714966,-49.31640625
28.00156831741333,-41.50390625
28.005468130111694,-39.55078125
28.00936794281006,-42.96875
28.013267517089844,-38.57421875
28.017359495162964,-40.0390625
28.02125906944275,-52.24609375
28.025158882141113,-59.5703125
28.029058694839478,-59.08203125
28.032958507537842,-57.6171875
28.036858320236206,-50.29296875
28.04075813293457,-45.41015625
28.044657945632935,-49.8046875
28.0485577583313,-57.6171875
28.052457571029663,-54.6875
28.056357383728027,-51.7578125
28.06025719642639,-51.26953125
28.064335584640503,-47.8515625
28.068235397338867,-51.26953125
28.07213521003723,-52.734375
28.076035022735596,-54.6875
28.07993483543396,-56.640625
28.083834648132324,-48.33984375
28.08773446083069,-49.31640625
28.091634273529053,-51.7578125
28.095534086227417,-47.36328125
28.09943389892578,-49.31640625
28.103333950042725,-53.22265625
28.10723376274109,-49.31640625
28.111303091049194,-45.8984375
28.11520290374756,-41.015625
28.119102716445923,-38.57421875
28.123002529144287,-45.8984375
28.12690234184265,-44.921875
28.130802154541016,-43.9453125
28.13470220565796,-37.59765625
28.138602018356323,-35.64453125
28.142501831054688,-39.0625
28.14640164375305,-43.45703125
28.150301456451416,-37.109375
28.15420126914978,-32.2265625
28.158332109451294,-41.50390625
28.162231922149658,-41.015625
28.166131734848022,-40.0390625
28.170031785964966,-39.0625
28.17393159866333,-34.66796875
28.177831411361694,-39.0625
28.18173122406006,-36.62109375
28.185631275177002,-32.2265625
28.189531087875366,-29.78515625
28.19343090057373,-26.3671875
28.197330713272095,-23.92578125
28.201230764389038,-24.4140625
28.205413818359375,-29.78515625
28.20931386947632,-34.1796875
28.213213682174683,-34.1796875
28.217113494873047,-32.2265625
28.22101354598999,-30.76171875
28.224913358688354,-28.3203125
28.228813409805298,-33.203125
28.232713222503662,-34.1796875
28.236613273620605,-33.69140625
28.24051308631897,-39.55078125
28.244412899017334,-41.9921875
28.248312950134277,-37.109375
28.25242042541504,-34.66796875
28.256320238113403,-34.1796875
28.260220289230347,-33.203125
28.26412010192871,-37.109375
28.268020153045654,-30.76171875
28.27191996574402,-26.3671875
28.275820016860962,-34.66796875
28.279719829559326,-38.0859375
28.28361988067627,-34.1796875
28.287519693374634,-30.76171875
28.291419744491577,-29.296875
28.29531955718994,-28.80859375
28.299419403076172,-28.80859375
28.303319454193115,-23.92578125
28.30721926689148,-25.390625
28.311119318008423,-31.73828125
28.315019369125366,-32.71484375
28.31891918182373,-30.2734375
28.322819232940674,-33.69140625
28.326719284057617,-29.78515625
28.33061909675598,-27.34375
28.334519147872925,-20.99609375
28.33841896057129,-13.18359375
28.342319011688232,-20.01953125
28.34640884399414,-32.71484375
28.350308656692505,-37.109375
28.35420870780945,-27.34375
28.35810875892639,-28.3203125
28.362008810043335,-32.2265625
28.3659086227417,-30.2734375
28.369808673858643,-30.2734375
28.373708724975586,-30.76171875
28.37760877609253,-26.85546875
28.381508588790894,-36.62109375
28.385408639907837,-42.96875
28.38930869102478,-43.9453125
28.39345908164978,-43.45703125
28.397359132766724,-28.80859375
28.401259183883667,-20.01953125
28.40515923500061,-18.5546875
28.409059286117554,-20.5078125
28.412959337234497,-17.578125
28.41685914993286,-11.71875
28.420759201049805,-14.6484375
28.424659252166748,-14.6484375
28.42855930328369,-25.390625
28.432459354400635,-37.59765625
28.436359405517578,-33.69140625
28.44043207168579,-33.203125
28.444332122802734,-35.15625
28.448232173919678,-36.1328125
28.45213222503662,-39.55078125
28.456032276153564,-39.55078125
28.459932327270508,-37.109375
28.46383237838745,-36.1328125
28.467732429504395,-35.64453125
28.471632480621338,-36.1328125
28.47553253173828,-39.55078125
28.479432582855225,-35.64453125
28.483332633972168,-34.1796875
28.487399578094482,-30.2734375
28.491299629211426,-26.85546875
28.49519968032837,-34.66796875
28.499099731445312,-33.69140625
28.502999782562256,-29.78515625
28.5068998336792,-30.2734375
28.51080012321472,-32.2265625
28.514700174331665,-33.203125
28.51860022544861,-33.69140625
28.52250027656555,-29.296875
28.526400327682495,-25.87890625
28.53030037879944,-29.78515625
28.534419536590576,-34.66796875
28.53831958770752,-28.80859375
28.542219638824463,-25.390625
28.546119928359985,-30.2734375
28.55001997947693,-34.66796875
28.553920030593872,-37.59765625
28.557820081710815,-43.9453125
28.56172013282776,-41.015625
28.565620183944702,-36.62109375
28.569520235061646,-33.69140625
28.573420524597168,-36.62109375
28.57732057571411,-40.0390625
28.581437587738037,-37.109375
28.58533763885498,-38.0859375
28.589237689971924,-38.57421875
28.593137979507446,-34.66796875
28.59703803062439,-31.25
28.600938081741333,-28.80859375
28.604838132858276,-28.3203125
28.6087384223938,-31.25
28.612638473510742,-36.1328125
28.616538524627686,-34.66796875
28.62043857574463,-30.2734375
28.62433886528015,-28.3203125
28.62851643562317,-21.484375
28.632416486740112,-21.97265625
28.636316776275635,-24.4140625
28.640216827392578,-20.5078125
28.64411687850952,-19.53125
28.648017168045044,-13.18359375
28.651917219161987,-9.27734375
28.65581750869751,-11.71875
28.659717559814453,-15.625
28.663617610931396,-16.11328125
28.66751790046692,-9.27734375
28.671417951583862,-12.6953125
28.675514459609985,-18.06640625
28.67941451072693,-27.83203125
28.68331480026245,-31.25
28.687214851379395,-25.390625
28.691115140914917,-23.92578125
28.69501519203186,-20.5078125
28.698915481567383,-24.4140625
28.702815532684326,-32.2265625
28.70671582221985,-29.78515625
28.710615873336792,-31.25
28.714516162872314,-35.15625
28.718416213989258,-28.80859375
28.7225079536438,-31.25
28.72640824317932,-42.48046875
28.730308294296265,-41.50390625
28.734208583831787,-34.1796875
28.73810863494873,-41.50390625
28.742008924484253,-50.78125
28.745909214019775,-47.36328125
28.74980926513672,-47.8515625
28.75370955467224,-50.78125
28.757609605789185,-48.828125
28.761509895324707,-47.36328125
28.76541018486023,-40.0390625
28.76948881149292,-35.15625
28.773389101028442,-39.55078125
28.777289152145386,-45.8984375
28.781189441680908,-42.96875
28.78508973121643,-40.0390625
28.788989782333374,-46.875
28.792890071868896,-47.8515625
28.79679036140442,-35.15625
28.800690412521362,-34.66796875
28.804590702056885,-43.45703125
28.808490991592407,-40.0390625
28.81239104270935,-38.0859375
28.816526412963867,-45.41015625
28.82042670249939,-43.9453125
28.824326753616333,-34.1796875
28.828227043151855,-34.1796875
28.832127332687378,-29.78515625
28.8360276222229,-27.83203125
28.839927911758423,-33.203125
28.843827962875366,-33.203125
28.84772825241089,-36.1328125
28.85162854194641,-34.1796875
28.855528831481934,-23.92578125
28.859429121017456,-22.4609375
28.86349105834961,-28.3203125
28.867391347885132,-25.390625
28.871291637420654,-16.6015625
28.875191926956177,-26.85546875
28.87909197807312,-38.57421875
28.882992267608643,-40.52734375
28.886892557144165,-35.64453125
28.890792846679688,-31.73828125
28.89469313621521,-38.57421875
28.898593425750732,-36.1328125
28.902493715286255,-33.69140625
28.906394004821777,-38.57421875
28.910510778427124,-34.1796875
28.914411067962646,-32.71484375
28.91831135749817,-32.71484375
28.92221164703369,-30.76171875
28.926111936569214,-31.73828125
28.930012226104736,-25.390625
28.93391251564026,-20.01953125
28.93781280517578,-19.53125
28.941713094711304,-22.4609375
28.945613384246826,-25.87890625
28.94951367378235,-20.01953125
28.95341396331787,-17.08984375
28.957521438598633,-15.13671875
28.961421728134155,-11.23046875
28.965322017669678,-17.578125
28.9692223072052,-22.4609375
28.973122596740723,-18.06640625
28.977023124694824,-20.01953125
28.980923414230347,-20.01953125
28.98482370376587,-18.5546875
28.98872399330139,-17.08984375
28.992624282836914,-15.13671875
28.996524572372437,-10.7421875
29.00042486190796,-11.71875
29.004523515701294,-13.671875
29.008424043655396,-10.7421875
29.012324333190918,-10.25390625
29.01622462272644,-18.06640625
29.020124912261963,-24.90234375
29.024025440216064,-30.2734375
29.027925729751587,-20.99609375
29.03182601928711,-2.44140625
29.035726308822632,-2.44140625
29.039626598358154,-4.8828125
29.043527126312256,-8.7890625
29.04742741584778,-6.34765625
29.05158567428589,5.859375
29.05548596382141,6.34765625
29.059386491775513,1.953125
29.063286781311035,1.46484375
29.067187309265137,1.953125
29.07108759880066,-0.9765625
29.07498788833618,-2.44140625
29.078888416290283,2.9296875
29.082788705825806,5.37109375
29.086688995361328,12.20703125
29.09058952331543,13.671875
29.094489812850952,6.8359375
29.098570346832275,4.39453125
29.102470636367798,9.765625
29.1063711643219,15.625
29.110271453857422,11.71875
29.114171743392944,2.9296875
29.118072271347046,-3.41796875
29.12197256088257,-1.953125
29.12587308883667,5.37109375
29.129773378372192,9.27734375
29.133673906326294,4.8828125
29.137574195861816,1.953125
29.14147448539734,-1.46484375
29.145546674728394,-4.8828125
29.149447202682495,5.859375
29.153347492218018,10.7421875
29.15724802017212,3.41796875
29.16114830970764,0.0
29.165048837661743,-4.39453125
29.168949127197266,-12.20703125
29.172849655151367,-9.765625
29.17674994468689,-0.48828125
29.18065047264099,-3.90625
29.184550762176514,-13.18359375
29.188451290130615,-14.6484375
29.192514896392822,-7.8125
29.196415424346924,-5.37109375
29.200315713882446,-3.41796875
29.204216241836548,-0.48828125
29.20811653137207,-0.9765625
29.212017059326172,-6.8359375
29.215917587280273,-10.7421875
29.219817876815796,-11.23046875
29.223718404769897,-16.11328125
29.22761869430542,-16.6015625
29.23151922225952,-15.625
29.235419750213623,-13.671875
29.239538431167603,-14.6484375
29.243438959121704,-12.20703125
29.247339487075806,-5.37109375
29.251239776611328,-3.90625
29.25514030456543,-12.20703125
29.25904083251953,-22.4609375
29.262941122055054,-11.71875
29.266841650009155,-10.7421875
29.270742177963257,-13.18359375
29.27464270591736,-10.7421875
29.27854299545288,-11.23046875
29.282443523406982,-13.18359375
29.286617040634155,-13.671875
29.290517568588257,-16.11328125
29.29441785812378,-20.5078125
29.29831838607788,-20.01953125
29.302218914031982,-22.4609375
29.306119441986084,-21.97265625
29.310019969940186,-14.6484375
29.313920497894287,-12.6953125
29.31782102584839,-17.08984375
29.32172131538391,-19.53125
29.325621843338013,-18.5546875
29.329522371292114,-13.671875
29.33362340927124,-10.7421875
29.337523937225342,-11.23046875
29.341424465179443,-14.6484375
29.345324993133545,-22.4609375
29.349225521087646,-19.53125
29.353126049041748,-11.23046875
29.35702657699585,-18.06640625
29.36092710494995,-17.08984375
29.364827632904053,-6.8359375
29.368728160858154,-7.32421875
29.372628688812256,-9.27734375
29.376529216766357,-9.765625
29.38062071800232,-8.30078125
29.38452124595642,-10.25390625
29.388421773910522,-25.390625
29.392322301864624,-22.4609375
29.396222829818726,-10.7421875
29.400123357772827,-15.13671875
29.40402388572693,-17.578125
29.40792441368103,-13.671875
29.411824941635132,-7.32421875
29.415725469589233,-5.859375
29.419625997543335,-9.765625
29.423526763916016,-11.71875
29.42760968208313,-15.13671875
29.43151021003723,-13.18359375
29.435410737991333,-2.9296875
29.439311265945435,1.46484375
29.443212032318115,0.9765625
29.447112560272217,-4.39453125
29.45101308822632,-11.23046875
29.45491361618042,-6.34765625
29.45881414413452,-0.48828125
29.462714672088623,-5.37109375
29.466615200042725,-9.27734375
29.470515966415405,-11.71875
29.474653959274292,-9.27734375
29.478554487228394,-5.859375
29.482455015182495,-5.37109375
29.486355543136597,-9.765625
29.490256309509277,-14.6484375
29.49415683746338,-16.11328125
29.49805736541748,-16.11328125
29.501957893371582,-14.6484375
29.505858659744263,-10.7421875
29.509759187698364,-7.32421875
29.513659715652466,-9.765625
29.517560243606567,-10.7421875
29.521626710891724,-12.6953125
29.525527238845825,-14.16015625
29.529427766799927,-9.27734375
29.533328533172607,-12.20703125
29.53722906112671,-16.6015625
29.54112958908081,-19.04296875
29.54503035545349,-19.04296875
29.548930883407593,-10.7421875
29.552831411361694,-6.34765625
29.556732177734375,-16.6015625
29.560632705688477,-31.25
29.564533233642578,-34.1796875
29.56859040260315,-31.73828125
29.57249093055725,-27.83203125
29.57639169692993,-30.2734375
29.580292224884033,-41.9921875
29.584192991256714,-51.7578125
29.588093519210815,-59.08203125
29.591994285583496,-60.05859375
29.595894813537598,-63.96484375
29.5997953414917,-70.3125
29.60369610786438,-65.4296875
29.60759663581848,-63.4765625
29.611497402191162,-71.77734375
29.615545988082886,-73.2421875
29.619446516036987,-77.1484375
29.623347282409668,-80.078125
29.62724781036377,-81.54296875
29.63114857673645,-81.54296875
29.63504910469055,-83.0078125
29.638949871063232,-73.73046875
29.642850399017334,-59.08203125
29.646751165390015,-60.546875
29.650651693344116,-65.91796875
29.654552459716797,-61.5234375
29.6584529876709,-54.6875
29.662556886672974,-53.22265625
29.666457653045654,-49.8046875
29.670358180999756,-48.828125
29.674258947372437,-46.38671875
29.678159475326538,-45.41015625
29.68206024169922,-43.45703125
29.6859610080719,-37.109375
29.689861536026,-40.52734375
29.69376230239868,-36.1328125
29.697662830352783,-27.83203125
29.701563596725464,-37.109375
29.705464363098145,-35.15625
29.709622144699097,-31.25
29.713522911071777,-36.1328125
29.71742343902588,-33.203125
29.72132420539856,-27.34375
29.72522497177124,-30.76171875
29.72912573814392,-34.1796875
29.733026266098022,-33.69140625
29.736927032470703,-26.3671875
29.740827798843384,-25.87890625
29.744728326797485,-27.34375
29.748629093170166,-25.390625
29.752529859542847,-32.2265625
29.756617069244385,-39.55078125
29.760517835617065,-46.875
29.764418363571167,-56.15234375
29.768319129943848,-45.41015625
29.77221989631653,-34.1796875
29.77612066268921,-36.1328125
29.78002142906189,-33.203125
29.78392219543457,-32.71484375
29.787822723388672,-35.15625
29.791723489761353,-35.64453125
29.795624256134033,-37.109375
29.799525022506714,-36.62109375
29.80360221862793,-29.296875
29.80750298500061,-29.78515625
29.81140375137329,-29.296875
29.81530451774597,-28.3203125
29.819205284118652,-30.2734375
29.823105812072754,-34.1796875
29.827006578445435,-37.109375
29.830907344818115,-35.15625
29.834808111190796,-26.3671875
29.838708877563477,-32.2265625
29.842609643936157,-35.64453125
29.846510410308838,-29.296875
29.850579500198364,-33.203125
29.854480266571045,-38.57421875
29.858381032943726,-33.203125
29.862281799316406,-26.85546875
29.866182565689087,-30.2734375
29.870083332061768,-30.2734375
29.87398409843445,-36.1328125
29.87788486480713,-42.48046875
29.88178563117981,-43.9453125
29.88568639755249,-39.55078125
29.88958716392517,-33.203125
29.89348793029785,-30.76171875
29.897610664367676,-27.83203125
29.901511430740356,-24.4140625
29.905412435531616,-21.97265625
29.909313201904297,-28.3203125
29.913213968276978,-27.34375
29.917114734649658,-22.94921875
29.92101550102234,-20.01953125
29.92491626739502,-26.85546875
29.9288170337677,-40.0390625
29.93271780014038,-41.50390625
29.93661856651306,-31.73828125
29.940519332885742,-30.76171875
29.944695949554443,-31.25
29.948596715927124,-28.3203125
29.952497482299805,-29.78515625
29.956398248672485,-28.3203125
29.960299253463745,-22.4609375
29.964200019836426,-20.5078125
29.968100786209106,-26.3671875
29.972001552581787,-26.3671875
29.975902318954468,-22.94921875
29.979803323745728,-24.90234375
29.983704090118408,-23.92578125
29.98760485649109,-23.4375
29.99165630340576,-25.390625
29.99555730819702,-25.390625
29.999458074569702,-20.99609375
30.003358840942383,-21.484375
30.007259845733643,-24.90234375
30.011160612106323,-33.203125
30.015061378479004,-38.0859375
30.018962144851685,-38.57421875
30.022863149642944,-40.0390625
30.026763916015625,-37.109375
30.030664682388306,-31.73828125
30.034565687179565,-31.73828125
30.038666009902954,-29.296875
30.042566776275635,-26.3671875
30.046467781066895,-26.3671875
30.050368547439575,-32.2265625
30.054269552230835,-39.0625
30.058170318603516,-35.15625
30.062071084976196,-31.25
30.065972089767456,-32.71484375
30.069872856140137,-31.25
30.073773860931396,-23.92578125
30.077674627304077,-25.87890625
30.081575393676758,-30.76171875
30.085668563842773,-25.390625
30.089569330215454,-27.34375
30.093470335006714,-33.203125
30.097371101379395,-29.296875
30.101272106170654,-27.83203125
30.105172872543335,-33.203125
30.109073877334595,-37.109375
30.112974643707275,-33.69140625
30.116875648498535,-28.3203125
30.120776414871216,-30.76171875
30.124677419662476,-33.69140625
30.128578186035156,-35.15625
30.13272523880005,-38.57421875
30.13662600517273,-38.57421875
30.14052700996399,-34.1796875
30.14442777633667,-37.59765625
30.14832878112793,-35.15625
30.15222978591919,-31.25
30.15613055229187,-31.73828125
30.16003155708313,-33.203125
30.16393256187439,-33.69140625
30.16783332824707,-30.2734375
30.17173433303833,-29.78515625
30.17563509941101,-35.15625
30.179710626602173,-36.1328125
30.183611392974854,-35.64453125
30.187512397766113,-35.64453125
30.191413402557373,-31.73828125
30.195314168930054,-29.78515625
30.199215173721313,-35.64453125
30.203116178512573,-37.109375
30.207016944885254,-29.296875
30.210917949676514,-27.34375
30.214818954467773,-32.71484375
30.218719959259033,-29.78515625
30.222620725631714,-19.53125
30.22668766975403,-25.87890625
30.230588674545288,-31.73828125
30.234489679336548,-30.2734375
30.23839044570923,-33.69140625
30.24229145050049,-29.296875
30.246192455291748,-24.4140625
30.250093460083008,-24.4140625
30.25399422645569,-21.484375
30.25789523124695,-27.34375
30.261796236038208,-29.78515625
30.265697240829468,-25.390625
30.269598245620728,-25.87890625
30.273658990859985,-26.85546875
30.277559995651245,-25.390625
30.281460762023926,-24.90234375
30.285361766815186,-28.80859375
30.289262771606445,-35.64453125
30.293163776397705,-39.55078125
30.297064781188965,-35.15625
30.300965785980225,-32.2265625
30.304866790771484,-34.1796875
30.308767557144165,-38.57421875
30.312668561935425,-41.015625
30.316569566726685,-41.015625
30.320682287216187,-37.59765625
30.324583292007446,-34.66796875
30.328484296798706,-36.1328125
30.332385301589966,-36.62109375
30.336286306381226,-31.73828125
30.340187311172485,-32.2265625
30.344088315963745,-31.73828125
30.347989320755005,-26.3671875
30.351890087127686,-29.78515625
30.355791091918945,-33.69140625
30.359692096710205,-35.64453125
30.363593101501465,-31.25
30.367634296417236,-31.25
30.371535301208496,-36.62109375
30.375436305999756,-32.71484375
30.379337310791016,-30.2734375
30.383238315582275,-23.92578125
30.387139320373535,-21.484375
30.391040325164795,-27.83203125
30.394941568374634,-29.78515625
30.398842573165894,-26.3671875
30.402743577957153,-18.06640625
30.406644582748413,-18.5546875
30.410545587539673,-20.01953125
30.414639949798584,-20.5078125
30.418540954589844,-21.484375
30.422441959381104,-30.76171875
30.426342964172363,-30.76171875
30.430243968963623,-19.04296875
30.434144973754883,-17.08984375
30.43804621696472,-21.484375
30.44194722175598,-25.390625
30.44584822654724,-20.5078125
30.4497492313385,-15.625
30.45365023612976,-19.04296875
30.45755124092102,-20.99609375
30.4616379737854,-22.94921875
30.46553897857666,-28.80859375
30.4694402217865,-34.66796875
30.47334122657776,-34.1796875
30.47724223136902,-32.71484375
30.48114323616028,-31.73828125
30.485044479370117,-37.109375
30.488945484161377,-34.66796875
30.492846488952637,-23.92578125
30.496747493743896,-27.34375
30.500648498535156,-29.78515625
30.504549741744995,-23.4375
30.50862765312195,-27.34375
30.512528657913208,-32.2265625
30.516429901123047,-32.2265625
30.520330905914307,-31.73828125
30.524231910705566,-31.25
30.528132915496826,-25.87890625
30.532034158706665,-25.390625
30.535935163497925,-27.83203125
30.539836168289185,-24.90234375
30.543737411499023,-27.34375
30.547638416290283,-25.390625
30.551539421081543,-23.4375
30.555670976638794,-22.4609375
30.559571981430054,-15.13671875
30.563473224639893,-15.13671875
30.567374229431152,-15.625
30.571275234222412,-9.765625
30.57517647743225,-9.27734375
30.57907748222351,-17.08984375
30.58297872543335,-20.99609375
30.58687973022461,-25.390625
30.59078073501587,-24.90234375
30.594681978225708,-20.01953125
30.598582983016968,-22.4609375
30.602644443511963,-25.390625
30.6065456867218,-17.578125
30.61044669151306,-14.16015625
30.6143479347229,-20.5078125
30.61824893951416,-25.390625
30.622150182724,-29.296875
30.62605118751526,-35.15625
30.629952430725098,-38.0859375
30.633853435516357,-35.15625
30.637754678726196,-30.76171875
30.641655683517456,-33.203125
30.645556926727295,-28.80859375
30.649609804153442,-25.87890625
30.65351104736328,-31.25
30.65741205215454,-31.25
30.66131329536438,-29.78515625
30.66521453857422,-26.3671875
30.66911554336548,-26.3671875
30.673016786575317,-21.97265625
30.676917791366577,-25.87890625
30.680819034576416,-40.0390625
30.684720039367676,-39.55078125
30.688621282577515,-27.34375
30.692522525787354,-26.3671875
30.696566581726074,-32.2265625
30.700467824935913,-35.15625
30.704369068145752,-33.203125
30.70827007293701,-28.3203125
30.71217131614685,-29.296875
30.71607255935669,-33.69140625
30.71997356414795,-33.203125
30.723874807357788,-29.296875
30.727776050567627,-26.85546875
30.731677055358887,-38.0859375
30.735578298568726,-47.36328125
30.739479303359985,-41.50390625
30.743576526641846,-30.76171875
30.747477531433105,-29.296875
30.751378774642944,-29.296875
30.755280017852783,-31.25
30.759181022644043,-33.203125
30.763082265853882,-28.80859375
30.76698350906372,-26.3671875
30.77088475227356,-26.85546875
30.77478575706482,-24.4140625
30.778687000274658,-29.296875
30.782588243484497,-35.64453125
30.786489486694336,-27.34375
30.790639877319336,-23.92578125
30.794540882110596,-25.390625
30.798442125320435,-20.01953125
30.802343368530273,-23.4375
30.806244611740112,-30.76171875
30.81014585494995,-30.76171875
30.81404709815979,-29.78515625
30.81794834136963,-27.34375
30.82184934616089,-26.3671875
30.825750589370728,-27.83203125
30.829651832580566,-23.92578125
30.833553075790405,-19.53125
30.83763360977173,-24.4140625
30.841534852981567,-25.87890625
30.845436096191406,-22.4609375
30.849337339401245,-24.90234375
30.853238582611084,-28.3203125
30.857139825820923,-27.34375
30.86104106903076,-23.4375
30.8649423122406,-22.4609375
30.86884331703186,-30.2734375
30.8727445602417,-35.64453125
30.876645803451538,-30.2734375
30.880547046661377,-21.484375
30.884618997573853,-22.4609375
30.88852024078369,-25.390625
30.89242148399353,-23.92578125
30.89632272720337,-28.80859375
30.900223970413208,-26.3671875
30.904125213623047,-20.99609375
30.908026456832886,-21.484375
30.911927700042725,-24.90234375
30.915828943252563,-30.2734375
30.919730186462402,-33.203125
30.92363142967224,-28.80859375
30.92753267288208,-27.83203125
30.931596517562866,-33.69140625
30.935497760772705,-38.57421875
30.939399003982544,-40.0390625
30.943300247192383,-38.0859375
30.94720149040222,-35.64453125
30.95110297203064,-34.66796875
30.95500421524048,-34.66796875
30.958905458450317,-35.15625
30.962806701660156,-33.203125
30.966707944869995,-35.64453125
30.970609188079834,-34.1796875
30.974510431289673,-34.1796875
30.978628396987915,-36.62109375
30.982529640197754,-34.1796875
30.986430883407593,-30.2734375
30.99033212661743,-30.76171875
30.99423336982727,-28.3203125
30.99813461303711,-21.97265625
31.002036094665527,-22.4609375
31.005937337875366,-28.3203125
31.009838581085205,-26.3671875
31.013739824295044,-17.578125
31.017641067504883,-14.6484375
31.0215425491333,-25.87890625
31.025590419769287,-30.76171875
31.029491662979126,-22.4609375
31.033392906188965,-22.94921875
31.037294149398804,-34.66796875
31.04119563102722,-36.62109375
31.04509687423706,-34.66796875
31.0489981174469,-37.109375
31.05289936065674,-29.78515625
31.056800842285156,-26.3671875
31.060702085494995,-33.69140625
31.064603328704834,-32.2265625
31.068504810333252,-31.73828125
31.07254385948181,-37.59765625
31.07644534111023,-37.59765625
31.08034658432007,-30.2734375
31.084247827529907,-27.83203125
31.088149309158325,-32.2265625
31.092050552368164,-28.80859375
31.095951795578003,-28.80859375
31.09985327720642,-30.76171875
31.10375452041626,-29.296875
31.1076557636261,-33.203125
31.111557245254517,-36.62109375
31.115458488464355,-36.1328125
31.119489431381226,-36.62109375
31.123390913009644,-44.43359375
31.127292156219482,-44.921875
31.13119339942932,-41.50390625
31.13509488105774,-48.33984375
31.138996124267578,-43.9453125
31.142897605895996,-23.92578125
31.146798849105835,-22.94921875
31.150700092315674,-31.25
31.154601573944092,-38.0859375
31.15850281715393,-41.9921875
31.16240429878235,-31.25
31.16648817062378,-24.90234375
31.170389652252197,-24.90234375
31.174290895462036,-29.78515625
31.178192377090454,-37.59765625
31.182093620300293,-38.57421875
31.18599510192871,-36.62109375
31.18989634513855,-34.66796875
31.193797826766968,-39.0625
31.197699069976807,-39.0625
31.201600551605225,-30.2734375
31.205501794815063,-33.203125
31.209403038024902,-39.0625
31.213538646697998,-30.76171875
31.217439889907837,-31.25
31.221341371536255,-40.52734375
31.225242614746094,-45.41015625
31.22914409637451,-40.52734375
31.23304557800293,-31.73828125
31.23694682121277,-25.87890625
31.240848302841187,-18.5546875
31.244749546051025,-17.578125
31.248651027679443,-22.4609375
31.252552270889282,-26.85546875
31.2564537525177,-26.3671875
31.260520458221436,-28.3203125
31.264421701431274,-28.80859375
31.268323183059692,-23.92578125
31.27222466468811,-18.5546875
31.27612590789795,-21.97265625
31.280027389526367,-25.390625
31.283928871154785,-31.25
31.287830114364624,-41.015625
31.291731595993042,-33.203125
31.29563307762146,-17.578125
31.2995343208313,-26.85546875
31.303435802459717,-33.69140625
31.307494640350342,-20.5078125
31.31139612197876,-21.97265625
31.315297603607178,-29.78515625
31.319198846817017,-28.80859375
31.323100328445435,-25.390625
31.327001810073853,-20.5078125
31.33090329170227,-26.3671875
31.33480453491211,-28.3203125
31.338706016540527,-27.34375
31.342607498168945,-30.2734375
31.346508979797363,-30.76171875
31.350410223007202,-33.203125
31.354461193084717,-41.9921875
31.358362436294556,-43.9453125
31.362263917922974,-38.0859375
31.36616539955139,-32.71484375
31.37006688117981,-29.296875
31.373968362808228,-30.76171875
31.377869606018066,-39.55078125
31.381771087646484,-48.828125
31.385672569274902,-48.828125
31.38957405090332,-41.015625
31.39347553253174,-38.0859375
31.397377014160156,-41.50390625
31.401479482650757,-40.0390625
31.405380964279175,-37.109375
31.409282445907593,-39.0625
31.41318392753601,-39.0625
31.41708540916443,-33.203125
31.420986890792847,-37.59765625
31.424888372421265,-42.48046875
31.428789854049683,-42.96875
31.4326913356781,-38.57421875
31.43659281730652,-36.1328125
31.440494060516357,-38.57421875
31.444395542144775,-36.1328125
31.44843029975891,-43.9453125
31.45233178138733,-48.33984375
31.456233263015747,-41.50390625
31.460134744644165,-44.921875
31.464036226272583,-51.26953125
31.467937707901,-49.8046875
31.47183918952942,-53.7109375
31.475740432739258,-49.8046875
31.479641914367676,-48.828125
31.483543395996094,-44.921875
31.48744487762451,-42.96875
31.49134635925293,-51.26953125
31.49537229537964,-48.33984375
31.499273777008057,-40.52734375
31.503175258636475,-41.015625
31.507076740264893,-44.921875
31.51097822189331,-50.29296875
31.51487970352173,-46.875
31.518781185150146,-41.50390625
31.522682666778564,-42.48046875
31.526584148406982,-39.55078125
31.5304856300354,-43.45703125
31.53438711166382,-46.875
31.538288593292236,-33.203125
31.542367935180664,-28.80859375
31.546269416809082,-31.25
31.5501708984375,-34.1796875
31.554072380065918,-39.0625
31.557973861694336,-41.50390625
31.561875343322754,-42.48046875
31.565776824951172,-43.45703125
31.56967830657959,-42.96875
31.573579788208008,-44.921875
31.577481508255005,-41.015625
31.581382989883423,-40.52734375
31.58528447151184,-41.9921875
31.589354515075684,-42.96875
31.59325623512268,-45.8984375
31.5971577167511,-44.43359375
31.601059198379517,-39.0625
31.604960680007935,-37.59765625
31.608862161636353,-36.1328125
31.61276388168335,-40.52734375
31.616665363311768,-50.29296875
31.620566844940186,-47.8515625
31.624468326568604,-42.48046875
31.62836980819702,-38.0859375
31.63227152824402,-31.25
31.636393308639526,-35.64453125
31.640294790267944,-43.45703125
31.644196271896362,-46.38671875
31.64809799194336,-50.29296875
31.651999473571777,-45.41015625
31.655900955200195,-44.921875
31.659802436828613,-47.36328125
31.66370415687561,-44.921875
31.66760563850403,-41.50390625
31.671507120132446,-32.71484375
31.675408840179443,-32.71484375
31.67931032180786,-51.26953125
31.68337059020996,-52.734375
31.68727207183838,-32.2265625
31.691173791885376,-28.3203125
31.695075273513794,-32.2265625
31.698976755142212,-28.3203125
31.70287847518921,-31.25
31.706779956817627,-30.76171875
31.710681438446045,-23.92578125
31.714583158493042,-21.484375
31.71848464012146,-15.13671875
31.722386360168457,-11.71875
31.726287841796875,-16.6015625
31.73033356666565,-14.16015625
31.734235048294067,-9.765625
31.738136768341064,-12.20703125
31.742038249969482,-19.53125
31.74593997001648,-19.53125
31.749841451644897,-19.53125
31.753743171691895,-17.08984375
31.757644653320312,-14.6484375
31.76154613494873,-22.94921875
31.765447854995728,-29.296875
31.769349336624146,-28.80859375
31.773251056671143,-30.2734375
31.777293920516968,-32.2265625
31.781195640563965,-29.78515625
31.785097122192383,-35.64453125
31.78899884223938,-40.0390625
31.792900323867798,-32.2265625
31.796802043914795,-30.76171875
31.800703525543213,-32.2265625
31.80460524559021,-30.2734375
31.808506727218628,-28.80859375
31.812408447265625,-36.1328125
31.816309928894043,-45.41015625
31.82021164894104,-43.45703125
31.82430076599121,-38.0859375
31.82820224761963,-38.0859375
31.832103967666626,-37.59765625
31.836005687713623,-33.69140625
31.83990716934204,-31.73828125
31.843808889389038,-36.1328125
31.847710371017456,-38.57421875
31.851612091064453,-33.69140625
31.85551381111145,-33.203125
31.859415292739868,-34.1796875
31.863317012786865,-32.71484375
31.867218494415283,-24.4140625
31.871240377426147,-33.203125
31.875141859054565,-44.921875
31.879043579101562,-41.015625
31.88294529914856,-40.0390625
31.886846780776978,-45.8984375
31.890748500823975,-51.7578125
31.89465022087097,-49.8046875
31.89855170249939,-43.45703125
31.902453422546387,-42.96875
31.906355142593384,-42.48046875
31.9102566242218,-42.96875
31.9141583442688,-47.8515625
31.918237686157227,-45.41015625
31.922139406204224,-36.62109375
31.92604088783264,-32.71484375
31.92994260787964,-33.69140625
31.933844327926636,-38.0859375
31.937745809555054,-42.48046875
31.94164752960205,-43.9453125
31.945549249649048,-41.50390625
31.949450969696045,-37.109375
31.953352451324463,-29.296875
31.95725417137146,-24.4140625
31.961155891418457,-25.390625
31.96522068977356,-32.71484375
31.969122409820557,-27.83203125
31.973024129867554,-24.90234375
31.97692584991455,-25.87890625
31.98082733154297,-23.92578125
31.984729051589966,-26.3671875
31.988630771636963,-26.3671875
31.99253249168396,-20.5078125
31.996434211730957,-20.01953125
32.000335931777954,-22.4609375
32.00423741340637,-22.4609375
32.00813913345337,-27.83203125
32.01219725608826,-29.78515625
32.016098737716675,-21.97265625
32.02000045776367,-16.11328125
32.02390217781067,-18.5546875
32.027803897857666,-23.4375
32.03170561790466,-20.5078125
32.03560733795166,-16.11328125
32.03950905799866,-13.671875
32.043410778045654,-12.20703125
32.04731225967407,-14.6484375
32.05121397972107,-21.97265625
32.055115699768066,-19.04296875
32.059223651885986,-5.37109375
32.06312537193298,-12.6953125
32.06702709197998,-22.94921875
32.07092881202698,-25.390625
32.074830532073975,-34.66796875
32.07873225212097,-36.62109375
32.08263397216797,-31.25
32.086535692214966,-27.34375
32.09043741226196,-26.85546875
32.09433913230896,-29.296875
32.09824085235596,-26.3671875
32.102142572402954,-18.5546875
32.10618305206299,-17.578125
32.110084772109985,-22.4609375
32.11398649215698,-22.4609375
32.11788821220398,-24.4140625
32.12178993225098,-33.203125
32.125691652297974,-33.203125
32.12959337234497,-31.73828125
32.13349509239197,-37.109375
32.137396812438965,-40.52734375
32.14129853248596,-53.22265625
32.14520025253296,-62.98828125
32.149101972579956,-58.10546875
32.15313529968262,-56.640625
32.157037019729614,-60.546875
32.16093873977661,-61.5234375
32.16484045982361,-56.15234375
32.168742179870605,-51.7578125
32.1726438999176,-53.22265625
32.1765456199646,-54.19921875
32.1804473400116,-58.59375
32.184349060058594,-61.03515625
32.18825101852417,-56.15234375
32.19215273857117,-57.6171875
32.196054458618164,-57.6171875
32.200079679489136,-43.9453125
32.20398139953613,-43.45703125
32.20788335800171,-53.7109375
32.211785078048706,-53.7109375
32.2156867980957,-48.828125
32.2195885181427,-53.22265625
32.2234902381897,-55.6640625
32.227391958236694,-45.8984375
32.23129391670227,-40.0390625
32.23519563674927,-38.0859375
32.239097356796265,-41.50390625
32.24299907684326,-38.0859375
32.247077226638794,-38.0859375
32.25097894668579,-36.62109375
32.25488066673279,-28.3203125
32.258782625198364,-30.76171875
32.26268434524536,-30.76171875
32.26658606529236,-25.390625
32.270487785339355,-29.296875
32.27438974380493,-34.1796875
32.27829146385193,-32.2265625
32.282193183898926,-34.1796875
32.28609490394592,-38.57421875
32.28999662399292,-24.90234375
32.29411554336548,-20.01953125
32.298017501831055,-33.203125
32.30191922187805,-40.0390625
32.30582094192505,-39.55078125
32.309722900390625,-39.0625
32.31362462043762,-34.1796875
32.31752634048462,-37.109375
32.321428298950195,-49.8046875
32.32533001899719,-54.19921875
32.32923173904419,-58.10546875
32.333133697509766,-55.6640625
32.33703541755676,-54.6875
32.34108352661133,-58.59375
32.344985246658325,-62.5
32.3488872051239,-62.98828125
32.3527889251709,-65.91796875
32.356690645217896,-67.3828125
32.36059260368347,-64.94140625
32.36449432373047,-70.80078125
32.368396282196045,-70.80078125
32.37229800224304,-64.94140625
32.37619996070862,-65.91796875
32.380101680755615,-61.5234375
32.38400340080261,-58.10546875
32.3880398273468,-69.82421875
32.39194178581238,-74.21875
32.395843505859375,-63.96484375
32.39974522590637,-50.78125
32.40364718437195,-46.38671875
32.407548904418945,-53.7109375
32.41145086288452,-49.8046875
32.41535258293152,-45.41015625
32.419254541397095,-53.22265625
32.42315626144409,-54.6875
32.42705821990967,-50.29296875
32.430959939956665,-52.734375
32.43498492240906,-63.4765625
32.438886642456055,-62.5
32.44278860092163,-53.7109375
32.44669032096863,-54.6875
32.450592279434204,-54.19921875
32.4544939994812,-55.17578125
32.45839595794678,-54.19921875
32.462297677993774,-50.78125
32.46619963645935,-52.24609375
32.47010135650635,-52.24609375
32.474003314971924,-55.6640625
32.47790503501892,-60.05859375
32.48197674751282,-53.7109375
32.485878467559814,-49.8046875
32.48978042602539,-49.31640625
32.49368214607239,-55.6640625
32.497584104537964,-59.5703125
32.50148606300354,-55.17578125
32.50538778305054,-52.734375
32.50928974151611,-56.640625
32.51319146156311,-56.640625
32.51709342002869,-51.26953125
32.52099537849426,-45.8984375
32.52489709854126,-50.78125
32.5288987159729,-54.19921875
32.5328004360199,-48.33984375
32.536702394485474,-46.875
32.54060435295105,-52.734375
32.54450607299805,-46.875
32.54840803146362,-46.875
32.5523099899292,-53.7109375
32.556211709976196,-51.26953125
32.56011366844177,-56.15234375
32.56401562690735,-59.5703125
32.567917346954346,-51.26953125
32.57181930541992,-50.29296875
32.57581281661987,-55.17578125
32.57971477508545,-51.7578125
32.583616733551025,-50.78125
32.58751845359802,-53.22265625
32.5914204120636,-51.7578125
32.595322370529175,-51.26953125
32.59922409057617,-50.29296875
32.60312604904175,-50.29296875
32.607028007507324,-46.38671875
32.61092972755432,-42.96875
32.6148316860199,-42.96875
32.618733644485474,-44.921875
32.62271237373352,-47.36328125
32.6266143321991,-46.875
32.63051629066467,-47.8515625
32.63441801071167,-51.7578125
32.638319969177246,-49.31640625
32.64222192764282,-49.8046875
32.64612364768982,-55.6640625
32.650025606155396,-47.8515625
32.65392756462097,-46.38671875
32.65782952308655,-54.19921875
32.661731243133545,-56.640625
32.66563320159912,-64.94140625
32.66965842247009,-67.87109375
32.67356038093567,-67.87109375
32.677462339401245,-66.40625
32.68136429786682,-57.6171875
32.68526601791382,-56.640625
32.689167976379395,-56.640625
32.69306993484497,-55.17578125
32.69697189331055,-55.6640625
32.700873613357544,-56.640625
32.70477557182312,-62.01171875
32.708677530288696,-64.94140625
32.71257948875427,-62.5
32.716593503952026,-53.7109375
32.7204954624176,-48.33984375
32.72439742088318,-52.24609375
32.728299379348755,-53.22265625
32.73220133781433,-48.33984375
32.73610329627991,-44.43359375
32.740005016326904,-47.8515625
32.74390697479248,-52.24609375
32.74780893325806,-48.828125
32.75171089172363,-52.24609375
32.75561285018921,-57.6171875
32.759514808654785,-62.01171875
32.763514280319214,-62.01171875
32.76741623878479,-56.15234375
32.771318197250366,-59.5703125
32.77522015571594,-60.05859375
32.77912211418152,-60.546875
32.783024072647095,-64.94140625
32.78692603111267,-55.6640625
32.79082775115967,-57.12890625
32.794729709625244,-62.01171875
32.79863166809082,-55.6640625
32.8025336265564,-58.10546875
32.80643558502197,-62.98828125
32.81042289733887,-52.734375
32.81432485580444,-44.921875
32.81822681427002,-45.41015625
32.822128772735596,-50.78125
32.82603073120117,-52.734375
32.82993268966675,-55.17578125
32.833834648132324,-61.03515625
32.8377366065979,-53.7109375
32.84163856506348,-52.734375
32.84554052352905,-60.546875
32.84944248199463,-64.94140625
32.853344202041626,-68.84765625
32.8573203086853,-63.96484375
32.86122226715088,-59.08203125
32.865124225616455,-60.546875
32.86902618408203,-61.5234375
32.87292814254761,-58.59375
32.876830101013184,-58.59375
32.88073205947876,-62.5
32.884634017944336,-62.5
32.88853597640991,-57.6171875
32.89243793487549,-55.6640625
32.896339893341064,-57.6171875
32.90024185180664,-61.03515625
32.904263734817505,-53.7109375
32.90816569328308,-43.9453125
32.91206765174866,-47.8515625
32.91596961021423,-47.8515625
32.91987156867981,-51.7578125
32.923773527145386,-59.5703125
32.92767548561096,-51.7578125
32.93157744407654,-42.96875
32.935479402542114,-40.0390625
32.93938136100769,-38.0859375
32.94328331947327,-43.45703125
32.94718527793884,-49.31640625
32.951138973236084,-42.96875
32.95504093170166,-39.0625
32.958942890167236,-45.41015625
32.96284484863281,-39.0625
32.96674680709839,-34.66796875
32.970648765563965,-33.203125
32.97455072402954,-32.2265625
32.97845268249512,-31.73828125
32.98235464096069,-30.76171875
32.98625659942627,-35.64453125
32.990158557891846,-34.1796875
32.99406051635742,-39.55078125
32.99800658226013,-42.48046875
33.00190854072571,-32.2265625
33.005810499191284,-36.1328125
33.00971245765686,-45.8984375
33.01361441612244,-41.015625
33.01751637458801,-29.296875
33.02141833305359,-28.3203125
33.025320291519165,-32.2265625
33.02922224998474,-40.0390625
33.03312420845032,-46.38671875
33.037026166915894,-49.31640625
33.04092812538147,-59.5703125
33.044917345047,-61.5234375
33.04881930351257,-60.05859375
33.05272126197815,-61.03515625
33.056623220443726,-59.5703125
33.0605251789093,-58.59375
33.06442713737488,-53.7109375
33.068329095840454,-44.921875
33.07223105430603,-45.41015625
33.076133012771606,-54.19921875
33.08003497123718,-51.26953125
33.08393716812134,-44.43359375
33.087839126586914,-47.8515625
33.091816663742065,-48.33984375
33.09571862220764,-38.0859375
33.09962058067322,-36.62109375
33.103522539138794,-44.43359375
33.10742449760437,-40.0390625
33.111326694488525,-35.15625
33.1152286529541,-37.109375
33.11913061141968,-35.15625
33.123032569885254,-31.25
33.12693452835083,-36.62109375
33.130836486816406,-42.96875
33.13473844528198,-41.015625
33.138758182525635,-34.1796875
33.14266014099121,-34.1796875
33.146562337875366,-46.875
33.15046429634094,-50.78125
33.15436625480652,-45.8984375
33.158268213272095,-49.31640625
33.16217017173767,-52.24609375
33.16607213020325,-45.41015625
33.1699743270874,-40.0390625
33.17387628555298,-43.45703125
33.177778244018555,-45.8984375
33.18168020248413,-43.45703125
33.185635566711426,-43.45703125
33.189537525177,-49.31640625
33.19343948364258,-54.6875
33.197341442108154,-55.17578125
33.20124340057373,-55.6640625
33.205145597457886,-60.546875
33.20904755592346,-62.98828125
33.21294951438904,-47.8515625
33.216851472854614,-44.921875
33.22075343132019,-49.31640625
33.224655628204346,-42.96875
33.22855758666992,-38.0859375
33.232501745224,-37.59765625
33.236403703689575,-41.50390625
33.24030590057373,-49.8046875
33.24420785903931,-54.6875
33.24810981750488,-52.24609375
33.25201177597046,-44.921875
33.255913734436035,-37.109375
33.25981593132019,-41.015625
33.26371788978577,-46.38671875
33.26761984825134,-41.015625
33.27152180671692,-30.2734375
33.275424003601074,-33.69140625
33.27935338020325,-38.57421875
33.28325533866882,-38.57421875
33.2871572971344,-37.109375
33.291059255599976,-30.2734375
33.29496145248413,-31.73828125
33.29886341094971,-41.9921875
33.30276536941528,-44.43359375
33.30666732788086,-40.0390625
33.310569524765015,-37.59765625
33.31447148323059,-38.0859375
33.31837344169617,-40.52734375
33.32227540016174,-40.0390625
33.32625102996826,-36.62109375
33.33015298843384,-38.57421875
33.334054946899414,-41.50390625
33.33795714378357,-47.8515625
33.341859102249146,-45.8984375
33.34576106071472,-40.0390625
33.3496630191803,-36.62109375
33.35356521606445,-38.0859375
33.35746717453003,-40.52734375
33.361369132995605,-36.62109375
33.36527109146118,-36.62109375
33.36917328834534,-35.15625
33.3730845451355,-34.66796875
33.376986503601074,-38.0859375
33.38088870048523,-33.69140625
33.384790658950806,-35.64453125
33.38869261741638,-37.59765625
33.39259481430054,-30.2734375
33.39649677276611,-37.109375
33.40039873123169,-40.52734375
33.404300689697266,-28.80859375
33.40820288658142,-27.34375
33.412104845047,-34.1796875
33.41600680351257,-30.76171875
33.419960498809814,-26.3671875
33.42386245727539,-29.296875
33.427764654159546,-30.2734375
33.43166661262512,-36.1328125
33.4355685710907,-36.62109375
33.43947076797485,-32.71484375
33.44337272644043,-31.73828125
33.447274684906006,-37.59765625
33.45117688179016,-41.50390625
33.45507884025574,-41.50390625
33.45898079872131,-38.57421875
33.46288275718689,-32.2265625
33.46682572364807,-28.80859375
33.47072768211365,-25.390625
33.474629640579224,-27.34375
33.47853183746338,-27.83203125
33.482433795928955,-29.296875
33.48633575439453,-32.71484375
33.49023795127869,-30.76171875
33.49413990974426,-30.76171875
33.49804186820984,-39.0625
33.501944065093994,-47.36328125
33.50584602355957,-37.59765625
33.50974798202515,-20.01953125
33.513683557510376,-20.99609375
33.51758551597595,-26.85546875
33.52148747444153,-26.3671875
33.525389671325684,-22.94921875
33.52929162979126,-25.87890625
33.533193588256836,-34.66796875
33.53709578514099,-33.203125
33.54099774360657,-26.3671875
33.544899702072144,-28.80859375
33.5488018989563,-27.83203125
33.552703857421875,-20.5078125
33.55660581588745,-27.34375
33.5605833530426,-37.59765625
33.56448531150818,-32.2265625
33.568387508392334,-32.71484375
33.57228946685791,-32.71484375
33.576191425323486,-27.34375
33.58009362220764,-24.90234375
33.58399558067322,-20.99609375
33.587897539138794,-13.671875
33.59179973602295,-11.71875
33.595701694488525,-16.6015625
33.59960389137268,-13.18359375
33.60350584983826,-5.859375
33.60741972923279,-8.30078125
33.61132192611694,-12.20703125
33.61522388458252,-10.25390625
33.619125843048096,-10.25390625
33.62302803993225,-14.16015625
33.62692999839783,-16.6015625
33.63083219528198,-15.13671875
33.63473415374756,-20.5078125
33.638636112213135,-19.53125
33.64253830909729,-13.18359375
33.646440267562866,-18.06640625
33.65034222602844,-18.06640625
33.654245376586914,-15.13671875
33.65814733505249,-20.01953125
33.662049531936646,-20.01953125
33.66595149040222,-18.06640625
33.6698534488678,-12.6953125
33.67375564575195,-11.71875
33.67765760421753,-17.578125
33.681559562683105,-15.625
33.68546175956726,-16.11328125
33.68936371803284,-19.04296875
33.69326567649841,-21.484375
33.69716787338257,-20.99609375
33.70106053352356,-19.53125
33.704962491989136,-23.92578125
33.70886445045471,-22.4609375
33.71276664733887,-17.578125
33.71666860580444,-20.01953125
33.7205708026886,-23.4375
33.724472761154175,-28.80859375
33.72837471961975,-31.73828125
33.732276916503906,-33.203125
33.73617887496948,-36.62109375
33.74008083343506,-32.71484375
33.743983030319214,-27.83203125
33.74792122840881,-27.34375
33.75182318687439,-30.76171875
33.755725383758545,-37.59765625
33.75962734222412,-33.203125
33.763529539108276,-33.203125
33.76743149757385,-30.2734375
33.77133345603943,-30.76171875
33.775235652923584,-29.296875
33.77913761138916,-22.4609375
33.783039569854736,-23.4375
33.78694176673889,-30.2734375
33.79084372520447,-38.0859375
33.79482340812683,-36.1328125
33.798725605010986,-34.1796875
33.80262756347656,-43.9453125
33.80652952194214,-45.41015625
33.810431718826294,-37.109375
33.81433367729187,-30.76171875
33.818235874176025,-33.203125
33.8221378326416,-34.66796875
33.82603979110718,-28.3203125
33.82994198799133,-30.76171875
33.83384394645691,-33.203125
33.837746143341064,-28.80859375
33.841662645339966,-25.87890625
33.84556460380554,-33.69140625
33.8494668006897,-36.62109375
33.85336875915527,-29.296875
33.85727095603943,-25.87890625
33.861172914505005,-27.34375
33.86507511138916,-31.25
33.868977069854736,-33.203125
33.87287902832031,-24.90234375
33.87678122520447,-16.11328125
33.880683183670044,-20.99609375
33.8845853805542,-22.94921875
33.8884916305542,-21.97265625
33.892393589019775,-32.71484375
33.89629554748535,-35.15625
33.90019774436951,-40.0390625
33.90409970283508,-44.921875
33.90800189971924,-43.9453125
33.911903858184814,-41.50390625
33.91580605506897,-41.50390625
33.919708013534546,-46.875
33.92360997200012,-51.26953125
33.92751216888428,-41.9921875
33.93141412734985,-30.76171875
33.93530988693237,-28.80859375
33.93921208381653,-28.80859375
33.943114042282104,-25.87890625
33.94701623916626,-19.04296875
33.950918197631836,-18.06640625
33.95482015609741,-21.484375
33.95872235298157,-23.92578125
33.962624311447144,-29.78515625
33.9665265083313,-31.73828125
33.970428466796875,-26.85546875
33.97433042526245,-20.01953125
33.978232622146606,-15.13671875
33.982173681259155,-15.625
33.98607563972473,-20.5078125
33.98997759819031,-18.5546875
33.99387979507446,-13.671875
33.99778175354004,-20.01953125
34.001683950424194,-27.34375
34.00558590888977,-23.4375
34.009488105773926,-23.92578125
34.0133900642395,-28.80859375
34.01729202270508,-28.80859375
34.02119421958923,-26.85546875
34.02509617805481,-26.3671875
34.02897095680237,-25.87890625
34.03287315368652,-27.34375
34.0367751121521,-26.85546875
34.040677070617676,-33.69140625
34.04457926750183,-30.76171875
34.04848122596741,-28.3203125
34.05238342285156,-30.2734375
34.05628538131714,-23.92578125
34.060187578201294,-30.2734375
34.06408953666687,-28.3203125
34.067991495132446,-20.01953125
34.0718936920166,-22.94921875
34.07576131820679,-26.3671875
34.07966351509094,-26.3671875
34.08356547355652,-21.97265625
34.087467432022095,-25.390625
34.09136962890625,-23.4375
34.095271587371826,-16.6015625
34.09917378425598,-15.625
34.10307574272156,-14.16015625
34.106977701187134,-14.6484375
34.11087989807129,-14.6484375
34.114781856536865,-9.27734375
34.11868405342102,-14.6484375
34.12253737449646,-22.94921875
34.126439571380615,-22.4609375
34.13034152984619,-20.01953125
34.13424348831177,-21.484375
34.13814568519592,-20.99609375
34.1420476436615,-12.20703125
34.145949840545654,-13.18359375
34.14985179901123,-13.18359375
34.15375375747681,-19.53125
34.15765595436096,-23.92578125
34.16155791282654,-12.6953125
34.16546010971069,-7.8125
34.16935920715332,-8.30078125
34.1732611656189,-14.6484375
34.17716312408447,-16.11328125
34.18106532096863,-3.90625
34.184967279434204,-6.34765625
34.18886923789978,-13.671875
34.192771434783936,-15.13671875
34.19667339324951,-19.53125
34.20057559013367,-20.5078125
34.20447754859924,-11.71875
34.20837950706482,-3.41796875
34.212281703948975,-3.90625
34.21622586250305,-14.6484375
34.22012782096863,-16.11328125
34.22403001785278,-11.23046875
34.22793197631836,-13.671875
34.231833934783936,-12.6953125
34.23573613166809,-7.8125
34.23963809013367,-14.6484375
34.24354028701782,-22.94921875
34.2474422454834,-26.3671875
34.251344203948975,-26.3671875
34.25524640083313,-14.16015625
34.259148359298706,-15.13671875
34.26302623748779,-20.99609375
34.26692843437195,-21.97265625
34.270830392837524,-22.94921875
34.27473258972168,-21.97265625
34.278634548187256,-26.85546875
34.28253650665283,-21.97265625
34.28643870353699,-16.11328125
34.29034066200256,-19.04296875
34.29424285888672,-23.4375
34.298144817352295,-25.390625
34.30204677581787,-24.90234375
34.305948972702026,-22.4609375
34.30981683731079,-17.08984375
34.313719034194946,-16.6015625
34.31762099266052,-20.5078125
34.3215229511261,-13.18359375
34.325425148010254,-12.6953125
34.32932710647583,-15.13671875
34.333229303359985,-12.20703125
34.33713126182556,-14.16015625
34.34103322029114,-20.01953125
34.34493541717529,-20.5078125
34.34883737564087,-12.6953125
34.352739334106445,-11.23046875
34.35659718513489,-16.11328125
34.36049938201904,-13.18359375
34.36440134048462,-7.32421875
34.368303298950195,-7.32421875
34.37220549583435,-12.6953125
34.37610745429993,-11.71875
34.3800094127655,-10.7421875
34.38391160964966,-14.6484375
34.387813568115234,-17.578125
34.39171552658081,-18.5546875
34.395617723464966,-9.27734375
34.39951968193054,-11.23046875
34.403422355651855,-12.20703125
34.40732431411743,-2.9296875
34.41122627258301,-3.90625
34.41512846946716,-15.13671875
34.41903042793274,-21.97265625
34.422932624816895,-15.625
34.42683458328247,-14.16015625
34.43073654174805,-17.578125
34.4346387386322,-11.71875
34.43854069709778,-10.7421875
34.442442655563354,-14.16015625
34.44634485244751,-18.5546875
34.45018553733826,-18.06640625
34.45408773422241,-16.6015625
34.45798969268799,-18.06640625
34.461891651153564,-17.08984375
34.46579384803772,-18.06640625
34.469695806503296,-12.20703125
34.47359776496887,-12.20703125
34.47749996185303,-16.11328125
34.4814019203186,-17.08984375
34.48530387878418,-16.6015625
34.489206075668335,-24.90234375
34.49310803413391,-22.4609375
34.496941804885864,-13.18359375
34.50084376335144,-11.71875
34.50474572181702,-11.71875
34.50864791870117,-16.11328125
34.51254987716675,-25.87890625
34.516451835632324,-27.83203125
34.52035403251648,-21.97265625
34.524255990982056,-17.578125
34.52815794944763,-15.13671875
34.53206014633179,-20.5078125
34.53596210479736,-20.99609375
34.53986406326294,-10.7421875
34.543740034103394,-5.859375
34.54764199256897,-6.34765625
34.551543951034546,-10.25390625
34.55544590950012,-12.20703125
34.55934810638428,-16.11328125
34.56325006484985,-25.87890625
34.56715202331543,-33.203125
34.571054220199585,-24.90234375
34.57495617866516,-19.53125
34.57885813713074,-17.578125
34.58276033401489,-16.11328125
34.58666229248047,-13.18359375
34.59052777290344,-8.7890625
34.5944299697876,-19.04296875
34.598331928253174,-27.83203125
34.60223388671875,-26.85546875
34.606135845184326,-30.76171875
34.61003804206848,-26.3671875
34.61394000053406,-21.484375
34.617841958999634,-20.5078125
34.62174391746521,-20.01953125
34.625646114349365,-22.94921875
34.62954807281494,-17.578125
34.63345003128052,-16.6015625
34.63736081123352,-20.5078125
34.6412627696991,-23.4375
34.64516472816467,-29.78515625
34.64906668663025,-25.390625
34.652968883514404,-17.08984375
34.65687084197998,-21.484375
34.66077280044556,-20.5078125
34.66467499732971,-13.18359375
34.66857695579529,-14.6484375
34.672478914260864,-21.484375
34.67638087272644,-20.01953125
34.680283069610596,-14.16015625
34.68412804603577,-19.04296875
34.68803000450134,-18.06640625
34.69193196296692,-8.30078125
34.695834159851074,-8.30078125
34.69973611831665,-17.08984375
34.70363807678223,-21.484375
34.7075400352478,-20.99609375
34.71144223213196,-21.97265625
34.715344190597534,-15.13671875
34.71924614906311,-15.625
34.72314810752869,-22.94921875
34.72705030441284,-22.94921875
34.73088526725769,-18.06640625
34.734787464141846,-15.625
34.73868942260742,-18.06640625
34.742591381073,-20.01953125
34.746493339538574,-12.6953125
34.75039529800415,-10.7421875
34.754297494888306,-13.18359375
34.75819945335388,-10.7421875
34.76210141181946,-7.8125
34.766003370285034,-11.71875
34.76990556716919,-18.5546875
34.773807525634766,-19.04296875
34.77763605117798,-15.13671875
34.781538009643555,-16.11328125
34.78543996810913,-17.578125
34.78934192657471,-9.27734375
34.79324412345886,-10.25390625
34.79714608192444,-14.6484375
34.801048040390015,-15.13671875
34.80494999885559,-17.578125
34.80885195732117,-20.01953125
34.81275391578674,-21.97265625
34.8166561126709,-20.99609375
34.820558071136475,-18.06640625
34.824432373046875,-18.5546875
34.82833433151245,-18.5546875
34.832236528396606,-17.578125
34.83613848686218,-18.06640625
34.84004044532776,-18.06640625
34.843942403793335,-22.94921875
34.84784436225891,-22.94921875
34.85174632072449,-22.94921875
34.85564851760864,-26.85546875
34.85955047607422,-28.80859375
34.863452434539795,-24.4140625
34.86735439300537,-19.04296875
34.87116289138794,-18.06640625
34.875064849853516,-18.06640625
34.87896680831909,-22.94921875
34.88286876678467,-20.5078125
34.886770725250244,-23.92578125
34.8906729221344,-35.64453125
34.894574880599976,-32.71484375
34.89847683906555,-26.85546875
34.90237879753113,-27.34375
34.906280755996704,-21.484375
34.91018271446228,-25.87890625
34.914084672927856,-28.80859375
34.917937994003296,-23.92578125
34.92183995246887,-29.296875
34.92574191093445,-27.34375
34.929643869400024,-18.06640625
34.93354606628418,-16.11328125
34.937448024749756,-15.13671875
34.94134998321533,-8.30078125
34.94525194168091,-13.671875
34.949153900146484,-18.5546875
34.95305585861206,-19.53125
34.95695781707764,-27.34375
34.96085977554321,-29.296875
34.96470308303833,-21.97265625
34.968605041503906,-11.71875
34.97250699996948,-14.6484375
34.97640895843506,-20.99609375
34.980310916900635,-17.578125
34.98421287536621,-17.08984375
34.98811483383179,-20.01953125
34.99201679229736,-14.6484375
34.99591875076294,-18.5546875
34.999820709228516,-17.08984375
35.00372290611267,-3.90625
35.00762486457825,0.0
35.0114586353302,-10.25390625
35.015360593795776,-14.6484375
35.01926255226135,-12.20703125
35.02316451072693,-25.390625
35.027066469192505,-31.25
35.03096842765808,-23.4375
35.03487038612366,-24.4140625
35.03877234458923,-21.97265625
35.04267430305481,-21.97265625
35.046576261520386,-21.484375
35.05047821998596,-16.11328125
35.05438041687012,-17.578125
35.05825853347778,-19.04296875
35.06216049194336,-20.5078125
35.066062688827515,-16.11328125
35.06996464729309,-12.6953125
35.07386660575867,-11.23046875
35.07776856422424,-11.71875
35.08167052268982,-11.71875
35.085572481155396,-8.30078125
35.08947443962097,-13.671875
35.09337639808655,-16.11328125
35.097278356552124,-15.625
35.1011803150177,-15.13671875
35.10499835014343,-12.6953125
35.10890030860901,-19.04296875
35.112802267074585,-20.5078125
35.11670422554016,-14.16015625
35.12060618400574,-11.71875
35.12450814247131,-18.06640625
35.12841010093689,-18.5546875
35.132312059402466,-12.6953125
35.13621401786804,-16.6015625
35.14011597633362,-14.16015625
35.144017934799194,-7.32421875
35.14791989326477,-8.30078125
35.151726961135864,-10.7421875
35.15562891960144,-10.25390625
35.15953087806702,-8.7890625
35.16343283653259,-12.6953125
35.16733479499817,-15.625
35.171236753463745,-16.11328125
35.17513871192932,-18.06640625
35.1790406703949,-21.484375
35.182942628860474,-26.85546875
35.18684458732605,-27.83203125
35.190746545791626,-26.3671875
35.1946485042572,-24.90234375
35.19844675064087,-29.296875
35.202348709106445,-30.2734375
35.20625042915344,-26.85546875
35.21015238761902,-24.90234375
35.214054346084595,-22.4609375
35.21795630455017,-24.4140625
35.22185826301575,-27.83203125
35.22576022148132,-23.4375
35.2296621799469,-26.85546875
35.233564138412476,-25.390625
35.23746609687805,-19.53125
35.24136805534363,-21.97265625
35.24520993232727,-15.625
35.24911189079285,-14.16015625
35.25301384925842,-20.99609375
35.256915807724,-20.99609375
35.260817766189575,-25.87890625
35.26471972465515,-28.3203125
35.26862168312073,-26.3671875
35.272523641586304,-24.90234375
35.2764253616333,-23.92578125
35.28032732009888,-24.90234375
35.28422927856445,-28.80859375
35.28813123703003,-34.66796875
35.292017459869385,-29.78515625
35.29591941833496,-21.484375
35.29982137680054,-19.04296875
35.30372333526611,-24.90234375
35.30762529373169,-24.90234375
35.31152701377869,-16.6015625
35.31542897224426,-13.671875
35.31933093070984,-14.16015625
35.323232889175415,-14.16015625
35.32713484764099,-16.6015625
35.33103680610657,-15.13671875
35.334938764572144,-7.8125
35.33876156806946,-5.37109375
35.342663526535034,-11.71875
35.34656548500061,-17.08984375
35.35046744346619,-15.625
35.354369163513184,-8.30078125
35.35827112197876,-10.25390625
35.362173080444336,-15.625
35.36607503890991,-11.71875
35.36997699737549,-9.27734375
35.373878955841064,-6.8359375
35.37778091430664,-3.90625
35.38168287277222,-6.34765625
35.38549852371216,-14.6484375
35.389400482177734,-18.06640625
35.39330220222473,-14.16015625
35.39720416069031,-15.625
35.401106119155884,-18.06640625
35.40500807762146,-24.4140625
35.408910036087036,-23.92578125
35.41281199455261,-21.484375
35.41671371459961,-16.6015625
35.420615673065186,-9.765625
35.42451763153076,-8.30078125
35.42841958999634,-9.765625
35.43227958679199,-14.6484375
35.43618130683899,-10.7421875
35.440083265304565,-8.7890625
35.44398522377014,-7.32421875
35.44788718223572,-4.8828125
35.451789140701294,-2.9296875
35.45569109916687,-8.30078125
35.45959281921387,-16.11328125
35.46349477767944,-9.765625
35.46739673614502,-13.671875
35.471298694610596,-19.04296875
35.47520065307617,-19.04296875
35.479050636291504,-14.16015625
35.48295259475708,-9.765625
35.486854553222656,-19.04296875
35.49075651168823,-18.5546875
35.49465847015381,-13.18359375
35.498560190200806,-15.13671875
35.50246214866638,-15.13671875
35.50636410713196,-15.625
35.510266065597534,-13.18359375
35.51416802406311,-6.8359375
35.51806974411011,-2.44140625
35.521971702575684,0.0
35.525763750076294,2.44140625
35.52966547012329,-1.46484375
35.53356742858887,-5.859375
35.53746938705444,-1.953125
35.54137134552002,2.44140625
35.54527306556702,-3.90625
35.54917502403259,-6.34765625
35.55307698249817,-2.9296875
35.556978940963745,1.46484375
35.56088066101074,0.48828125
35.56478261947632,-3.90625
35.568684577941895,-4.8828125
35.57246541976929,-5.37109375
35.576367139816284,-10.7421875
35.58026909828186,-11.71875
35.58417105674744,-5.859375
35.588072776794434,-8.7890625
35.59197473526001,-9.765625
35.595876693725586,-10.7421875
35.59977865219116,-10.25390625
35.60368037223816,-3.41796875
35.607582330703735,0.0
35.61148428916931,-3.90625
35.61538600921631,-11.23046875
35.61915683746338,-10.25390625
35.623058795928955,-10.7421875
35.62696051597595,-17.08984375
35.63086247444153,-14.16015625
35.634764432907104,-7.8125
35.6386661529541,-10.25390625
35.64256811141968,-13.18359375
35.646470069885254,-7.8125
35.65037178993225,-10.25390625
35.65427374839783,-17.578125
35.658175468444824,-18.06640625
35.6620774269104,-13.18359375
35.665892601013184,-12.6953125
35.66979455947876,-13.18359375
35.67369627952576,-17.08984375
35.67759823799133,-26.3671875
35.68149995803833,-25.87890625
35.685401916503906,-20.99609375
35.68930387496948,-17.08984375
35.69320559501648,-16.11328125
35.697107553482056,-16.6015625
35.70100927352905,-9.27734375
35.70491123199463,-8.30078125
35.708813190460205,-14.6484375
35.712671995162964,-17.08984375
35.71657395362854,-12.6953125
35.72047567367554,-5.37109375
35.72437763214111,-3.90625
35.72827959060669,0.48828125
35.73218131065369,2.44140625
35.73608326911926,-1.46484375
35.73998498916626,-4.39453125
35.743886947631836,-8.30078125
35.74778890609741,-10.25390625
35.75169062614441,-15.625
35.755592584609985,-20.5078125
35.75939154624939,-16.6015625
35.763293504714966,-11.23046875
35.76719522476196,-11.71875
35.77109718322754,-19.04296875
35.774998903274536,-14.16015625
35.77890086174011,-7.8125
35.78280258178711,-6.8359375
35.786704540252686,-9.765625
35.79060649871826,-8.7890625
35.79450821876526,-8.7890625
35.798410177230835,-12.6953125
35.80231189727783,-8.30078125
35.80610132217407,-7.32421875
35.81000304222107,-11.23046875
35.813905000686646,-6.34765625
35.81780672073364,-2.9296875
35.82170867919922,-5.859375
35.825610399246216,0.0
35.82951235771179,5.859375
35.83341407775879,5.37109375
35.837316036224365,0.0
35.84121775627136,-5.37109375
35.84511971473694,-0.9765625
35.849021434783936,-1.953125
35.85280203819275,-6.8359375
35.856703758239746,-13.18359375
35.86060571670532,-16.6015625
35.86450743675232,-5.37109375
35.868409395217896,-3.41796875
35.87231111526489,-6.8359375
35.87621307373047,-6.34765625
35.880114793777466,-5.859375
35.88401651382446,-9.765625
35.88791847229004,-18.06640625
35.891820192337036,-21.484375
35.89572215080261,-19.04296875
35.89954590797424,-11.23046875
35.90344762802124,-8.30078125
35.907349586486816,-11.23046875
35.91125130653381,-10.7421875
35.91515326499939,-4.8828125
35.91905498504639,-5.37109375
35.922956705093384,-4.39453125
35.92685866355896,-5.37109375
35.93076038360596,-8.30078125
35.93466234207153,-5.37109375
35.93856406211853,-4.8828125
35.94246578216553,-6.34765625
35.9462308883667,-9.765625
35.950132608413696,-10.25390625
35.95403432846069,-4.8828125
35.95793628692627,-3.90625
35.96183800697327,-10.7421875
35.965739727020264,-20.99609375
35.96964168548584,-20.99609375
35.97354340553284,-17.08984375
35.977445125579834,-14.16015625
35.98134708404541,-8.30078125
35.98524880409241,-8.30078125
35.98915076255798,-15.625
35.99290895462036,-21.97265625
35.99681067466736,-21.97265625
36.000712633132935,-20.99609375
36.00461435317993,-19.04296875
36.00851607322693,-20.5078125
36.012418031692505,-25.390625
36.0163197517395,-27.83203125
36.0202214717865,-29.296875
36.024123191833496,-21.97265625
36.02802515029907,-18.06640625
36.03192687034607,-20.5078125
36.035828590393066,-17.578125
36.03957462310791,-16.11328125
36.04347634315491,-18.5546875
36.04737830162048,-18.06640625
36.05128002166748,-18.06640625
36.05518174171448,-15.625
36.059083461761475,-2.9296875
36.06298542022705,1.953125
36.06688714027405,-1.46484375
36.070788860321045,-4.39453125
36.07469058036804,-5.859375
36.07859253883362,-9.27734375
36.082494258880615,-9.27734375
36.086284160614014,-8.30078125
36.09018588066101,-9.27734375
36.09408783912659,-7.8125
36.097989559173584,-10.25390625
36.10189127922058,-19.53125
36.10579299926758,-18.5546875
36.109694719314575,-14.16015625
36.11359667778015,-18.06640625
36.11749839782715,-17.578125
36.121400117874146,-8.7890625
36.12530183792114,-13.671875
36.12920355796814,-14.6484375
36.133036613464355,-9.27734375
36.13693833351135,-19.04296875
36.14084005355835,-21.97265625
36.14474177360535,-21.484375
36.148643493652344,-22.4609375
36.15254545211792,-24.4140625
36.15644717216492,-30.2734375
36.160348892211914,-32.2265625
36.16425061225891,-34.1796875
36.16815233230591,-37.109375
36.172054052352905,-37.109375
36.17595601081848,-32.2265625
36.17973017692566,-29.296875
36.183631896972656,-31.25
36.18753361701965,-30.2734375
36.19143533706665,-33.203125
36.19533705711365,-35.15625
36.199238777160645,-27.83203125
36.20314049720764,-25.87890625
36.20704221725464,-22.94921875
36.210944175720215,-28.3203125
36.21484589576721,-31.73828125
36.21874761581421,-35.15625
36.222649335861206,-37.59765625
36.2264142036438,-37.109375
36.230315923690796,-49.8046875
36.23421764373779,-50.78125
36.23811936378479,-41.50390625
36.24202108383179,-40.0390625
36.245922803878784,-38.0859375
36.24982452392578,-32.71484375
36.25372624397278,-32.71484375
36.257627964019775,-28.3203125
36.26152968406677,-24.4140625
36.26543140411377,-31.25
36.26933312416077,-38.57421875
36.273088693618774,-38.0859375
36.27699041366577,-38.57421875
36.28089213371277,-40.52734375
36.284793853759766,-38.0859375
36.28869557380676,-42.96875
36.29259729385376,-50.29296875
36.29649901390076,-45.41015625
36.300400733947754,-33.203125
36.30430245399475,-33.203125
36.30820417404175,-42.48046875
36.312105894088745,-50.78125
36.31600761413574,-50.29296875
36.31981015205383,-41.015625
36.32371187210083,-43.9453125
36.32761335372925,-50.29296875
36.331515073776245,-50.78125
36.33541679382324,-59.08203125
36.33931851387024,-67.87109375
36.343220233917236,-68.359375
36.34712195396423,-70.3125
36.35102367401123,-66.89453125
36.35492539405823,-66.89453125
36.358827114105225,-71.77734375
36.36272883415222,-76.171875
36.366469860076904,-78.125
36.3703715801239,-78.125
36.3742733001709,-76.66015625
36.378175020217896,-71.77734375
36.38207674026489,-60.05859375
36.38597846031189,-51.26953125
36.38988018035889,-54.19921875
36.393781900405884,-58.10546875
36.3976833820343,-62.98828125
36.4015851020813,-57.6171875
36.405486822128296,-38.0859375
36.40938854217529,-31.73828125
36.413124084472656,-35.15625
36.41702580451965,-42.96875
36.42092728614807,-41.015625
36.42482900619507,-38.0859375
36.428730726242065,-42.96875
36.43263244628906,-40.0390625
36.43653416633606,-40.0390625
36.44043588638306,-46.875
36.444337368011475,-49.31640625
36.44823908805847,-47.36328125
36.45214080810547,-50.78125
36.456042528152466,-57.6171875
36.45982098579407,-54.6875
36.463722467422485,-53.22265625
36.46762418746948,-55.6640625
36.47152590751648,-55.17578125
36.47542762756348,-59.08203125
36.479329109191895,-63.96484375
36.48323082923889,-66.89453125
36.48713254928589,-64.94140625
36.491034269332886,-62.5
36.494935750961304,-59.08203125
36.4988374710083,-51.7578125
36.5027391910553,-50.78125
36.506508350372314,-54.6875
36.51040983200073,-63.4765625
36.51431155204773,-66.89453125
36.51821327209473,-63.4765625
36.522114992141724,-60.05859375
36.52601647377014,-56.640625
36.52991819381714,-62.98828125
36.533819913864136,-67.3828125
36.537721395492554,-64.453125
36.54162311553955,-60.546875
36.54552483558655,-60.546875
36.549426317214966,-66.40625
36.5532386302948,-63.4765625
36.5571403503418,-58.10546875
36.561041831970215,-57.12890625
36.56494355201721,-55.17578125
36.56884527206421,-51.7578125
36.57274675369263,-49.8046875
36.576648473739624,-51.7578125
36.58055019378662,-53.7109375
36.58445167541504,-52.734375
36.588353395462036,-50.78125
36.59225511550903,-47.36328125
36.59615659713745,-51.7578125
36.599910736083984,-52.24609375
36.6038122177124,-45.8984375
36.6077139377594,-48.828125
36.61161541938782,-48.828125
36.615517139434814,-47.36328125
36.61941885948181,-43.45703125
36.62332034111023,-43.9453125
36.62722206115723,-50.78125
36.631123542785645,-48.33984375
36.63502526283264,-48.33984375
36.63892698287964,-48.33984375
36.64282846450806,-44.43359375
36.64657378196716,-51.26953125
36.65047550201416,-55.17578125
36.65437722206116,-53.7109375
36.658278703689575,-55.17578125
36.66218042373657,-53.22265625
36.66608190536499,-52.734375
36.66998362541199,-52.734375
36.673885107040405,-46.875
36.6777868270874,-49.8046875
36.68168830871582,-51.26953125
36.68559002876282,-45.8984375
36.689491510391235,-52.734375
36.693227767944336,-56.640625
36.697129249572754,-53.22265625
36.70103096961975,-49.8046875
36.70493245124817,-46.875
36.708834171295166,-48.33984375
36.712735652923584,-57.12890625
36.716637134552,-57.12890625
36.720538854599,-51.7578125
36.72444033622742,-51.26953125
36.728342056274414,-50.29296875
36.73224353790283,-44.921875
36.73614525794983,-47.36328125
36.73992729187012,-44.921875
36.743828773498535,-40.52734375
36.74773049354553,-45.8984375
36.75163197517395,-46.875
36.75553345680237,-43.9453125
36.759435176849365,-46.38671875
36.76333665847778,-46.38671875
36.76723837852478,-41.50390625
36.7711398601532,-41.015625
36.775041580200195,-43.9453125
36.77894306182861,-50.29296875
36.78284454345703,-51.7578125
36.7865674495697,-51.7578125
36.79046893119812,-52.734375
36.79437041282654,-41.015625
36.798272132873535,-29.296875
36.80217361450195,-33.203125
36.80607509613037,-32.2265625
36.80997681617737,-34.1796875
36.813878297805786,-41.015625
36.817779779434204,-39.55078125
36.8216814994812,-41.015625
36.82558298110962,-40.52734375
36.82948446273804,-42.48046875
36.83324885368347,-49.8046875
36.83715033531189,-45.41015625
36.84105205535889,-44.921875
36.844953536987305,-48.33984375
36.84885501861572,-48.828125
36.85275673866272,-57.12890625
36.85665822029114,-45.41015625
36.860559701919556,-27.83203125
36.864461183547974,-39.0625
36.86836290359497,-45.41015625
36.87226438522339,-39.0625
36.87616586685181,-40.0390625
36.87992525100708,-40.52734375
36.8838267326355,-39.0625
36.887728214263916,-32.71484375
36.891629695892334,-27.83203125
36.89553117752075,-33.203125
36.89943289756775,-32.2265625
36.90333437919617,-36.1328125
36.907235860824585,-36.1328125
36.911137342453,-29.78515625
36.9150390625,-34.1796875
36.91894054412842,-38.0859375
36.922842025756836,-37.109375
36.92659139633179,-37.109375
36.930492877960205,-41.50390625
36.9343945980072,-46.875
36.93829607963562,-44.43359375
36.94219756126404,-46.875
36.946099042892456,-50.78125
36.950000524520874,-49.8046875
36.95390200614929,-50.29296875
36.95780372619629,-61.03515625
36.96170520782471,-61.5234375
36.965606689453125,-54.6875
36.96950817108154,-53.22265625
36.973299980163574,-50.29296875
36.97720146179199,-59.08203125
36.98110294342041,-60.546875
36.98500442504883,-57.12890625
36.988906145095825,-61.03515625
36.99280762672424,-58.59375
36.99670910835266,-53.7109375
37.00061058998108,-52.734375
37.0045120716095,-61.03515625
37.008413553237915,-64.453125
37.01231503486633,-62.98828125
37.01621651649475,-58.10546875
37.019954681396484,-54.19921875
37.0238561630249,-53.7109375
37.02775764465332,-52.734375
37.03165912628174,-46.38671875
37.035560607910156,-44.43359375
37.039462089538574,-51.7578125
37.04336357116699,-55.6640625
37.04726505279541,-57.12890625
37.05116653442383,-63.96484375
37.055068016052246,-63.96484375
37.058969497680664,-58.10546875
37.06287097930908,-53.22265625
37.06659746170044,-52.24609375
37.07049894332886,-52.24609375
37.074400424957275,-48.828125
37.07830190658569,-51.7578125
37.08220338821411,-49.31640625
37.08610486984253,-44.43359375
37.09000635147095,-45.8984375
37.093907594680786,-53.22265625
37.097809076309204,-55.6640625
37.10171055793762,-54.6875
37.10561203956604,-57.6171875
37.10951352119446,-50.78125
37.11323356628418,-50.29296875
37.1171350479126,-48.33984375
37.121036529541016,-51.7578125
37.124938011169434,-54.19921875
37.12883949279785,-43.9453125
37.13274097442627,-42.48046875
37.13664245605469,-41.50390625
37.140543937683105,-42.96875
37.14444541931152,-43.9453125
37.14834690093994,-44.921875
37.15224838256836,-45.8984375
37.1561496257782,-43.45703125
37.15991234779358,-42.96875
37.163813829422,-45.8984375
37.167715311050415,-47.8515625
37.17161679267883,-50.29296875
37.17551803588867,-42.96875
37.17941951751709,-34.66796875
37.18332099914551,-38.0859375
37.187222480773926,-41.9921875
37.191123962402344,-44.43359375
37.19502544403076,-40.0390625
37.19892692565918,-35.15625
37.20282816886902,-40.52734375
37.20663332939148,-44.921875
37.2105348110199,-44.43359375
37.214436054229736,-56.15234375
37.218337535858154,-59.5703125
37.22223901748657,-46.38671875
37.22614049911499,-42.96875
37.23004198074341,-45.41015625
37.233943462371826,-48.33984375
37.237844705581665,-49.31640625
37.24174618721008,-44.43359375
37.2456476688385,-41.015625
37.24954915046692,-44.921875
37.25329327583313,-47.36328125
37.25719475746155,-49.8046875
37.261096239089966,-51.26953125
37.264997720718384,-46.875
37.26889896392822,-45.8984375
37.27280044555664,-49.31640625
37.27670192718506,-45.8984375
37.28060340881348,-43.45703125
37.284504652023315,-46.38671875
37.28840613365173,-46.38671875
37.29230761528015,-42.96875
37.29620909690857,-36.1328125
37.29994773864746,-37.59765625
37.30384922027588,-43.45703125
37.3077507019043,-43.9453125
37.311651945114136,-46.38671875
37.315553426742554,-51.26953125
37.31945490837097,-49.31640625
37.32335638999939,-47.36328125
37.32725763320923,-50.78125
37.33115911483765,-48.33984375
37.335060596466064,-43.45703125
37.3389618396759,-39.55078125
37.34286332130432,-42.96875
37.346593618392944,-45.8984375
37.35049510002136,-39.55078125
37.35439658164978,-37.109375
37.35829782485962,-37.109375
37.36219930648804,-34.66796875
37.366100549697876,-38.0859375
37.370002031326294,-42.96875
37.37390351295471,-39.0625
37.37780475616455,-39.55078125
37.38170623779297,-45.41015625
37.38560771942139,-49.31640625
37.389508962631226,-44.921875
37.39328122138977,-36.1328125
37.39718270301819,-33.69140625
37.40108394622803,-41.9921875
37.404985427856445,-39.0625
37.40888690948486,-33.69140625
37.4127881526947,-38.0859375
37.41668963432312,-39.0625
37.42059087753296,-40.0390625
37.42449235916138,-40.0390625
37.428393602371216,-38.0859375
37.432295083999634,-38.57421875
37.43619656562805,-41.015625
37.43991255760193,-37.59765625
37.44381380081177,-36.62109375
37.447715282440186,-31.73828125
37.451616525650024,-23.92578125
37.45551800727844,-29.296875
37.45941925048828,-35.15625
37.4633207321167,-35.64453125
37.46722197532654,-29.296875
37.471123456954956,-33.203125
37.475024700164795,-39.0625
37.47892618179321,-36.1328125
37.48282742500305,-33.69140625
37.48654127120972,-35.64453125
37.490442514419556,-43.45703125
37.494343996047974,-44.43359375
37.49824523925781,-41.015625
37.50214672088623,-37.109375
37.50604796409607,-37.109375
37.50994920730591,-35.15625
37.513850688934326,-32.71484375
37.517751932144165,-33.203125
37.52165341377258,-35.15625
37.52555465698242,-35.64453125
37.52945613861084,-33.69140625
37.53315758705139,-36.1328125
37.53705883026123,-42.96875
37.54096007347107,-31.73828125
37.54486155509949,-19.04296875
37.548762798309326,-22.4609375
37.552664041519165,-31.25
37.55656552314758,-36.62109375
37.56046676635742,-33.203125
37.56436800956726,-32.71484375
37.56826949119568,-33.69140625
37.57217073440552,-32.2265625
37.576071977615356,-33.69140625
37.57981586456299,-28.3203125
37.583717346191406,-22.4609375
37.587618589401245,-22.4609375
37.591519832611084,-22.4609375
37.5954213142395,-29.78515625
37.59932255744934,-36.62109375
37.60322380065918,-37.59765625
37.60712504386902,-26.85546875
37.61102652549744,-20.5078125
37.614927768707275,-24.90234375
37.618829011917114,-24.90234375
37.62273049354553,-28.80859375
37.626567125320435,-39.0625
37.63046836853027,-39.0625
37.63436961174011,-35.15625
37.63827109336853,-41.015625
37.64217233657837,-40.0390625
37.64607357978821,-41.9921875
37.64997482299805,-44.43359375
37.653876304626465,-46.875
37.657777547836304,-48.828125
37.66167879104614,-41.015625
37.66558003425598,-36.62109375
37.6694815158844,-42.48046875
37.67321062088013,-48.33984375
37.677111864089966,-44.43359375
37.681013107299805,-41.9921875
37.68491458892822,-34.1796875
37.68881583213806,-26.85546875
37.6927170753479,-31.73828125
37.69661831855774,-28.3203125
37.70051956176758,-23.4375
37.70442080497742,-22.94921875
37.708322286605835,-26.3671875
37.712223529815674,-37.109375
37.71612477302551,-39.0625
37.71984887123108,-38.0859375
37.72375011444092,-42.48046875
37.72765135765076,-36.1328125
37.731552600860596,-26.3671875
37.735454082489014,-26.3671875
37.73935532569885,-24.4140625
37.74325656890869,-20.5078125
37.74715781211853,-16.6015625
37.75105905532837,-11.71875
37.75496029853821,-16.11328125
37.75886154174805,-20.99609375
37.762762784957886,-20.99609375
37.766478061676025,-21.484375
37.770379304885864,-20.5078125
37.7742805480957,-23.92578125
37.77818179130554,-22.4609375
37.78208303451538,-21.484375
37.78598427772522,-23.4375
37.78988552093506,-20.01953125
37.7937867641449,-21.97265625
37.797688007354736,-25.87890625
37.801589250564575,-22.94921875
37.805490493774414,-21.484375
37.80939173698425,-17.578125
37.81314945220947,-13.671875
37.81705069541931,-16.11328125
37.82095193862915,-11.71875
37.82485318183899,-10.7421875
37.82875442504883,-13.671875
37.83265566825867,-11.23046875
37.836556911468506,-15.625
37.840458154678345,-24.90234375
37.844359397888184,-20.5078125
37.84826064109802,-14.16015625
37.85216188430786,-12.6953125
37.8560631275177,-13.18359375
37.85976457595825,-13.18359375
37.86366581916809,-15.13671875
37.86756682395935,-14.16015625
37.87146806716919,-19.53125
37.87536931037903,-27.34375
37.87927055358887,-27.34375
37.883171796798706,-21.97265625
37.887073040008545,-19.53125
37.890974283218384,-16.6015625
37.89487552642822,-8.7890625
37.89877676963806,-12.20703125
37.9026780128479,-13.18359375
37.906373262405396,-3.90625
37.910274505615234,0.9765625
37.91417574882507,-4.8828125
37.91807699203491,-3.90625
37.92197799682617,4.8828125
37.92587924003601,4.39453125
37.92978048324585,7.8125
37.93368172645569,11.23046875
37.93758296966553,7.8125
37.94148397445679,16.11328125
37.945385217666626,25.390625
37.949286460876465,26.85546875
37.95302414894104,17.578125
37.9569251537323,17.08984375
37.96082639694214,19.53125
37.96472764015198,20.01953125
37.968628883361816,26.85546875
37.972529888153076,31.25
37.976431131362915,21.484375
37.980332374572754,5.859375
37.98423361778259,4.8828125
37.98813462257385,10.7421875
37.99203586578369,15.13671875
37.99593710899353,8.7890625
37.99966621398926,-7.32421875
38.0035674571991,-15.625
38.007468461990356,-16.11328125
38.011369705200195,-13.18359375
38.015270948410034,-11.71875
38.019171953201294,-13.18359375
38.02307319641113,-18.5546875
38.02697443962097,-20.99609375
38.03087544441223,-21.97265625
38.03477668762207,-31.25
38.03867793083191,-27.83203125
38.04257917404175,-24.4140625
38.04634976387024,-29.296875
38.05025100708008,-33.69140625
38.05415201187134,-31.73828125
38.05805325508118,-31.73828125
38.061954498291016,-37.59765625
38.065855503082275,-34.66796875
38.069756746292114,-36.1328125
38.073657751083374,-40.0390625
38.07755899429321,-39.55078125
38.08146023750305,-37.59765625
38.08536124229431,-33.69140625
38.08926248550415,-38.0859375
38.09297728538513,-40.0390625
38.09687852859497,-32.71484375
38.10077953338623,-30.2734375
38.10468077659607,-31.73828125
38.10858178138733,-32.71484375
38.11248302459717,-31.73828125
38.11638402938843,-24.90234375
38.12028527259827,-21.484375
38.124186515808105,-20.99609375
38.128087520599365,-20.5078125
38.131988763809204,-26.85546875
38.135889768600464,-28.3203125
38.13959622383118,-20.01953125
38.143497467041016,-15.625
38.147398471832275,-22.94921875
38.151299715042114,-22.94921875
38.155200719833374,-18.06640625
38.15910196304321,-20.5078125
38.16300296783447,-26.85546875
38.16690421104431,-28.80859375
38.17080521583557,-22.94921875
38.17470645904541,-37.109375
38.17860746383667,-44.43359375
38.18250870704651,-38.0859375
38.1862096786499,-35.15625
38.19011068344116,-21.484375
38.19401168823242,-22.4609375
38.19791293144226,-32.71484375
38.20181393623352,-33.203125
38.20571517944336,-35.15625
38.20961618423462,-34.66796875
38.21351718902588,-24.4140625
38.21741843223572,-21.484375
38.22131943702698,-20.01953125
38.225220680236816,-16.11328125
38.229121685028076,-19.04296875
38.23286747932434,-24.90234375
38.2367684841156,-21.484375
38.24066972732544,-12.6953125
38.2445707321167,-14.6484375
38.24847197532654,-13.18359375
38.2523729801178,-16.11328125
38.25627398490906,-26.3671875
38.2601752281189,-30.2734375
38.264076232910156,-30.2734375
38.267977237701416,-23.92578125
38.271878480911255,-15.13671875
38.275779485702515,-14.6484375
38.27946615219116,-21.484375
38.283367395401,-23.4375
38.28726840019226,-22.94921875
38.29116940498352,-21.484375
38.29507040977478,-17.08984375
38.29897165298462,-15.13671875
38.30287265777588,-21.484375
38.30677366256714,-18.5546875
38.3106746673584,-12.6953125
38.31457591056824,-14.6484375
38.3184769153595,-11.23046875
38.32237792015076,-1.46484375
38.326106548309326,2.9296875
38.330007791519165,-3.41796875
38.333908796310425,-10.25390625
38.337809801101685,-11.71875
38.341710805892944,-12.20703125
38.345611810684204,-13.18359375
38.349512815475464,-13.671875
38.3534140586853,-15.13671875
38.35731506347656,-18.5546875
38.36121606826782,-9.27734375
38.36511707305908,-9.765625
38.36901807785034,-19.04296875
38.37274169921875,-16.11328125
38.37664270401001,-13.18359375
38.38054370880127,-10.7421875
38.38444471359253,-2.44140625
38.38834571838379,-1.953125
38.39224672317505,-9.27734375
38.39614772796631,-16.11328125
38.40004873275757,-17.08984375
38.40394997596741,-12.20703125
38.40785098075867,-9.27734375
38.41175198554993,-6.34765625
38.41565299034119,-7.8125
38.41936779022217,-5.859375
38.42326879501343,-6.34765625
38.42716979980469,-12.20703125
38.43107080459595,-11.71875
38.43497180938721,-16.6015625
38.43887281417847,-20.5078125
38.44277381896973,-22.94921875
38.446674823760986,-24.90234375
38.450575828552246,-17.08984375
38.454476833343506,-12.20703125
38.458377838134766,-14.6484375
38.462278842926025,-20.01953125
38.46603488922119,-22.4609375
38.46993589401245,-20.99609375
38.47383689880371,-19.53125
38.47773790359497,-19.04296875
38.48163890838623,-23.4375
38.48553991317749,-18.06640625
38.48944091796875,-12.6953125
38.49334192276001,-20.99609375
38.49724292755127,-19.53125
38.50114393234253,-11.23046875
38.50504493713379,-11.23046875
38.50894594192505,-16.6015625
38.51265096664429,-19.04296875
38.51655197143555,-19.04296875
38.52045297622681,-17.08984375
38.524353981018066,-17.08984375
38.528254985809326,-18.5546875
38.532155990600586,-22.94921875
38.536056995391846,-24.4140625
38.539957761764526,-27.34375
38.543858766555786,-30.2734375
38.547759771347046,-24.4140625
38.551660776138306,-18.06640625
38.555561780929565,-15.13671875
38.55926060676575,-13.18359375
38.56316161155701,-18.5546875
38.56706261634827,-27.83203125
38.570963621139526,-27.83203125
38.574864625930786,-22.4609375
38.578765630722046,-20.99609375
38.582666635513306,-20.99609375
38.586567401885986,-23.4375
38.590468406677246,-16.6015625
38.594369411468506,-7.32421875
38.598270416259766,-12.20703125
38.602171421051025,-20.01953125
38.60585832595825,-20.99609375
38.60975933074951,-19.04296875
38.61366033554077,-13.671875
38.61756110191345,-16.11328125
38.62146210670471,-23.92578125
38.62536311149597,-27.34375
38.62926411628723,-20.01953125
38.63316488265991,-12.6953125
38.63706588745117,-16.11328125
38.64096689224243,-17.578125
38.64486789703369,-11.23046875
38.64876866340637,-8.7890625
38.65249824523926,-10.7421875
38.65639925003052,-13.671875
38.6603000164032,-11.23046875
38.66420102119446,-13.18359375
38.66810202598572,-18.5546875
38.6720027923584,-16.11328125
38.67590379714966,-19.53125
38.67980480194092,-16.11328125
38.6837055683136,-6.34765625
38.68760657310486,-4.39453125
38.69150757789612,-4.39453125
38.6954083442688,-8.7890625
38.69918131828308,-18.06640625
38.70308232307434,-15.625
38.70698308944702,-13.671875
38.71088409423828,-14.6484375
38.71478509902954,-12.6953125
38.71868586540222,-18.06640625
38.72258687019348,-20.5078125
38.72648763656616,-16.11328125
38.73038864135742,-13.671875
38.73428964614868,-15.13671875
38.73819041252136,-15.625
38.74209141731262,-21.484375
38.745805978775024,-26.85546875
38.749706983566284,-19.04296875
38.753607749938965,-3.41796875
38.757508754730225,4.8828125
38.761409521102905,11.71875
38.765310525894165,15.625
38.769211530685425,16.11328125
38.773112297058105,14.6484375
38.777013301849365,14.16015625
38.780914068222046,15.625
38.784815073013306,14.16015625
38.788715839385986,8.30078125
38.792425870895386,7.8125
38.796326875686646,9.765625
38.800227642059326,14.6484375
38.804128646850586,9.765625
38.80802941322327,7.32421875
38.811930418014526,12.20703125
38.81583118438721,8.7890625
38.81973195075989,1.46484375
38.82363295555115,-5.37109375
38.82753372192383,-7.32421875
38.83143472671509,-0.48828125
38.83533549308777,7.32421875
38.83903646469116,3.90625
38.84293746948242,-4.39453125
38.8468382358551,0.0
38.85073900222778,-2.44140625
38.85464000701904,-3.41796875
38.858540773391724,-3.90625
38.86244177818298,-1.46484375
38.866342544555664,5.859375
38.870243549346924,0.48828125
38.874144315719604,-4.39453125
38.878045082092285,-4.39453125
38.881946086883545,0.9765625
38.88569164276123,0.9765625
38.88959240913391,-3.90625
38.89349341392517,-5.37109375
38.89739418029785,-8.30078125
38.90129494667053,-13.671875
38.90519595146179,-14.6484375
38.90909671783447,-15.625
38.91299748420715,-6.34765625
38.91689848899841,-0.9765625
38.920799255371094,-8.30078125
38.924700021743774,-12.20703125
38.928601026535034,-9.27734375
38.93228840827942,-12.6953125
38.9361891746521,-12.6953125
38.94008994102478,-12.20703125
38.94399094581604,-12.20703125
38.94789171218872,-9.27734375
38.9517924785614,-9.27734375
38.95569324493408,-11.71875
38.95959424972534,-15.13671875
38.96349501609802,-17.578125
38.9673957824707,-20.01953125
38.97129678726196,-13.18359375
38.975197553634644,-12.20703125
38.978880167007446,-12.6953125
38.982781171798706,-12.6953125
38.98668193817139,-16.6015625
38.99058270454407,-17.578125
38.99448347091675,-17.578125
38.99838423728943,-18.5546875
39.00228500366211,-16.6015625
39.00618600845337,-12.20703125
39.01008677482605,-5.37109375
39.01398754119873,4.8828125
39.01788830757141,5.859375
39.02178907394409,0.9765625
39.02546668052673,-12.20703125
39.029367446899414,-21.484375
39.033268213272095,-23.4375
39.037168979644775,-19.04296875
39.041069746017456,-21.97265625
39.04497051239014,-25.390625
39.04887127876282,-25.87890625
39.05277228355408,-26.85546875
39.05667304992676,-29.78515625
39.06057381629944,-34.66796875
39.06447458267212,-38.57421875
39.0683753490448,-41.50390625
39.07209348678589,-38.57421875
39.07599425315857,-38.57421875
39.07989501953125,-34.1796875
39.08379578590393,-35.15625
39.08769655227661,-40.0390625
39.09159731864929,-41.9921875
39.09549808502197,-38.0859375
39.09939885139465,-31.73828125
39.103299617767334,-33.69140625
39.107200384140015,-32.2265625
39.111101150512695,-32.2265625
39.115001916885376,-29.78515625
39.11876082420349,-31.25
39.12266159057617,-36.1328125
39.12656235694885,-28.80859375
39.13046312332153,-30.2734375
39.134363889694214,-33.203125
39.138264656066895,-24.4140625
39.142165422439575,-19.04296875
39.146066188812256,-20.5078125
39.14996695518494,-21.484375
39.15386772155762,-21.484375
39.1577684879303,-22.94921875
39.16166925430298,-20.99609375
39.16537404060364,-22.4609375
39.16927480697632,-23.92578125
39.173175573349,-30.2734375
39.17707633972168,-34.66796875
39.18097686767578,-27.34375
39.18487763404846,-22.4609375
39.18877840042114,-22.94921875
39.19267916679382,-27.34375
39.196579933166504,-27.83203125
39.200480699539185,-22.94921875
39.204381465911865,-20.5078125
39.208282232284546,-18.06640625
39.21197867393494,-11.71875
39.21587944030762,-9.765625
39.2197802066803,-10.7421875
39.22368097305298,-7.32421875
39.22758173942566,-7.32421875
39.23148226737976,-5.37109375
39.23538303375244,-4.8828125
39.23928380012512,-4.8828125
39.2431845664978,-3.41796875
39.24708533287048,1.953125
39.250985860824585,-0.48828125
39.254886627197266,-5.859375
39.258578300476074,-10.25390625
39.262479066848755,-10.25390625
39.266379594802856,-6.34765625
39.27028036117554,-2.9296875
39.27418112754822,-2.9296875
39.2780818939209,-6.8359375
39.281982421875,-8.7890625
39.28588318824768,-14.6484375
39.28978395462036,-19.53125
39.29368448257446,-13.671875
39.297585248947144,-4.8828125
39.301486015319824,-8.7890625
39.30521869659424,-17.08984375
39.30911946296692,-7.32421875
39.3130202293396,0.0
39.3169207572937,-7.8125
39.32082152366638,-5.859375
39.32472229003906,-1.46484375
39.328622817993164,2.44140625
39.332523584365845,9.765625
39.336424350738525,12.6953125
39.34032487869263,15.625
39.34422564506531,16.11328125
39.34812641143799,12.6953125
39.351808309555054,13.18359375
39.355709075927734,27.34375
39.359609603881836,20.99609375
39.36351037025452,11.23046875
39.3674111366272,18.5546875
39.3713116645813,26.85546875
39.37521243095398,31.73828125
39.37911295890808,31.25
39.38301372528076,39.55078125
39.38691449165344,47.8515625
39.390815019607544,44.921875
39.394715785980225,41.50390625
39.398388385772705,44.43359375
39.402289152145386,43.45703125
39.40618968009949,40.0390625
39.41009044647217,35.15625
39.41399097442627,33.203125
39.41789174079895,32.2265625
39.42179226875305,32.2265625
39.42569303512573,36.62109375
39.429593563079834,35.64453125
39.433494329452515,34.66796875
39.437394857406616,36.62109375
39.4412956237793,41.015625
39.44500946998596,37.59765625
39.44890999794006,31.25
39.452810764312744,33.69140625
39.456711292266846,37.59765625
39.460612058639526,35.64453125
39.46451258659363,37.59765625
39.46841335296631,43.45703125
39.47231388092041,47.8515625
39.47621440887451,45.41015625
39.48011517524719,39.55078125
39.484015703201294,45.8984375
39.487916469573975,43.9453125
39.49162149429321,37.109375
39.495522022247314,38.57421875
39.499422788619995,41.9921875
39.5033233165741,34.1796875
39.5072238445282,27.34375
39.51112461090088,30.76171875
39.51502513885498,29.78515625
39.51892566680908,26.85546875
39.52282643318176,26.3671875
39.526726961135864,27.83203125
39.530627489089966,29.296875
39.53452825546265,30.76171875
39.5382776260376,23.4375
39.5421781539917,20.01953125
39.54607892036438,20.5078125
39.54997944831848,20.01953125
39.55387997627258,20.5078125
39.557780504226685,16.6015625
39.561681270599365,19.04296875
39.56558179855347,23.92578125
39.56948232650757,19.04296875
39.57338309288025,19.04296875
39.57728362083435,20.01953125
39.58118414878845,16.6015625
39.584882974624634,11.23046875
39.588783502578735,5.37109375
39.59268403053284,2.9296875
39.59658455848694,4.8828125
39.60048508644104,-1.46484375
39.60438585281372,-6.34765625
39.60828638076782,0.0
39.612186908721924,1.46484375
39.616087436676025,-6.8359375
39.619988203048706,-2.9296875
39.62388873100281,-0.48828125
39.62778925895691,0.9765625
39.631476163864136,5.37109375
39.63537669181824,3.41796875
39.63927745819092,2.44140625
39.64317798614502,5.37109375
39.64707851409912,1.46484375
39.65097904205322,-7.8125
39.654879570007324,-8.7890625
39.658780097961426,-15.625
39.66268062591553,-15.625
39.66658115386963,-11.71875
39.67048192024231,-15.13671875
39.67438244819641,-22.94921875
39.678064584732056,-20.99609375
39.68196511268616,-10.7421875
39.68586564064026,-11.23046875
39.68976616859436,-16.11328125
39.69366693496704,-16.6015625
39.69756746292114,-15.13671875
39.701467990875244,-18.5546875
39.705368518829346,-17.578125
39.70926904678345,-13.18359375
39.71316957473755,-19.04296875
39.71707010269165,-17.578125
39.72097063064575,-14.16015625
39.72469639778137,-17.578125
39.728596925735474,-18.5546875
39.732497453689575,-21.484375
39.73639798164368,-24.90234375
39.74029850959778,-24.90234375
39.74419903755188,-24.4140625
39.74809956550598,-26.3671875
39.75200009346008,-28.3203125
39.755900621414185,-29.78515625
39.759801149368286,-26.85546875
39.76370167732239,-30.76171875
39.76760220527649,-26.3671875
39.771270751953125,-21.484375
39.77517127990723,-23.4375
39.77907180786133,-16.6015625
39.78297233581543,-16.6015625
39.78687286376953,-17.08984375
39.79077339172363,-18.5546875
39.794673919677734,-25.87890625
39.798574447631836,-23.4375
39.80247473716736,-17.578125
39.80637526512146,-17.578125
39.81027579307556,-20.5078125
39.81417632102966,-22.4609375
39.81788516044617,-18.5546875
39.82178568840027,-17.578125
39.82568621635437,-13.671875
39.82958650588989,-4.39453125
39.833487033843994,-6.34765625
39.837387561798096,-8.30078125
39.8412880897522,-12.6953125
39.8451886177063,-14.16015625
39.8490891456604,-7.8125
39.85298943519592,-7.8125
39.856889963150024,-8.7890625
39.860790491104126,-16.11328125
39.86449432373047,-24.4140625
39.86839485168457,-29.78515625
39.87229537963867,-29.78515625
39.87619590759277,-29.296875
39.880096197128296,-27.83203125
39.8839967250824,-21.97265625
39.8878972530365,-20.5078125
39.8917977809906,-25.87890625
39.89569807052612,-19.04296875
39.899598598480225,-20.01953125
39.903499126434326,-26.85546875
39.90739965438843,-39.55078125
39.91109561920166,-47.36328125
39.91499590873718,-44.43359375
39.918896436691284,-40.0390625
39.922796964645386,-35.15625
39.92669749259949,-37.109375
39.93059778213501,-38.57421875
39.93449831008911,-36.62109375
39.93839883804321,-33.203125
39.942299127578735,-34.1796875
39.94619965553284,-27.83203125
39.95010018348694,-16.6015625
39.95400047302246,-16.11328125
39.95773959159851,-19.53125
39.96163988113403,-20.01953125
39.965540409088135,-16.11328125
39.969440937042236,-18.5546875
39.97334122657776,-19.53125
39.97724175453186,-12.6953125
39.98114204406738,-12.20703125
39.985042572021484,-8.7890625
39.988943099975586,-3.41796875
39.99284338951111,-6.34765625
39.99674391746521,-10.25390625
40.00064420700073,-6.34765625
40.00433087348938,-5.37109375
40.00823140144348,-10.25390625
40.012131690979004,-19.04296875
40.016032218933105,-20.99609375
40.01993250846863,-16.11328125
40.02383303642273,-18.06640625
40.02773332595825,-17.578125
40.03163385391235,-10.7421875
40.035534143447876,-7.8125
40.03943467140198,-18.06640625
40.04333519935608,-18.06640625
40.0472354888916,-10.7421875
40.05091619491577,-16.11328125
40.05481672286987,-14.16015625
40.058717012405396,-9.27734375
40.0626175403595,-18.5546875
40.06651782989502,-22.4609375
40.07041835784912,-14.16015625
40.074318647384644,-7.32421875
40.078218936920166,-10.25390625
40.08211946487427,-12.6953125
40.08601975440979,-13.671875
40.08992028236389,-17.578125
40.093820571899414,-16.6015625
40.09749364852905,-12.20703125
40.101393938064575,-14.6484375
40.10529446601868,-14.16015625
40.1091947555542,-11.23046875
40.11309504508972,-15.13671875
40.11699557304382,-13.671875
40.120895862579346,-10.25390625
40.12479615211487,-18.06640625
40.12869668006897,-18.5546875
40.13259696960449,-15.625
40.136497497558594,-11.71875
40.140397787094116,-8.7890625
40.14411020278931,-16.6015625
40.14801073074341,-26.3671875
40.15191102027893,-26.3671875
40.15581130981445,-21.97265625
40.159711837768555,-23.4375
40.16361212730408,-25.390625
40.1675124168396,-27.83203125
40.17141270637512,-24.4140625
40.175313234329224,-23.92578125
40.179213523864746,-34.1796875
40.18311381340027,-25.87890625
40.18701434135437,-5.37109375
40.19076991081238,-6.34765625
40.1946702003479,-17.08984375
40.198570728302,-20.99609375
40.202471017837524,-12.6953125
40.20637130737305,-13.18359375
40.21027159690857,-16.11328125
40.21417212486267,-13.671875
40.21807241439819,-18.5546875
40.221972703933716,-24.4140625
40.22587299346924,-30.76171875
40.22977352142334,-31.73828125
40.23367381095886,-23.4375
40.23737382888794,-21.97265625
40.24127411842346,-20.01953125
40.245174407958984,-15.13671875
40.249074935913086,-8.30078125
40.25297522544861,-7.8125
40.25687551498413,-8.7890625
40.26077580451965,-11.71875
40.264676094055176,-9.765625
40.2685763835907,-1.46484375
40.2724769115448,-6.34765625
40.27637720108032,-11.23046875
40.280277490615845,-11.23046875
40.28397250175476,-11.23046875
40.28787279129028,-15.13671875
40.291773080825806,-22.94921875
40.29567337036133,-13.671875
40.29957365989685,-4.39453125
40.30347394943237,-3.90625
40.307374477386475,-8.7890625
40.311274766922,-14.6484375
40.31517505645752,-9.765625
40.31907534599304,-4.39453125
40.322975635528564,3.90625
40.32687592506409,15.13671875
40.330562591552734,17.578125
40.33446288108826,16.6015625
40.33836317062378,10.7421875
40.3422634601593,4.39453125
40.346163749694824,4.39453125
40.35006403923035,6.8359375
40.35396432876587,4.8828125
40.35786461830139,-1.46484375
40.361764907836914,-3.90625
40.36566519737244,-4.8828125
40.36956548690796,-0.9765625
40.37346577644348,4.8828125
40.37719535827637,-0.48828125
40.38109564781189,-3.41796875
40.38499593734741,-2.9296875
40.388896226882935,-2.9296875
40.39279651641846,2.44140625
40.39669680595398,0.9765625
40.4005970954895,-0.48828125
40.404497385025024,0.48828125
40.40839767456055,-4.8828125
40.41229772567749,-1.953125
40.41619801521301,2.44140625
40.420098304748535,-1.46484375
40.42377805709839,1.46484375
40.42767810821533,-1.46484375
40.431578397750854,-6.8359375
40.43547868728638,-5.37109375
40.4393789768219,-8.30078125
40.44327926635742,-13.671875
40.447179555892944,-9.27734375
40.45107984542847,-4.8828125
40.45497989654541,-1.953125
40.45888018608093,-4.8828125
40.462780475616455,-11.71875
40.46668076515198,-12.6953125
40.470396995544434,-17.08984375
40.474297285079956,-17.578125
40.47819757461548,-12.6953125
40.482097864151,-8.30078125
40.485997915267944,-9.765625
40.48989820480347,-18.5546875
40.49379849433899,-10.25390625
40.49769878387451,-6.8359375
40.501599073410034,-17.578125
40.50549912452698,-21.97265625
40.5093994140625,-23.92578125
40.51329970359802,-26.85546875
40.516963481903076,-25.87890625
40.52086353302002,-27.34375
40.52476382255554,-27.83203125
40.528664112091064,-28.3203125
40.53256416320801,-33.203125
40.53646445274353,-32.71484375
40.54036474227905,-28.3203125
40.544265031814575,-31.25
40.54816508293152,-32.71484375
40.55206537246704,-30.2734375
40.55596566200256,-31.73828125
40.55986571311951,-32.71484375
40.56356930732727,-33.203125
40.56746959686279,-31.73828125
40.571369647979736,-30.76171875
40.57526993751526,-32.2265625
40.57917022705078,-34.66796875
40.583070278167725,-32.71484375
40.58697056770325,-21.484375
40.59087085723877,-17.578125
40.59477090835571,-20.01953125
40.598671197891235,-18.5546875
40.60257124900818,-23.92578125
40.6064715385437,-26.3671875
40.61022353172302,-25.390625
40.614123582839966,-33.69140625
40.61802387237549,-39.55078125
40.62192416191101,-32.2265625
40.625824213027954,-28.3203125
40.62972450256348,-27.83203125
40.63362455368042,-26.85546875
40.63752484321594,-29.296875
40.641424894332886,-27.83203125
40.64532518386841,-21.484375
40.64922547340393,-21.97265625
40.653125524520874,-27.34375
40.656818866729736,-29.296875
40.66071891784668,-31.73828125
40.6646192073822,-31.73828125
40.668519258499146,-19.53125
40.67241954803467,-12.20703125
40.67631959915161,-18.06640625
40.680219888687134,-25.390625
40.68411993980408,-28.3203125
40.6880202293396,-33.69140625
40.69192028045654,-22.94921875
40.695820569992065,-9.765625
40.69972062110901,-8.30078125
40.70340609550476,-7.8125
40.70730638504028,-5.859375
40.71120643615723,-4.39453125
40.71510672569275,-8.7890625
40.71900677680969,-6.8359375
40.722906827926636,-2.9296875
40.72680711746216,-2.9296875
40.7307071685791,-6.8359375
40.734607458114624,-13.18359375
40.73850750923157,-18.5546875
40.74240779876709,-23.92578125
40.74630784988403,-25.87890625
40.74998903274536,-27.83203125
40.753889083862305,-27.83203125
40.75778913497925,-21.97265625
40.76168942451477,-18.06640625
40.765589475631714,-12.20703125
40.76948952674866,-10.25390625
40.77338981628418,-12.20703125
40.77728986740112,-10.7421875
40.781189918518066,-8.7890625
40.78509020805359,-11.71875
40.78899025917053,-9.765625
40.792890310287476,-6.8359375
40.796610593795776,-12.6953125
40.8005108833313,-14.16015625
40.80441093444824,-6.8359375
40.808310985565186,-6.34765625
40.81221103668213,-12.20703125
40.81611132621765,-11.23046875
40.820011377334595,-14.16015625
40.82391142845154,-18.06640625
40.82781171798706,-12.6953125
40.831711769104004,-19.04296875
40.83561182022095,-24.90234375
40.83951187133789,-20.5078125
40.84317994117737,-17.08984375
40.84707999229431,-12.20703125
40.850980043411255,-9.27734375
40.8548800945282,-11.71875
40.85878014564514,-13.18359375
40.862680435180664,-6.8359375
40.86658048629761,-7.8125
40.87048053741455,-14.16015625
40.874380588531494,-20.5078125
40.87828063964844,-22.94921875
40.88218092918396,-27.83203125
40.8860809803009,-30.2734375
40.88974380493164,-33.69140625
40.89364409446716,-40.52734375
40.897544145584106,-41.50390625
40.90144419670105,-34.66796875
40.90534424781799,-32.71484375
40.90924429893494,-30.76171875
40.91314435005188,-30.2734375
40.91704440116882,-30.76171875
40.92094445228577,-26.3671875
40.92484450340271,-26.3671875
40.92874455451965,-29.78515625
40.9326446056366,-26.85546875
40.936347007751465,-25.87890625
40.94024705886841,-34.66796875
40.94414710998535,-39.0625
40.948047161102295,-34.66796875
40.95194721221924,-30.76171875
40.95584726333618,-28.80859375
40.959747314453125,-27.83203125
40.96364736557007,-33.69140625
40.96754741668701,-35.15625
40.971447467803955,-38.57421875
40.9753475189209,-42.48046875
40.97924757003784,-36.1328125
40.982945919036865,-31.25
40.98684597015381,-25.390625
40.99074602127075,-27.83203125
40.994646072387695,-35.64453125
40.99854612350464,-33.69140625
41.00244617462158,-32.2265625
41.006346225738525,-30.76171875
41.01024627685547,-22.94921875
41.01414632797241,-16.11328125
41.018046379089355,-13.18359375
41.0219464302063,-14.6484375
41.02584648132324,-18.06640625
41.02958345413208,-19.53125
41.03348350524902,-25.390625
41.03738355636597,-22.4609375
41.04128336906433,-14.6484375
41.045183420181274,-20.99609375
41.04908347129822,-27.83203125
41.05298352241516,-24.4140625
41.056883573532104,-20.5078125
41.06078362464905,-20.01953125
41.06468367576599,-22.4609375
41.068583726882935,-20.5078125
41.07248377799988,-17.578125
41.07616853713989,-19.53125
41.08006834983826,-27.34375
41.0839684009552,-33.69140625
41.087868452072144,-29.296875
41.09176850318909,-21.97265625
41.09566855430603,-19.53125
41.099568605422974,-24.90234375
41.10346841812134,-28.80859375
41.10736846923828,-30.2734375
41.111268520355225,-28.80859375
41.11516857147217,-21.97265625
41.11906862258911,-14.6484375
41.12274885177612,-20.99609375
41.12664866447449,-20.99609375
41.13054871559143,-16.6015625
41.134448766708374,-19.04296875
41.13834857940674,-18.06640625
41.14224863052368,-18.5546875
41.146148681640625,-19.04296875
41.15004873275757,-20.5078125
41.15394854545593,-18.06640625
41.157848596572876,-14.16015625
41.16174864768982,-18.5546875
41.16564869880676,-13.18359375
41.16932487487793,-2.9296875
41.17322492599487,-4.8828125
41.17712473869324,-13.671875
41.18102478981018,-7.8125
41.184924840927124,-2.44140625
41.18882465362549,-3.41796875
41.19272470474243,-4.39453125
41.196624755859375,-7.8125
41.20052456855774,-11.23046875
41.20442461967468,-8.7890625
41.208324670791626,-7.32421875
41.21222448348999,-17.08984375
41.21593952178955,-25.390625
41.219839334487915,-23.92578125
41.22373938560486,-22.94921875
41.2276394367218,-26.3671875
41.231539249420166,-31.25
41.23543930053711,-26.85546875
41.239339113235474,-23.92578125
41.24323916435242,-31.73828125
41.24713897705078,-32.2265625
41.251039028167725,-27.34375
41.25493907928467,-22.4609375
41.25883889198303,-28.3203125
41.26250457763672,-24.90234375
41.26640439033508,-23.4375
41.270304441452026,-25.87890625
41.27420425415039,-20.99609375
41.278104305267334,-10.7421875
41.2820041179657,-13.671875
41.28590416908264,-25.390625
41.289803981781006,-25.87890625
41.29370403289795,-22.94921875
41.29760384559631,-16.6015625
41.30150365829468,-20.01953125
41.30540370941162,-18.06640625
41.3091082572937,-12.20703125
41.313008308410645,-17.08984375
41.31690812110901,-17.578125
41.32080793380737,-15.13671875
41.324707984924316,-11.23046875
41.32860779762268,-11.71875
41.332507848739624,-13.18359375
41.33640766143799,-7.8125
41.34030747413635,3.90625
41.344207525253296,6.8359375
41.34810733795166,0.0
41.3520073890686,-0.48828125
41.35570454597473,2.9296875
41.359604358673096,-5.859375
41.36350417137146,-5.37109375
41.3674042224884,0.9765625
41.37130403518677,-5.37109375
41.37520384788513,-10.25390625
41.379103899002075,-5.37109375
41.38300371170044,-0.48828125
41.386903524398804,-1.953125
41.39080357551575,-2.9296875
41.39470338821411,1.46484375
41.398603200912476,-2.44140625
41.40229249000549,-12.6953125
41.40619254112244,-14.6484375
41.4100923538208,-7.8125
41.413992166519165,-7.8125
41.41789197921753,-21.484375
41.42179203033447,-20.01953125
41.42569184303284,-12.6953125
41.4295916557312,-15.625
41.433491468429565,-17.08984375
41.43739151954651,-12.6953125
41.44129133224487,-20.01953125
41.44519114494324,-28.80859375
41.44892239570618,-23.4375
41.45282220840454,-21.484375
41.456722021102905,-25.87890625
41.46062207221985,-24.4140625
41.46452188491821,-19.53125
41.46842169761658,-16.6015625
41.47232151031494,-20.5078125
41.476221323013306,-21.484375
41.48012137413025,-21.97265625
41.48402118682861,-18.5546875
41.48792099952698,-12.6953125
41.49182081222534,-17.578125
41.495500802993774,-20.5078125
41.49940061569214,-11.71875
41.5033004283905,-14.16015625
41.50720024108887,-20.01953125
41.51110005378723,-25.390625
41.514999866485596,-26.3671875
41.51889967918396,-24.90234375
41.5227997303009,-20.99609375
41.52669954299927,-15.625
41.53059935569763,-16.11328125
41.534499168395996,-21.484375
41.53839898109436,-21.97265625
41.54207110404968,-19.53125
41.54597091674805,-19.53125
41.54987072944641,-24.90234375
41.553770542144775,-27.83203125
41.55767035484314,-19.53125
41.561570167541504,-18.5546875
41.56546998023987,-29.296875
41.56936979293823,-31.73828125
41.5732696056366,-25.87890625
41.57716941833496,-17.08984375
41.581069231033325,-20.99609375
41.58496904373169,-27.83203125
41.58863592147827,-26.85546875
41.592535734176636,-21.484375
41.596435546875,-22.94921875
41.600335359573364,-21.97265625
41.60423517227173,-22.4609375
41.60813498497009,-25.390625
41.61203479766846,-22.4609375
41.61593461036682,-25.390625
41.619834423065186,-29.296875
41.62373423576355,-17.08984375
41.627634048461914,-11.71875
41.63153386116028,-20.01953125
41.63524270057678,-16.6015625
41.63914251327515,-9.27734375
41.64304232597351,-6.34765625
41.646942138671875,-10.7421875
41.65084171295166,-18.5546875
41.654741525650024,-19.04296875
41.65864133834839,-18.5546875
41.66254115104675,-18.06640625
41.66644096374512,-12.6953125
41.67034077644348,-10.7421875
41.674240589141846,-13.18359375
41.67814040184021,-15.625
41.68188810348511,-18.5546875
41.68578791618347,-16.6015625
41.689687728881836,-11.23046875
41.69358730316162,-11.23046875
41.697487115859985,-12.20703125
41.70138692855835,-14.16015625
41.705286741256714,-15.13671875
41.70918655395508,-15.13671875
41.71308636665344,-14.16015625
41.71698594093323,-13.671875
41.72088575363159,-7.32421875
41.724785566329956,-6.34765625
41.72848153114319,-9.765625
41.73238134384155,-9.765625
41.73628115653992,-13.18359375
41.7401807308197,-13.18359375
41.744080543518066,-8.30078125
41.74798035621643,-11.23046875
41.751880168914795,-12.6953125
41.75577974319458,-11.23046875
41.759679555892944,-13.671875
41.76357936859131,-19.04296875
41.76747918128967,-18.5546875
41.77137875556946,-10.25390625
41.77506995201111,-7.32421875
41.778969526290894,-13.671875
41.78286933898926,-20.5078125
41.78676915168762,-17.578125
41.79066872596741,-11.23046875
41.79456853866577,-13.18359375
41.798468351364136,-15.13671875
41.80236792564392,-16.11328125
41.806267738342285,-20.01953125
41.81016755104065,-19.04296875
41.814067125320435,-17.08984375
41.8179669380188,-26.3671875
41.82165026664734,-22.4609375
41.8255500793457,-5.37109375
41.82944965362549,-5.859375
41.83334946632385,-11.71875
41.83724927902222,-12.20703125
41.841148853302,-11.23046875
41.845048666000366,-11.23046875
41.84894824028015,-11.71875
41.852848052978516,-12.20703125
41.8567476272583,-14.16015625
41.860647439956665,-20.01953125
41.86454725265503,-18.5546875
41.86827301979065,-16.6015625
41.872172594070435,-14.6484375
41.8760724067688,-9.765625
41.879971981048584,-4.8828125
41.88387179374695,-4.8828125
41.88777160644531,-9.765625
41.8916711807251,-12.20703125
41.89557099342346,-16.11328125
41.89947056770325,-19.53125
41.90337038040161,-23.92578125
41.9072699546814,-25.390625
41.91116976737976,-17.08984375
41.914843797683716,-11.23046875
41.91874361038208,-18.5546875
41.922643184661865,-27.34375
41.92654299736023,-22.4609375
41.930442571640015,-15.625
41.9343421459198,-12.20703125
41.938241958618164,-11.23046875
41.94214153289795,-10.7421875
41.94604134559631,-16.6015625
41.9499409198761,-19.53125
41.95384073257446,-14.6484375
41.95774030685425,-18.5546875
41.96140646934509,-14.6484375
41.96530628204346,-13.671875
41.96920585632324,-17.08984375
41.97310543060303,-8.7890625
41.97700524330139,-12.20703125
41.98090481758118,-19.53125
41.98480439186096,-19.04296875
41.988704204559326,-15.13671875
41.99260377883911,-20.5078125
41.996503591537476,-27.83203125
42.00040316581726,-21.484375
42.004302740097046,-17.578125
42.00796461105347,-16.11328125
42.01186418533325,-16.6015625
42.01576375961304,-23.4375
42.0196635723114,-21.97265625
42.02356314659119,-24.4140625
42.02746272087097,-23.4375
42.03136229515076,-19.04296875
42.03526210784912,-24.4140625
42.039161682128906,-24.90234375
42.04306125640869,-32.2265625
42.046961069107056,-37.59765625
42.05086064338684,-28.80859375
42.05456066131592,-18.5546875
42.0584602355957,-22.94921875
42.06235980987549,-24.90234375
42.06625938415527,-19.04296875
42.07015919685364,-28.3203125
42.07405877113342,-30.2734375
42.07795834541321,-26.85546875
42.08185791969299,-33.203125
42.08575749397278,-32.71484375
42.08965730667114,-21.484375
42.09355688095093,-17.578125
42.09745645523071,-23.4375
42.101197719573975,-20.99609375
42.10509729385376,-16.11328125
42.108996868133545,-13.671875
42.11289644241333,-15.13671875
42.116796255111694,-19.53125
42.12069582939148,-16.11328125
42.124595403671265,-19.04296875
42.12849497795105,-21.97265625
42.132394552230835,-17.578125
42.13629412651062,-20.99609375
42.140193700790405,-20.99609375
42.14409351348877,-16.11328125
42.14778399467468,-15.13671875
42.15168356895447,-20.01953125
42.15558314323425,-19.53125
42.15948271751404,-16.6015625
42.16338229179382,-21.97265625
42.16728186607361,-29.78515625
42.171181440353394,-26.85546875
42.17508101463318,-16.11328125
42.178980588912964,-7.32421875
42.18288016319275,-11.23046875
42.18677997589111,-19.04296875
42.1906795501709,-19.04296875
42.19436526298523,-18.06640625
42.198264837265015,-14.16015625
42.2021644115448,-11.71875
42.206063985824585,-9.27734375
42.20996356010437,-2.9296875
42.213863134384155,-12.6953125
42.21776270866394,-22.4609375
42.221662282943726,-18.5546875
42.22556185722351,-21.97265625
42.229461431503296,-15.13671875
42.23336100578308,-9.27734375
42.237260580062866,-15.625
42.240939140319824,-18.06640625
42.24483871459961,-20.01953125
42.248738288879395,-19.04296875
42.25263786315918,-15.625
42.256537437438965,-14.6484375
42.26043701171875,-16.6015625
42.264336347579956,-20.99609375
42.26823592185974,-17.578125
42.272135496139526,-14.6484375
42.27603507041931,-16.11328125
42.2799346446991,-18.5546875
42.28383421897888,-22.94921875
42.287553548812866,-23.92578125
42.29145312309265,-21.97265625
42.29535269737244,-17.08984375
42.29925227165222,-23.4375
42.30315184593201,-28.80859375
42.30705142021179,-14.16015625
42.31095099449158,-13.18359375
42.31485033035278,-14.6484375
42.31874990463257,-11.71875
42.32264947891235,-22.4609375
42.32654905319214,-25.87890625
42.330448627471924,-27.83203125
42.33411431312561,-24.4140625
42.338013887405396,-15.625
42.34191346168518,-19.04296875
42.345813035964966,-26.85546875
42.34971261024475,-20.99609375
42.35361194610596,-12.6953125
42.35751152038574,-15.625
42.36141109466553,-20.5078125
42.36531066894531,-25.390625
42.36921000480652,-25.87890625
42.373109579086304,-19.53125
42.37700915336609,-19.04296875
42.38067126274109,-14.16015625
42.384570837020874,-6.8359375
42.38847017288208,-11.71875
42.392369747161865,-13.671875
42.39626932144165,-6.8359375
42.400168657302856,-4.8828125
42.40406823158264,-10.25390625
42.40796780586243,-11.71875
42.41186738014221,-10.25390625
42.41576671600342,-15.13671875
42.4196662902832,-13.671875
42.42356586456299,-8.7890625
42.427268505096436,-13.18359375
42.43116784095764,-14.16015625
42.43506741523743,-16.6015625
42.43896675109863,-14.6484375
42.44286632537842,-9.765625
42.4467658996582,-13.18359375
42.45066523551941,-13.671875
42.454564809799194,-11.23046875
42.4584641456604,-14.16015625
42.462363719940186,-10.7421875
42.46626329421997,-6.8359375
42.47016263008118,-3.41796875
42.47386074066162,-9.765625
42.477760314941406,-19.04296875
42.48165965080261,-20.99609375
42.4855592250824,-25.390625
42.4894585609436,-19.53125
42.49335813522339,-10.7421875
42.497257709503174,-12.6953125
42.50115704536438,-15.625
42.505056619644165,-20.01953125
42.50895595550537,-26.85546875
42.512855529785156,-28.80859375
42.51675486564636,-23.4375
42.520490646362305,-22.94921875
42.52438998222351,-24.4140625
42.52828931808472,-17.578125
42.5321888923645,-18.5546875
42.53608822822571,-21.97265625
42.53998780250549,-16.6015625
42.5438871383667,-15.13671875
42.547786712646484,-16.11328125
42.55168604850769,-16.6015625
42.555585622787476,-20.99609375
42.55948495864868,-18.06640625
42.56338453292847,-15.13671875
42.56707000732422,-20.01953125
42.570969343185425,-20.5078125
42.57486891746521,-17.578125
42.578768253326416,-16.11328125
42.58266758918762,-16.6015625
42.58656716346741,-23.92578125
42.59046649932861,-26.85546875
42.5943660736084,-22.4609375
42.598265409469604,-21.97265625
42.60216474533081,-18.06640625
42.606064319610596,-18.5546875
42.6099636554718,-26.85546875
42.613641023635864,-34.1796875
42.61754035949707,-38.0859375
42.621439933776855,-33.69140625
42.62533926963806,-30.76171875
42.62923860549927,-35.64453125
42.63313817977905,-39.55078125
42.63703751564026,-36.1328125
42.640936851501465,-30.76171875
42.64483642578125,-29.296875
42.648735761642456,-31.73828125
42.65263509750366,-37.109375
42.65653467178345,-40.0390625
42.660207748413086,-31.73828125
42.66410732269287,-23.92578125
42.66800665855408,-26.85546875
42.67190599441528,-27.83203125
42.67580533027649,-27.34375
42.679704904556274,-29.296875
42.68360424041748,-27.83203125
42.68750357627869,-26.85546875
42.69140291213989,-35.64453125
42.69530248641968,-40.52734375
42.699201822280884,-35.64453125
42.70310115814209,-27.83203125
42.706815242767334,-27.34375
42.71071457862854,-32.71484375
42.714613914489746,-32.2265625
42.71851348876953,-23.4375
42.72241282463074,-24.90234375
42.72631216049194,-26.3671875
42.73021149635315,-21.97265625
42.734110832214355,-19.53125
42.73801016807556,-15.625
42.74190974235535,-20.99609375
42.74580907821655,-25.87890625
42.74970841407776,-27.34375
42.75337243080139,-21.484375
42.7572717666626,-17.08984375
42.761171102523804,-25.390625
42.76507043838501,-33.69140625
42.768969774246216,-31.73828125
42.77286911010742,-37.109375
42.77676868438721,-40.0390625
42.78066802024841,-43.9453125
42.78456735610962,-50.29296875
42.788466691970825,-47.8515625
42.79236602783203,-40.0390625
42.79626536369324,-34.1796875
42.799967765808105,-30.76171875
42.80386710166931,-29.296875
42.80776643753052,-29.296875
42.811665773391724,-31.25
42.81556510925293,-29.296875
42.819464445114136,-24.4140625
42.82336378097534,-31.73828125
42.82726311683655,-35.15625
42.831162452697754,-43.45703125
42.83506178855896,-47.8515625
42.838961124420166,-36.1328125
42.84286046028137,-32.71484375
42.8465576171875,-36.62109375
42.850456953048706,-37.109375
42.85435628890991,-32.71484375
42.85825562477112,-28.3203125
42.862154960632324,-32.2265625
42.86605429649353,-32.2265625
42.869953632354736,-35.64453125
42.87385296821594,-42.96875
42.87775206565857,-43.9453125
42.881651401519775,-38.0859375
42.88555073738098,-40.0390625
42.88945007324219,-44.43359375
42.89314293861389,-41.9921875
42.8970422744751,-43.45703125
42.900941610336304,-43.9453125
42.90484094619751,-47.36328125
42.908740282058716,-47.36328125
42.91263961791992,-43.45703125
42.91653895378113,-46.875
42.920438289642334,-50.78125
42.92433762550354,-54.6875
42.92823672294617,-50.78125
42.93213605880737,-43.45703125
42.93603539466858,-47.8515625
42.93976593017578,-55.17578125
42.94366526603699,-54.6875
42.94756460189819,-44.921875
42.95146369934082,-48.828125
42.955363035202026,-55.6640625
42.95926237106323,-50.29296875
42.96316170692444,-54.6875
42.967061042785645,-51.7578125
42.97096037864685,-39.55078125
42.97485947608948,-30.76171875
42.978758811950684,-29.296875
42.98265814781189,-39.0625
42.98633885383606,-41.50390625
42.99023795127869,-35.15625
42.99413728713989,-38.0859375
42.9980366230011,-42.48046875
43.001935958862305,-42.48046875
43.00583505630493,-50.78125
43.00973439216614,-53.22265625
43.013633728027344,-44.921875
43.01753306388855,-41.50390625
43.02143216133118,-44.921875
43.02533149719238,-45.41015625
43.02923083305359,-43.45703125
43.0329065322876,-43.45703125
43.036805629730225,-41.015625
43.04070496559143,-38.57421875
43.04460430145264,-36.1328125
43.048503398895264,-31.73828125
43.05240273475647,-28.3203125
43.056302070617676,-24.90234375
43.0602011680603,-24.90234375
43.06410050392151,-23.4375
43.067999839782715,-27.34375
43.07189893722534,-25.390625
43.07579827308655,-20.99609375
43.079466581344604,-22.4609375
43.08336567878723,-26.3671875
43.08726501464844,-29.78515625
43.091164350509644,-29.78515625
43.09506344795227,-32.2265625
43.09896278381348,-39.55078125
43.1028618812561,-29.296875
43.10676121711731,-14.16015625
43.11066031455994,-20.99609375
43.11455965042114,-21.484375
43.11845898628235,-21.97265625
43.122358083724976,-29.296875
43.12606739997864,-25.87890625
43.129966735839844,-13.671875
43.13386583328247,-11.23046875
43.13776516914368,-16.6015625
43.141664266586304,-13.671875
43.14556360244751,-8.7890625
43.14946269989014,-7.8125
43.15336203575134,-6.34765625
43.15726113319397,-10.25390625
43.161160469055176,-10.25390625
43.1650595664978,-5.37109375
43.16895890235901,0.48828125
43.17270851135254,-2.44140625
43.176607608795166,-3.90625
43.18050694465637,0.0
43.184406042099,-7.8125
43.188305139541626,-6.8359375
43.19220447540283,3.90625
43.19610357284546,9.27734375
43.200002908706665,16.11328125
43.20390200614929,10.7421875
43.2078013420105,4.39453125
43.211700439453125,4.39453125
43.21559977531433,-1.953125
43.21929597854614,-5.37109375
43.22319507598877,-2.9296875
43.227094411849976,-1.46484375
43.2309935092926,-1.46484375
43.23489260673523,-2.9296875
43.238791942596436,-2.44140625
43.24269104003906,-3.90625
43.24659037590027,-1.46484375
43.250489473342896,-0.9765625
43.25438857078552,-2.44140625
43.25828790664673,-1.46484375
43.262187004089355,-10.7421875
43.26587915420532,-9.27734375
43.26977825164795,-4.8828125
43.273677349090576,-11.71875
43.27757668495178,-14.16015625
43.28147578239441,-14.6484375
43.285374879837036,-20.5078125
43.28927421569824,-24.90234375
43.29317331314087,-32.2265625
43.297072410583496,-46.38671875
43.3009717464447,-46.38671875
43.30487084388733,-45.8984375
43.308769941329956,-52.734375
43.3124577999115,-55.6640625
43.316356897354126,-54.6875
43.32025599479675,-59.08203125
43.32415533065796,-63.96484375
43.328054428100586,-59.08203125
43.33195352554321,-54.6875
43.33585262298584,-55.6640625
43.339751958847046,-58.10546875
43.34365105628967,-62.01171875
43.3475501537323,-65.4296875
43.35144925117493,-66.40625
43.35534858703613,-64.453125
43.35907340049744,-58.59375
43.36297249794006,-54.19921875
43.36687159538269,-48.828125
43.37077069282532,-39.0625
43.374669790267944,-37.109375
43.37856912612915,-36.62109375
43.38246822357178,-35.15625
43.386367321014404,-30.2734375
43.39026641845703,-26.85546875
43.39416551589966,-26.3671875
43.398064851760864,-28.3203125
43.40196394920349,-28.3203125
43.40563893318176,-19.04296875
43.40953803062439,-18.06640625
43.41343712806702,-19.04296875
43.417336225509644,-16.6015625
43.42123532295227,-16.11328125
43.4251344203949,-17.08984375
43.4290337562561,-17.08984375
43.43293285369873,-17.578125
43.43683195114136,-17.578125
43.440731048583984,-12.6953125
43.44463014602661,-12.20703125
43.44852924346924,-11.23046875
43.452200412750244,-12.6953125
43.45609951019287,-12.20703125
43.4599986076355,-11.71875
43.463897705078125,-13.18359375
43.46779680252075,-14.16015625
43.47169589996338,-10.25390625
43.475594997406006,-9.27734375
43.47949409484863,-8.30078125
43.48339319229126,-12.6953125
43.48729228973389,-19.53125
43.491191387176514,-20.01953125
43.49509048461914,-16.6015625
43.498801708221436,-13.671875
43.50270080566406,-17.08984375
43.50659990310669,-13.671875
43.510499000549316,-9.27734375
43.51439809799194,-11.71875
43.51829719543457,-12.20703125
43.5221962928772,-19.53125
43.526095390319824,-13.18359375
43.52999448776245,-6.34765625
43.53389358520508,-9.27734375
43.537792682647705,-12.20703125
43.54169178009033,-6.34765625
43.545395374298096,0.48828125
43.54929447174072,-3.41796875
43.55319356918335,-5.859375
43.55709266662598,-7.32421875
43.5609917640686,-3.41796875
43.56489086151123,-1.953125
43.56878995895386,-5.859375
43.572689056396484,-1.46484375
43.57658815383911,-2.9296875
43.58048701286316,-3.41796875
43.584386110305786,-1.46484375
43.58828520774841,-0.9765625
43.592029333114624,3.41796875
43.59592819213867,7.32421875
43.5998272895813,24.4140625
43.603726387023926,41.015625
43.60762548446655,45.8984375
43.61152458190918,41.9921875
43.61542367935181,32.71484375
43.619322538375854,31.73828125
43.62322163581848,31.25
43.62712073326111,27.83203125
43.631019830703735,33.203125
43.63491892814636,27.83203125
43.63861322402954,14.16015625
43.64251208305359,11.71875
43.646411180496216,9.765625
43.65031027793884,5.37109375
43.65420937538147,10.7421875
43.65810823440552,16.11328125
43.662007331848145,12.6953125
43.66590642929077,9.27734375
43.6698055267334,4.39453125
43.673704385757446,5.37109375
43.67760348320007,7.8125
43.6815025806427,0.9765625
43.685192346572876,-7.32421875
43.6890914440155,-11.23046875
43.69299030303955,-8.30078125
43.69688940048218,-11.71875
43.700788497924805,-8.7890625
43.70468759536743,0.48828125
43.70858645439148,-1.953125
43.712485551834106,-7.8125
43.71638464927673,-9.27734375
43.72028350830078,-8.30078125
43.72418260574341,-6.8359375
43.728081703186035,-8.7890625
43.73176407814026,-5.859375
43.73566293716431,-6.8359375
43.739562034606934,-15.13671875
43.74346113204956,-25.390625
43.74735999107361,-27.34375
43.751259088516235,-18.5546875
43.75515794754028,-16.11328125
43.75905704498291,-19.53125
43.76295614242554,-22.94921875
43.766855001449585,-27.34375
43.77075409889221,-19.04296875
43.77465295791626,-8.7890625
43.77837538719177,-10.7421875
43.78227424621582,-22.94921875
43.78617334365845,-29.78515625
43.790072202682495,-30.2734375
43.79397130012512,-35.64453125
43.79787015914917,-36.1328125
43.8017692565918,-33.69140625
43.805668115615845,-33.203125
43.80956721305847,-34.66796875
43.8134663105011,-42.48046875
43.81736516952515,-43.45703125
43.82126426696777,-31.25
43.82502627372742,-32.2265625
43.828925371170044,-41.9921875
43.83282423019409,-39.0625
43.83672332763672,-33.69140625
43.84062218666077,-33.203125
43.844521284103394,-34.1796875
43.84842014312744,-29.78515625
43.85231924057007,-25.390625
43.856218099594116,-29.78515625
43.86011719703674,-29.296875
43.86401605606079,-27.34375
43.86791515350342,-29.296875
43.87158393859863,-27.83203125
43.87548279762268,-22.94921875
43.87938165664673,-20.5078125
43.883280754089355,-19.53125
43.8871796131134,-17.08984375
43.89107871055603,-13.671875
43.89497756958008,-20.99609375
43.898876667022705,-24.4140625
43.90277552604675,-20.99609375
43.9066743850708,-24.4140625
43.91057348251343,-24.4140625
43.914472341537476,-23.4375
43.91817784309387,-20.99609375
43.9220769405365,-11.71875
43.92597579956055,-17.08984375
43.929874658584595,-23.92578125
43.93377375602722,-24.90234375
43.93767261505127,-22.4609375
43.94157147407532,-24.4140625
43.945470571517944,-34.1796875
43.94936943054199,-38.57421875
43.95326852798462,-32.2265625
43.95716738700867,-28.80859375
43.961066246032715,-26.3671875
43.96476697921753,-29.296875
43.96866583824158,-32.2265625
43.972564935684204,-27.34375
43.97646379470825,-24.90234375
43.9803626537323,-26.85546875
43.98426151275635,-32.71484375
43.988160610198975,-35.64453125
43.99205946922302,-34.66796875
43.99595832824707,-34.66796875
43.9998574256897,-33.203125
44.003756284713745,-28.3203125
44.00765514373779,-29.296875
44.01139569282532,-26.85546875
44.015294551849365,-27.83203125
44.01919341087341,-28.3203125
44.02309250831604,-24.4140625
44.02699136734009,-30.2734375
44.030890226364136,-23.4375
44.034789085388184,-19.04296875
44.03868794441223,-25.390625
44.04258704185486,-30.2734375
44.046485900878906,-37.59765625
44.050384759902954,-35.64453125
44.054283618927,-34.1796875
44.05797266960144,-28.80859375
44.06187152862549,-27.34375
44.065770387649536,-36.1328125
44.069669246673584,-36.62109375
44.07356810569763,-29.296875
44.07746696472168,-24.90234375
44.08136606216431,-25.390625
44.085264921188354,-24.4140625
44.0891637802124,-25.87890625
44.09306263923645,-32.2265625
44.0969614982605,-24.4140625
44.100860357284546,-20.01953125
44.10454535484314,-25.87890625
44.10844421386719,-36.1328125
44.112343072891235,-38.57421875
44.11624193191528,-33.69140625
44.12014079093933,-35.15625
44.12403964996338,-27.83203125
44.12793850898743,-20.5078125
44.131837368011475,-24.4140625
44.13573622703552,-25.87890625
44.13963532447815,-20.5078125
44.1435341835022,-23.4375
44.147433042526245,-33.69140625
44.1511127948761,-30.2734375
44.15501165390015,-22.94921875
44.158910512924194,-29.78515625
44.16280937194824,-30.2734375
44.16670823097229,-21.484375
44.17060708999634,-23.4375
44.174505949020386,-33.69140625
44.178404808044434,-32.71484375
44.18230366706848,-23.4375
44.18620252609253,-21.484375
44.19010138511658,-23.4375
44.194000244140625,-24.4140625
44.19771981239319,-19.04296875
44.201618671417236,-19.04296875
44.205517530441284,-19.04296875
44.20941638946533,-17.08984375
44.21331524848938,-18.5546875
44.21721386909485,-19.53125
44.2211127281189,-20.01953125
44.225011587142944,-21.97265625
44.22891044616699,-16.6015625
44.23280930519104,-11.23046875
44.23670816421509,-17.578125
44.240607023239136,-21.484375
44.24428081512451,-20.01953125
44.24817967414856,-23.4375
44.25207853317261,-28.80859375
44.255977392196655,-22.94921875
44.2598762512207,-15.625
44.26377511024475,-20.01953125
44.2676739692688,-23.92578125
44.27157282829285,-19.04296875
44.275471448898315,-17.578125
44.27937030792236,-19.53125
44.28326916694641,-18.5546875
44.28716802597046,-21.484375
44.290876388549805,-25.87890625
44.29477524757385,-21.484375
44.29867386817932,-21.484375
44.30257272720337,-27.34375
44.30647158622742,-31.25
44.310370445251465,-37.109375
44.31426930427551,-35.15625
44.31816792488098,-46.38671875
44.32206678390503,-49.31640625
44.32596564292908,-47.8515625
44.329864501953125,-58.10546875
44.33376336097717,-49.8046875
44.337467193603516,-46.38671875
44.341365814208984,-59.5703125
44.34526467323303,-59.5703125
44.34916353225708,-63.4765625
44.35306239128113,-69.3359375
44.3569610118866,-62.98828125
44.360859870910645,-56.640625
44.36475872993469,-63.96484375
44.36865758895874,-64.94140625
44.37255620956421,-55.17578125
44.37645506858826,-58.10546875
44.380353927612305,-62.01171875
44.38405251502991,-54.6875
44.387951374053955,-45.41015625
44.391849994659424,-45.41015625
44.39574885368347,-50.78125
44.39964771270752,-46.875
44.40354633331299,-45.41015625
44.407445192337036,-44.921875
44.411344051361084,-42.48046875
44.41524267196655,-41.9921875
44.4191415309906,-41.015625
44.42304039001465,-41.9921875
44.42693901062012,-39.0625
44.4306743144989,-33.69140625
44.43457293510437,-40.0390625
44.43847179412842,-46.875
44.44237041473389,-48.33984375
44.446269273757935,-47.36328125
44.45016813278198,-45.8984375
44.45406675338745,-42.48046875
44.4579656124115,-44.921875
44.46186423301697,-48.828125
44.465763092041016,-41.50390625
44.46966195106506,-37.109375
44.47356057167053,-37.109375
44.47725057601929,-36.1328125
44.481149196624756,-36.62109375
44.485048055648804,-32.2265625
44.48894667625427,-28.80859375
44.49284553527832,-32.2265625
44.49674439430237,-37.109375
44.50064301490784,-36.1328125
44.504541873931885,-38.57421875
44.50844049453735,-33.203125
44.5123393535614,-20.99609375
44.51623797416687,-17.08984375
44.52013683319092,-18.06640625
44.52381944656372,-18.06640625
44.52771806716919,-17.578125
44.53161692619324,-21.97265625
44.535515546798706,-19.04296875
44.539414167404175,-18.06640625
44.54331302642822,-21.97265625
44.54721164703369,-24.4140625
44.55111050605774,-22.94921875
44.55500912666321,-27.83203125
44.558907985687256,-21.97265625
44.562806606292725,-13.18359375
44.56670546531677,-18.06640625
44.57038354873657,-19.53125
44.57428240776062,-18.5546875
44.57818102836609,-20.5078125
44.58207988739014,-20.99609375
44.585978507995605,-8.30078125
44.589877128601074,2.44140625
44.59377598762512,1.46484375
44.59767460823059,-4.8828125
44.60157346725464,-20.5078125
44.60547208786011,-24.4140625
44.609370708465576,-17.578125
44.613269567489624,-10.7421875
44.616986989974976,-5.37109375
44.620885610580444,-2.44140625
44.62478423118591,1.46484375
44.62868309020996,3.41796875
44.63258171081543,0.0
44.6364803314209,-2.44140625
44.640379190444946,-1.953125
44.644277811050415,-7.8125
44.648176431655884,-7.8125
44.65207529067993,-7.32421875
44.6559739112854,-14.16015625
44.65987253189087,-8.30078125
44.66362905502319,0.48828125
44.66752767562866,-7.8125
44.67142653465271,-19.53125
44.67532515525818,-20.01953125
44.67922377586365,-23.4375
44.683122396469116,-29.78515625
44.687021255493164,-28.80859375
44.69091987609863,-20.01953125
44.6948184967041,-16.6015625
44.69871735572815,-17.08984375
44.70261597633362,-0.48828125
44.70651459693909,1.953125
44.71022009849548,2.44140625
44.71411871910095,9.765625
44.71801733970642,-3.41796875
44.72191596031189,-11.71875
44.72581481933594,-8.30078125
44.729713439941406,-9.765625
44.733612060546875,-18.06640625
44.737510681152344,-28.80859375
44.74140930175781,-29.296875
44.74530816078186,-27.83203125
44.74920678138733,-25.390625
44.7531054019928,-17.08984375
44.75680637359619,-20.01953125
44.76070499420166,-31.73828125
44.76460385322571,-29.296875
44.76850247383118,-17.08984375
44.772401094436646,-17.08984375
44.776299715042114,-22.4609375
44.78019833564758,-18.5546875
44.78409695625305,-15.13671875
44.78799557685852,-16.6015625
44.79189443588257,-20.5078125
44.79579305648804,-19.04296875
44.799691677093506,-17.578125
44.803385496139526,-16.11328125
44.807284116744995,-14.6484375
44.811182737350464,-20.01953125
44.81508135795593,-18.06640625
44.8189799785614,-14.16015625
44.82287859916687,-13.18359375
44.82677721977234,-19.53125
44.83067584037781,-24.4140625
44.834574460983276,-14.6484375
44.838473081588745,-10.7421875
44.842371702194214,-15.625
44.84627056121826,-13.671875
44.8500030040741,-11.71875
44.853901624679565,-13.18359375
44.857800245285034,-11.23046875
44.8616988658905,-15.13671875
44.86559748649597,-17.578125
44.86949610710144,-13.671875
44.87339472770691,-13.671875
44.87729334831238,-15.13671875
44.88119196891785,-15.13671875
44.885090589523315,-22.4609375
44.888989210128784,-32.71484375
44.89288783073425,-30.76171875
44.896573066711426,-25.87890625
44.900471687316895,-17.08984375
44.90437030792236,-12.20703125
44.90826892852783,-15.625
44.91216731071472,-14.16015625
44.91606593132019,-12.20703125
44.91996455192566,-15.13671875
44.92386317253113,-13.671875
44.9277617931366,-11.23046875
44.931660413742065,-20.5078125
44.935559034347534,-28.3203125
44.939457654953,-25.390625
44.943138122558594,-19.53125
44.94703674316406,-18.06640625
44.95093536376953,-18.06640625
44.954833984375,-14.6484375
44.95873260498047,-18.5546875
44.96263122558594,-21.484375
44.966529846191406,-19.53125
44.970428466796875,-12.6953125
44.974327087402344,-11.71875
44.97822546958923,-14.16015625
44.9821240901947,-16.11328125
44.98602271080017,-10.25390625
44.989699602127075,-1.46484375
44.993598222732544,-6.8359375
44.99749684333801,-9.765625
45.00139546394348,-15.625
45.00529408454895,-15.625
45.00919246673584,-3.90625
45.01309108734131,-9.27734375
45.01698970794678,-7.32421875
45.020888328552246,1.46484375
45.024786949157715,0.48828125
45.028685331344604,1.953125
45.03258395195007,0.9765625
45.036296129226685,-5.859375
45.040194511413574,-7.32421875
45.04409313201904,-4.39453125
45.04799175262451,-0.9765625
45.05189037322998,-3.90625
45.05578875541687,-12.20703125
45.05968737602234,-24.90234375
45.06358599662781,-22.94921875
45.067484617233276,-8.7890625
45.071382999420166,-11.23046875
45.075281620025635,-9.765625
45.0791802406311,-2.44140625
45.08293104171753,-5.37109375
45.086829662323,-5.37109375
45.09072828292847,-7.32421875
45.094626665115356,-17.08984375
45.098525285720825,-20.01953125
45.102423906326294,-13.671875
45.10632252693176,-17.578125
45.11022090911865,-21.97265625
45.11411952972412,-15.13671875
45.11801815032959,-16.11328125
45.12191653251648,-26.3671875
45.12581515312195,-20.5078125
45.12951850891113,-12.20703125
45.13341689109802,-7.8125
45.13731551170349,-11.71875
45.14121389389038,-13.671875
45.14511251449585,-4.39453125
45.14901113510132,-3.90625
45.15290951728821,-8.30078125
45.15680813789368,-6.8359375
45.160706758499146,-1.953125
45.164605140686035,1.46484375
45.168503761291504,1.46484375
45.172402143478394,-0.9765625
45.176100969314575,-3.90625
45.179999351501465,-10.25390625
45.183897972106934,-7.32421875
45.18779635429382,-6.8359375
45.19169497489929,-9.765625
45.19559359550476,-8.7890625
45.19949197769165,-11.23046875
45.20339059829712,-12.6953125
45.20728898048401,-12.6953125
45.21118760108948,-11.71875
45.21508598327637,-13.671875
45.218984603881836,-18.06640625
45.222679138183594,-13.671875
45.22657752037048,-7.32421875
45.23047614097595,-17.578125
45.23437452316284,-28.3203125
45.23827314376831,-28.80859375
45.2421715259552,-25.390625
45.24607014656067,-31.25
45.24996852874756,-35.64453125
45.25386714935303,-34.66796875
45.25776553153992,-34.66796875
45.261664152145386,-29.296875
45.265562534332275,-31.73828125
45.2692928314209,-35.64453125
45.27319121360779,-29.296875
45.27708959579468,-29.296875
45.28098821640015,-35.64453125
45.284886598587036,-36.1328125
45.288785219192505,-31.25
45.292683601379395,-36.1328125
45.29658222198486,-39.0625
45.30048060417175,-37.59765625
45.30437898635864,-37.109375
45.30827760696411,-39.0625
45.312175989151,-44.921875
45.315863609313965,-46.875
45.319761991500854,-41.9921875
45.32366061210632,-35.15625
45.32755899429321,-39.55078125
45.3314573764801,-39.55078125
45.33535599708557,-32.71484375
45.33925437927246,-37.59765625
45.34315276145935,-39.55078125
45.34705138206482,-41.50390625
45.35094976425171,-41.9921875
45.35484838485718,-37.109375
45.35874676704407,-37.109375
45.362425088882446,-36.62109375
45.366323471069336,-46.875
45.370221853256226,-53.7109375
45.374120473861694,-45.8984375
45.378018856048584,-42.96875
45.381917238235474,-55.6640625
45.38581562042236,-59.08203125
45.38971424102783,-52.24609375
45.39361262321472,-55.6640625
45.39751100540161,-52.734375
45.40140962600708,-42.48046875
45.40530800819397,-30.2734375
45.409022092819214,-27.83203125
45.4129204750061,-34.66796875
45.41681909561157,-26.3671875
45.42071747779846,-14.6484375
45.42461585998535,-18.5546875
45.42851424217224,-21.97265625
45.43241286277771,-17.578125
45.4363112449646,-26.3671875
45.44020962715149,-32.71484375
45.44410800933838,-27.34375
45.44800639152527,-24.4140625
45.45190501213074,-22.94921875
45.45561504364014,-20.01953125
45.459513425827026,-18.06640625
45.463411808013916,-16.6015625
45.467310190200806,-15.625
45.471208572387695,-16.6015625
45.475106954574585,-14.6484375
45.479005575180054,-12.6953125
45.48290395736694,-7.8125
45.48680233955383,-8.7890625
45.49070072174072,-16.11328125
45.49459910392761,-20.01953125
45.4984974861145,-21.484375
45.502246141433716,-17.578125
45.506144523620605,-16.6015625
45.510042905807495,-18.5546875
45.513941287994385,-18.06640625
45.517839670181274,-20.01953125
45.521738052368164,-20.5078125
45.525636434555054,-24.4140625
45.52953505516052,-23.92578125
45.53343343734741,-15.625
45.5373318195343,-17.08984375
45.54123020172119,-23.92578125
45.54512858390808,-23.92578125
45.548831939697266,-21.484375
45.552730321884155,-22.94921875
45.556628704071045,-22.4609375
45.560527086257935,-27.83203125
45.564425468444824,-27.83203125
45.568323850631714,-14.6484375
45.5722222328186,-15.625
45.57612061500549,-18.06640625
45.58001899719238,-17.08984375
45.58391737937927,-22.94921875
45.58781576156616,-17.578125
45.59171414375305,-13.671875
45.59540820121765,-21.484375
45.59930658340454,-26.85546875
45.60320496559143,-23.92578125
45.60710334777832,-14.16015625
45.61100172996521,-18.5546875
45.6149001121521,-27.34375
45.61879849433899,-26.3671875
45.62269687652588,-23.4375
45.62659525871277,-23.92578125
45.63049364089966,-26.85546875
45.63439202308655,-31.73828125
45.63829040527344,-36.62109375
45.641984701156616,-33.203125
45.645883083343506,-33.69140625
45.649781465530396,-40.52734375
45.653679847717285,-36.62109375
45.657577991485596,-26.85546875
45.661476373672485,-35.15625
45.665374755859375,-49.31640625
45.669273138046265,-51.26953125
45.673171520233154,-45.8984375
45.677069902420044,-50.78125
45.680968284606934,-57.12890625
45.68486666679382,-58.59375
45.688594818115234,-62.01171875
45.692493200302124,-68.359375
45.696391582489014,-69.3359375
45.7002899646759,-74.70703125
45.70418834686279,-78.125
45.70808672904968,-77.1484375
45.71198487281799,-74.70703125
45.71588325500488,-70.80078125
45.71978163719177,-67.87109375
45.72368001937866,-63.96484375
45.72757840156555,-59.08203125
45.73147678375244,-56.15234375
45.73516035079956,-58.10546875
45.73905873298645,-62.5
45.74295711517334,-59.08203125
45.74685525894165,-60.546875
45.75075364112854,-63.96484375
45.75465202331543,-55.17578125
45.75855040550232,-45.41015625
45.76244854927063,-40.52734375
45.76634693145752,-44.43359375
45.77024531364441,-49.31640625
45.7741436958313,-42.96875
45.77804207801819,-35.64453125
45.78176164627075,-34.1796875
45.78566002845764,-36.1328125
45.78955841064453,-32.2265625
45.79345655441284,-25.390625
45.79735493659973,-30.76171875
45.80125331878662,-38.57421875
45.80515170097351,-43.45703125
45.80904984474182,-46.875
45.81294822692871,-48.828125
45.8168466091156,-48.828125
45.82074475288391,-44.921875
45.8246431350708,-41.015625
45.82835507392883,-47.8515625
45.83225345611572,-49.8046875
45.83615183830261,-44.43359375
45.84004998207092,-45.8984375
45.84394836425781,-49.31640625
45.84784650802612,-41.9921875
45.85174489021301,-37.109375
45.8556432723999,-46.38671875
45.85954141616821,-47.36328125
45.8634397983551,-41.015625
45.86733818054199,-41.015625
45.8712363243103,-43.45703125
45.87494683265686,-38.57421875
45.87884521484375,-37.109375
45.88274335861206,-36.62109375
45.88664174079895,-32.71484375
45.89053988456726,-37.109375
45.89443826675415,-40.0390625
45.89833664894104,-38.0859375
45.90223479270935,-37.109375
45.90613317489624,-42.96875
45.91003131866455,-39.0625
45.91392970085144,-31.25
45.91782784461975,-34.66796875
45.921573638916016,-37.109375
45.925471782684326,-31.73828125
45.929370164871216,-30.2734375
45.933268308639526,-33.203125
45.937166690826416,-34.66796875
45.94106483459473,-33.69140625
45.944963216781616,-33.203125
45.94886136054993,-32.71484375
45.952759742736816,-32.2265625
45.956658124923706,-27.34375
45.96055626869202,-30.76171875
45.964454650878906,-35.64453125
45.96815490722656,-33.203125
45.97205328941345,-29.296875
45.97595143318176,-24.4140625
45.97984981536865,-24.4140625
45.98374795913696,-41.9921875
45.98764634132385,-59.5703125
45.99154448509216,-62.5
45.995442628860474,-61.5234375
45.99934101104736,-58.59375
46.003239154815674,-61.5234375
46.00713753700256,-65.4296875
46.011035680770874,-60.546875
46.01473069190979,-56.640625
46.0186288356781,-57.12890625
46.02252697944641,-57.6171875
46.0264253616333,-56.15234375
46.03032350540161,-48.828125
46.0342218875885,-46.875
46.03812003135681,-54.6875
46.04201817512512,-53.7109375
46.04591655731201,-50.29296875
46.04981470108032,-52.24609375
46.05371308326721,-56.15234375
46.05761122703552,-57.6171875
46.06129860877991,-44.43359375
46.0651969909668,-40.52734375
46.06909513473511,-43.9453125
46.07299327850342,-39.55078125
46.07689166069031,-39.55078125
46.08078980445862,-43.45703125
46.08468794822693,-47.36328125
46.08858633041382,-42.96875
46.09248447418213,-45.41015625
46.09638261795044,-50.78125
46.10028100013733,-45.8984375
46.10417914390564,-42.48046875
46.10790944099426,-42.96875
46.11180758476257,-44.43359375
46.115705728530884,-47.8515625
46.119603872299194,-50.29296875
46.123502254486084,-50.78125
46.127400398254395,-51.26953125
46.131298542022705,-51.26953125
46.135196924209595,-49.8046875
46.139095067977905,-51.7578125
46.142993211746216,-55.17578125
46.146891355514526,-55.6640625
46.150789737701416,-52.24609375
46.15455365180969,-46.38671875
46.158451795578,-46.875
46.16234993934631,-49.31640625
46.166248083114624,-51.26953125
46.170146465301514,-59.5703125
46.174044609069824,-64.453125
46.177942752838135,-62.01171875
46.181840896606445,-61.5234375
46.185739040374756,-54.6875
46.189637422561646,-49.31640625
46.193535566329956,-55.17578125
46.19743371009827,-56.640625
46.2011501789093,-52.24609375
46.20504832267761,-53.22265625
46.2089467048645,-54.6875
46.21284484863281,-53.22265625
46.21674299240112,-51.7578125
46.220641136169434,-47.36328125
46.224539279937744,-43.45703125
46.228437423706055,-47.8515625
46.232335805892944,-60.05859375
46.236233949661255,-62.01171875
46.240132093429565,-44.921875
46.244030237197876,-32.71484375
46.24773979187012,-40.0390625
46.25163793563843,-50.78125
46.25553607940674,-58.10546875
46.25943422317505,-59.08203125
46.26333236694336,-54.6875
46.26723074913025,-54.6875
46.27112889289856,-45.41015625
46.27502703666687,-41.015625
46.27892518043518,-46.38671875
46.28282332420349,-45.41015625
46.2867214679718,-39.0625
46.29061961174011,-40.52734375
46.29432487487793,-52.734375
46.29822301864624,-62.98828125
46.30212116241455,-62.98828125
46.30601930618286,-60.05859375
46.30991744995117,-60.05859375
46.31381559371948,-59.5703125
46.31771373748779,-57.6171875
46.3216118812561,-56.640625
46.325510025024414,-63.4765625
46.329408168792725,-62.98828125
46.333306312561035,-59.5703125
46.337204694747925,-66.40625
46.34095215797424,-65.4296875
46.344850301742554,-62.01171875
46.348748445510864,-64.453125
46.352646589279175,-60.05859375
46.356544733047485,-57.6171875
46.360442876815796,-64.453125
46.364341020584106,-65.91796875
46.36823916435242,-64.453125
46.37213730812073,-61.5234375
46.37603545188904,-59.08203125
46.37993359565735,-63.96484375
46.38383173942566,-63.96484375
46.38752841949463,-59.5703125
46.39142656326294,-61.03515625
46.39532446861267,-60.546875
46.39922261238098,-51.26953125
46.40312075614929,-45.41015625
46.4070188999176,-40.52734375
46.41091704368591,-38.0859375
46.414815187454224,-36.62109375
46.418713331222534,-35.64453125
46.422611474990845,-35.64453125
46.426509618759155,-31.73828125
46.430407762527466,-35.15625
46.434104681015015,-44.43359375
46.438002824783325,-53.22265625
46.441900968551636,-61.5234375
46.445799112319946,-59.5703125
46.44969701766968,-58.59375
46.45359516143799,-66.89453125
46.4574933052063,-65.91796875
46.46139144897461,-59.08203125
46.46528959274292,-54.6875
46.46918773651123,-55.17578125
46.47308588027954,-53.7109375
46.47698402404785,-49.31640625
46.480672121047974,-41.015625
46.484570264816284,-51.26953125
46.488468170166016,-62.98828125
46.492366313934326,-54.19921875
46.49626445770264,-56.15234375
46.50016260147095,-59.5703125
46.50406074523926,-57.6171875
46.50795865058899,-61.5234375
46.5118567943573,-61.5234375
46.51575493812561,-58.10546875
46.51965308189392,-61.03515625
46.52355122566223,-61.03515625
46.52727389335632,-57.6171875
46.531172037124634,-59.5703125
46.535069942474365,-55.17578125
46.538968086242676,-52.734375
46.542866230010986,-57.12890625
46.5467643737793,-57.6171875
46.55066227912903,-48.828125
46.55456042289734,-46.38671875
46.55845856666565,-53.7109375
46.56235671043396,-52.734375
46.56625461578369,-55.6640625
46.570152759552,-55.17578125
46.57391595840454,-41.50390625
46.57781410217285,-39.55078125
46.58171200752258,-47.36328125
46.585610151290894,-48.33984375
46.589508295059204,-44.921875
46.593406438827515,-45.8984375
46.597304344177246,-50.78125
46.60120248794556,-54.6875
46.60510063171387,-50.29296875
46.6089985370636,-41.50390625
46.61289668083191,-47.8515625
46.61679482460022,-51.26953125
46.62051248550415,-49.31640625
46.62441039085388,-48.33984375
46.62830853462219,-43.9453125
46.6322066783905,-41.9921875
46.636104583740234,-41.015625
46.640002727508545,-45.41015625
46.643900871276855,-38.57421875
46.64779877662659,-37.59765625
46.6516969203949,-46.875
46.65559482574463,-46.38671875
46.65949296951294,-45.8984375
46.66339111328125,-47.8515625
46.66710591316223,-42.96875
46.67100405693054,-38.0859375
46.67490196228027,-38.0859375
46.678800106048584,-38.57421875
46.682698249816895,-41.50390625
46.686596155166626,-45.8984375
46.69049429893494,-40.52734375
46.69439220428467,-36.62109375
46.69829034805298,-41.50390625
46.70218849182129,-41.50390625
46.70608639717102,-35.15625
46.70998454093933,-31.73828125
46.71368718147278,-30.76171875
46.71758532524109,-28.3203125
46.72148323059082,-30.2734375
46.72538137435913,-33.203125
46.72927951812744,-29.296875
46.73317742347717,-22.4609375
46.73707556724548,-22.4609375
46.740973472595215,-25.87890625
46.744871616363525,-22.94921875
46.74876952171326,-30.76171875
46.75266766548157,-41.50390625
46.7565655708313,-41.50390625
46.760305643081665,-43.45703125
46.7642035484314,-46.38671875
46.76810169219971,-46.875
46.77199959754944,-48.828125
46.77589774131775,-51.7578125
46.77979564666748,-52.734375
46.78369379043579,-52.734375
46.78759169578552,-50.78125
46.79148983955383,-43.45703125
46.795387744903564,-40.0390625
46.799285888671875,-46.38671875
46.803183794021606,-42.48046875
46.80687856674194,-33.69140625
46.810776472091675,-33.69140625
46.814674615859985,-25.87890625
46.81857252120972,-18.06640625
46.82247066497803,-22.4609375
46.82636857032776,-23.4375
46.83026647567749,-20.01953125
46.8341646194458,-16.11328125
46.83806252479553,-19.53125
46.84196066856384,-25.390625
46.845858573913574,-15.625
46.849756479263306,-8.30078125
46.85345101356506,-11.23046875
46.857349157333374,-15.625
46.861247062683105,-24.90234375
46.86514496803284,-22.94921875
46.86904311180115,-15.13671875
46.87294101715088,-16.6015625
46.87683892250061,-27.34375
46.88073706626892,-30.2734375
46.88463497161865,-23.4375
46.888532876968384,-20.99609375
46.892431020736694,-20.99609375
46.896328926086426,-20.01953125
46.90006160736084,-23.92578125
46.90395951271057,-23.92578125
46.9078574180603,-23.92578125
46.91175556182861,-22.94921875
46.915653467178345,-15.625
46.919551372528076,-15.625
46.92344951629639,-16.11328125
46.92734742164612,-14.6484375
46.93124532699585,-18.5546875
46.93514323234558,-14.6484375
46.93904137611389,-15.625
46.94293928146362,-15.625
46.9466598033905,-13.18359375
46.95055794715881,-19.53125
46.954455852508545,-19.53125
46.958353757858276,-20.01953125
46.96225166320801,-19.53125
46.96614980697632,-16.6015625
46.97004771232605,-10.7421875
46.97394561767578,-15.13671875
46.97784352302551,-22.94921875
46.981741428375244,-26.3671875
46.985639572143555,-30.2734375
46.989537477493286,-25.390625
46.993295192718506,-25.87890625
46.99719309806824,-28.80859375
47.00109100341797,-33.69140625
47.0049889087677,-37.59765625
47.00888681411743,-29.78515625
47.01278495788574,-21.97265625
47.016682863235474,-19.53125
47.020580768585205,-28.3203125
47.02447867393494,-27.83203125
47.02837657928467,-29.296875
47.0322744846344,-26.85546875
47.03617262840271,-19.53125
47.03988480567932,-25.390625
47.04378271102905,-23.92578125
47.047680616378784,-11.71875
47.051578760147095,-8.7890625
47.055476665496826,-7.32421875
47.05937457084656,-6.34765625
47.06327247619629,-1.46484375
47.06717038154602,3.41796875
47.07106828689575,-3.90625
47.07496619224548,0.0
47.078864097595215,0.48828125
47.082762002944946,-0.9765625
47.08647418022156,5.859375
47.09037208557129,7.32421875
47.09426999092102,4.8828125
47.09816789627075,-1.953125
47.10206580162048,-2.9296875
47.105963945388794,3.41796875
47.109861850738525,3.90625
47.11375975608826,0.9765625
47.11765766143799,-13.18359375
47.12155556678772,-21.97265625
47.12545347213745,-11.71875
47.12935137748718,-9.765625
47.133054971694946,-13.18359375
47.13695287704468,-14.16015625
47.14085078239441,-7.8125
47.14474868774414,-11.23046875
47.14864659309387,-18.5546875
47.1525444984436,-19.53125
47.156442403793335,-14.16015625
47.160340309143066,-11.23046875
47.1642382144928,-16.6015625
47.16813611984253,-11.71875
47.17203402519226,-8.7890625
47.17593193054199,-18.5546875
47.17967247962952,-24.90234375
47.18357038497925,-27.83203125
47.18746829032898,-28.3203125
47.19136595726013,-26.85546875
47.19526386260986,-33.203125
47.199161767959595,-36.1328125
47.203059673309326,-32.2265625
47.20695757865906,-34.1796875
47.21085548400879,-39.0625
47.21475338935852,-41.015625
47.21865129470825,-40.52734375
47.22254920005798,-36.62109375
47.22624135017395,-33.203125
47.23013925552368,-33.69140625
47.23403716087341,-30.2734375
47.237935066223145,-24.4140625
47.241832971572876,-23.92578125
47.24573087692261,-23.4375
47.24962854385376,-29.296875
47.25352644920349,-35.15625
47.25742435455322,-36.1328125
47.261322259902954,-32.71484375
47.265220165252686,-29.296875
47.26911807060242,-32.2265625
47.272847175598145,-39.0625
47.276745080947876,-36.1328125
47.28064298629761,-29.78515625
47.28454065322876,-28.3203125
47.28843855857849,-29.296875
47.29233646392822,-31.25
47.296234369277954,-26.3671875
47.300132274627686,-26.85546875
47.30403017997742,-28.3203125
47.30792784690857,-33.69140625
47.3118257522583,-45.8984375
47.31572365760803,-46.38671875
47.319451332092285,-41.9921875
47.32334899902344,-43.45703125
47.32724690437317,-46.38671875
47.3311448097229,-44.921875
47.33504271507263,-43.9453125
47.338940382003784,-43.9453125
47.342838287353516,-39.55078125
47.34673619270325,-33.203125
47.35063409805298,-32.2265625
47.35453176498413,-33.203125
47.35842967033386,-34.1796875
47.362327575683594,-32.71484375
47.36604857444763,-23.92578125
47.369946241378784,-25.390625
47.373844146728516,-24.4140625
47.37774205207825,-20.99609375
47.38163995742798,-25.87890625
47.38553762435913,-22.4609375
47.38943552970886,-21.484375
47.393333435058594,-27.83203125
47.397231101989746,-18.5546875
47.40112900733948,-9.765625
47.40502691268921,-13.18359375
47.40892481803894,-24.4140625
47.41268229484558,-24.4140625
47.41658020019531,-23.92578125
47.420478105545044,-27.83203125
47.424375772476196,-24.90234375
47.42827367782593,-17.578125
47.43217158317566,-17.08984375
47.43606925010681,-29.296875
47.43996715545654,-31.25
47.443865060806274,-27.34375
47.44776272773743,-29.78515625
47.45166063308716,-25.87890625
47.45555853843689,-24.4140625
47.45926761627197,-33.203125
47.463165521621704,-26.85546875
47.467063188552856,-15.625
47.47096109390259,-20.99609375
47.47485899925232,-28.80859375
47.47875666618347,-26.3671875
47.4826545715332,-26.3671875
47.486552238464355,-25.390625
47.49045014381409,-23.92578125
47.49434804916382,-26.85546875
47.49824571609497,-31.73828125
47.5021436214447,-31.73828125
47.5058491230011,-19.53125
47.50974678993225,-10.25390625
47.51364469528198,-15.625
47.517542600631714,-21.97265625
47.521440267562866,-22.94921875
47.5253381729126,-22.4609375
47.52923583984375,-26.3671875
47.53313374519348,-32.2265625
47.537031412124634,-26.3671875
47.540929317474365,-29.78515625
47.54482698440552,-38.57421875
47.54872488975525,-33.203125
47.55242848396301,-26.3671875
47.556326389312744,-24.90234375
47.5602240562439,-27.34375
47.56412196159363,-26.85546875
47.56801962852478,-24.90234375
47.57191753387451,-25.87890625
47.575815200805664,-20.5078125
47.579713106155396,-18.5546875
47.58361077308655,-26.85546875
47.58750867843628,-27.83203125
47.59140634536743,-28.3203125
47.59530425071716,-29.78515625
47.599042892456055,-22.94921875
47.60294055938721,-20.99609375
47.60683846473694,-26.3671875
47.61073613166809,-30.76171875
47.61463403701782,-30.2734375
47.618531703948975,-29.78515625
47.622429609298706,-38.0859375
47.62632727622986,-40.0390625
47.63022494316101,-40.0390625
47.63412284851074,-47.8515625
47.638020515441895,-42.48046875
47.641918420791626,-26.85546875
47.64569330215454,-28.80859375
47.64959120750427,-31.25
47.653488874435425,-25.87890625
47.657386779785156,-27.34375
47.66128444671631,-26.85546875
47.66518211364746,-23.4375
47.66908001899719,-27.34375
47.672977685928345,-25.390625
47.6768753528595,-25.390625
47.68077325820923,-26.3671875
47.68467092514038,-29.78515625
47.68856883049011,-31.25
47.69229793548584,-24.4140625
47.69619584083557,-24.4140625
47.700093507766724,-29.296875
47.703991174697876,-26.85546875
47.70788908004761,-20.5078125
47.71178674697876,-20.5078125
47.71568441390991,-24.4140625
47.719582319259644,-27.83203125
47.723479986190796,-20.99609375
47.72737765312195,-20.01953125
47.73127555847168,-22.4609375
47.73517322540283,-20.01953125
47.738895416259766,-20.5078125
47.7427933216095,-16.11328125
47.74669098854065,-13.671875
47.7505886554718,-12.20703125
47.754486322402954,-12.20703125
47.758384227752686,-16.11328125
47.76228189468384,-10.7421875
47.76617956161499,-4.8828125
47.77007722854614,-5.37109375
47.773975133895874,-1.953125
47.777872800827026,-2.9296875
47.78177046775818,-4.39453125
47.78549385070801,-1.46484375
47.78939151763916,-7.32421875
47.79328942298889,-14.6484375
47.797187089920044,-10.7421875
47.801084756851196,-6.34765625
47.80498242378235,-13.18359375
47.80888032913208,-17.08984375
47.81277799606323,-6.34765625
47.816675662994385,1.953125
47.82057332992554,-4.39453125
47.82447099685669,-10.25390625
47.82836890220642,-16.6015625
47.83212375640869,-24.90234375
47.836021423339844,-20.99609375
47.839919090270996,-13.671875
47.84381675720215,-12.6953125
47.84771466255188,-13.671875
47.85161232948303,-14.6484375
47.855509996414185,-14.16015625
47.85940766334534,-20.01953125
47.86330533027649,-29.296875
47.86720299720764,-27.83203125
47.87110090255737,-21.97265625
47.874998569488525,-25.390625
47.87871074676514,-28.80859375
47.88260841369629,-33.203125
47.88650608062744,-30.76171875
47.890403747558594,-30.76171875
47.894301414489746,-25.87890625
47.89819931983948,-19.04296875
47.90209698677063,-22.4609375
47.90599465370178,-29.296875
47.909892320632935,-28.3203125
47.91378998756409,-22.4609375
47.91768765449524,-21.97265625
47.92158532142639,-20.99609375
47.92529106140137,-24.4140625
47.92918872833252,-30.2734375
47.93308639526367,-27.83203125
47.936984062194824,-22.94921875
47.94088172912598,-23.4375
47.94477939605713,-23.92578125
47.94867706298828,-24.4140625
47.952574729919434,-29.78515625
47.956472396850586,-30.76171875
47.96037030220032,-25.87890625
47.96426796913147,-24.4140625
47.96816563606262,-20.99609375
47.971869230270386,-12.6953125
47.97576689720154,-14.16015625
47.97966456413269,-14.16015625
47.98356223106384,-9.765625
47.987459897994995,-11.71875
47.99135756492615,-14.16015625
47.9952552318573,-11.71875
47.99915289878845,-12.6953125
48.003050565719604,-20.01953125
48.00694823265076,-14.16015625
48.01084589958191,-8.30078125
48.01474356651306,-11.71875
48.018479108810425,-21.484375
48.02237677574158,-26.3671875
48.02627444267273,-28.80859375
48.0301718711853,-26.85546875
48.034069538116455,-23.4375
48.03796720504761,-25.390625
48.04186487197876,-20.01953125
48.04576253890991,-17.578125
48.049660205841064,-20.01953125
48.05355787277222,-16.6015625
48.05745553970337,-17.578125
48.06135320663452,-17.578125
48.06512761116028,-9.765625
48.06902527809143,-8.7890625
48.072922706604004,-10.7421875
48.076820373535156,-15.13671875
48.08071804046631,-18.5546875
48.08461570739746,-21.484375
48.08851337432861,-24.4140625
48.092411041259766,-24.90234375
48.09630870819092,-26.85546875
48.10020637512207,-22.4609375
48.10410404205322,-17.08984375
48.108001708984375,-16.6015625
48.11172819137573,-20.01953125
48.115625858306885,-27.34375
48.11952352523804,-24.4140625
48.12342095375061,-17.578125
48.12731862068176,-22.4609375
48.131216287612915,-26.85546875
48.13511395454407,-19.53125
48.13901162147522,-20.5078125
48.14290928840637,-20.5078125
48.146806955337524,-11.71875
48.1507043838501,-11.23046875
48.15460205078125,-16.11328125
48.15832471847534,-14.16015625
48.162222385406494,-15.13671875
48.16612005233765,-11.23046875
48.17001748085022,-13.18359375
48.17391514778137,-25.390625
48.177812814712524,-23.92578125
48.18171048164368,-19.04296875
48.18560791015625,-21.484375
48.1895055770874,-25.390625
48.193403244018555,-16.11328125
48.19730091094971,1.953125
48.20119857788086,-0.9765625
48.204917907714844,-8.30078125
48.208815574645996,-7.32421875
48.21271324157715,-7.32421875
48.21661067008972,-9.27734375
48.220508337020874,-16.11328125
48.224406003952026,-10.25390625
48.22830367088318,5.37109375
48.23220109939575,0.48828125
48.236098766326904,-9.27734375
48.23999643325806,-4.8828125
48.24389410018921,-5.37109375
48.24779152870178,-8.30078125
48.2515435218811,-10.7421875
48.255441188812256,-16.11328125
48.25933861732483,-20.01953125
48.26323628425598,-19.04296875
48.267133951187134,-22.94921875
48.271031618118286,-23.4375
48.27492904663086,-22.4609375
48.27882671356201,-34.1796875
48.282724380493164,-33.203125
48.28662180900574,-22.94921875
48.29051947593689,-23.4375
48.29441714286804,-15.13671875
48.29812407493591,-13.671875
48.302021741867065,-20.99609375
48.30591940879822,-22.94921875
48.30981683731079,-20.99609375
48.31371450424194,-20.01953125
48.317612171173096,-19.53125
48.32150959968567,-17.08984375
48.32540726661682,-11.23046875
48.329304695129395,-9.27734375
48.33320236206055,-11.23046875
48.3371000289917,-17.08984375
48.34099745750427,-23.92578125
48.344701051712036,-22.94921875
48.34859871864319,-23.4375
48.35249614715576,-21.97265625
48.356393814086914,-23.4375
48.360291481018066,-29.296875
48.36418890953064,-24.90234375
48.36808657646179,-14.16015625
48.371984004974365,-10.25390625
48.37588167190552,-10.25390625
48.37977910041809,-5.37109375
48.38367676734924,-1.46484375
48.387574434280396,-6.34765625
48.391313791275024,-7.8125
48.39521145820618,-3.90625
48.39910888671875,-6.34765625
48.4030065536499,-14.16015625
48.406903982162476,-19.53125
48.41080164909363,-15.625
48.4146990776062,-9.765625
48.41859674453735,-11.71875
48.42249417304993,-20.5078125
48.42639183998108,-23.92578125
48.43028926849365,-17.578125
48.434186935424805,-14.16015625
48.43792200088501,-14.6484375
48.44181966781616,-12.6953125
48.445717096328735,-13.671875
48.44961476325989,-15.13671875
48.45351219177246,-16.6015625
48.457409620285034,-17.578125
48.46130728721619,-14.6484375
48.46520471572876,-16.11328125
48.46910238265991,-7.32421875
48.472999811172485,-0.48828125
48.47689747810364,-4.39453125
48.48079490661621,-6.34765625
48.48456931114197,-9.27734375
48.48846673965454,-10.25390625
48.49236440658569,-2.9296875
48.49626183509827,-4.8828125
48.50015950202942,-6.8359375
48.50405693054199,-0.9765625
48.507954597473145,-3.41796875
48.51185202598572,-9.27734375
48.51574945449829,-8.7890625
48.51964712142944,-2.44140625
48.52354454994202,1.46484375
48.52744221687317,-2.9296875
48.531169176101685,-4.8828125
48.53506660461426,-3.90625
48.53896403312683,-6.34765625
48.54286170005798,-0.48828125
48.54675912857056,0.48828125
48.55065655708313,-5.37109375
48.55455422401428,-4.39453125
48.558451652526855,-1.953125
48.56234931945801,3.90625
48.56624674797058,6.8359375
48.570144176483154,2.44140625
48.57404184341431,0.9765625
48.57776474952698,-1.46484375
48.58166217803955,0.0
48.585559606552124,-0.9765625
48.589457273483276,0.48828125
48.59335470199585,3.90625
48.59725213050842,2.44140625
48.601149797439575,1.953125
48.60504722595215,5.37109375
48.60894465446472,11.23046875
48.612842082977295,18.5546875
48.61673974990845,25.87890625
48.62063717842102,22.94921875
48.62435293197632,11.71875
48.62825036048889,12.6953125
48.632148027420044,19.04296875
48.63604545593262,12.6953125
48.63994288444519,9.27734375
48.643840312957764,16.11328125
48.647737979888916,18.06640625
48.65163540840149,15.13671875
48.65553283691406,16.6015625
48.659430503845215,19.04296875
48.66332793235779,16.6015625
48.66722536087036,21.97265625
48.67098259925842,18.06640625
48.674880027770996,13.671875
48.67877769470215,16.11328125
48.68267512321472,17.578125
48.686572551727295,16.11328125
48.69046998023987,5.859375
48.69436764717102,-3.41796875
48.698265075683594,-3.41796875
48.70216250419617,0.9765625
48.70605993270874,6.34765625
48.70995736122131,5.37109375
48.713855028152466,-2.44140625
48.717562675476074,-5.859375
48.72146010398865,-1.46484375
48.7253577709198,5.859375
48.72925519943237,3.41796875
48.733152627944946,-3.41796875
48.73705005645752,-0.48828125
48.74094748497009,-4.8828125
48.744844913482666,-10.25390625
48.74874258041382,-3.90625
48.75264000892639,-5.859375
48.756537437438965,-9.765625
48.76043486595154,-6.34765625
48.76417827606201,0.9765625
48.768075704574585,1.953125
48.77197313308716,-1.953125
48.77587080001831,-5.859375
48.779768228530884,-5.859375
48.78366565704346,1.953125
48.78756308555603,8.30078125
48.7914605140686,5.859375
48.79535794258118,8.7890625
48.79925537109375,10.25390625
48.80315279960632,7.32421875
48.8070502281189,10.7421875
48.810790061950684,11.23046875
48.81468749046326,4.39453125
48.81858491897583,-4.39453125
48.8224823474884,-4.8828125
48.82637977600098,-4.8828125
48.83027720451355,-11.71875
48.83417463302612,-17.08984375
48.838072061538696,-17.578125
48.84196949005127,-21.97265625
48.84586691856384,-26.3671875
48.849764347076416,-27.83203125
48.85366177558899,-25.87890625
48.857396841049194,-23.4375
48.86129426956177,-22.4609375
48.86519169807434,-22.94921875
48.869089126586914,-26.85546875
48.87298655509949,-20.01953125
48.87688398361206,-15.13671875
48.880781412124634,-20.99609375
48.88467884063721,-10.7421875
48.88857626914978,-5.859375
48.89247369766235,-9.765625
48.89637112617493,-10.25390625
48.9002685546875,-13.18359375
48.90403938293457,-11.23046875
48.907936811447144,-15.625
48.91183423995972,-12.6953125
48.91573166847229,-10.7421875
48.91962909698486,-16.6015625
48.92352652549744,-13.671875
48.92742395401001,-15.13671875
48.93132138252258,-23.92578125
48.935218811035156,-20.5078125
48.93911623954773,-17.578125
48.9430136680603,-18.5546875
48.946911096572876,-17.08984375
48.95063519477844,-20.99609375
48.954532623291016,-18.5546875
48.95843005180359,-15.625
48.96232748031616,-24.4140625
48.966224908828735,-27.34375
48.97012233734131,-22.4609375
48.97401976585388,-28.80859375
48.977916955947876,-35.64453125
48.98181438446045,-32.2265625
48.98571181297302,-29.78515625
48.989609241485596,-36.1328125
48.99350666999817,-53.22265625
48.99723148345947,-45.41015625
49.001128911972046,-27.34375
49.00502634048462,-26.3671875
49.00892376899719,-25.390625
49.012821197509766,-29.78515625
49.01671862602234,-36.1328125
49.02061605453491,-36.1328125
49.024513244628906,-41.9921875
49.02841067314148,-42.96875
49.03230810165405,-38.57421875
49.036205530166626,-47.8515625
49.0401029586792,-54.19921875
49.04382133483887,-45.41015625
49.04771876335144,-39.55078125
49.051616191864014,-36.62109375
49.05551362037659,-28.80859375
49.05941104888916,-26.3671875
49.063308238983154,-30.2734375
49.06720566749573,-30.76171875
49.0711030960083,-31.73828125
49.075000524520874,-38.0859375
49.07889795303345,-40.52734375
49.08279514312744,-30.2734375
49.086692571640015,-29.78515625
49.09044432640076,-36.1328125
49.09434175491333,-36.62109375
49.0982391834259,-37.59765625
49.10213661193848,-40.0390625
49.10603380203247,-38.0859375
49.109931230545044,-33.69140625
49.11382865905762,-41.9921875
49.11772608757019,-47.36328125
49.121623277664185,-41.015625
49.12552070617676,-38.57421875
49.12941813468933,-41.50390625
49.133315563201904,-41.50390625
49.13710308074951,-41.015625
49.141000509262085,-40.0390625
49.14489769935608,-40.52734375
49.14879512786865,-37.109375
49.152692556381226,-38.57421875
49.1565899848938,-48.828125
49.16048717498779,-50.29296875
49.164384603500366,-43.9453125
49.16828203201294,-48.828125
49.172179222106934,-54.19921875
49.17607665061951,-49.31640625
49.17997407913208,-52.24609375
49.183714628219604,-48.828125
49.1876118183136,-37.109375
49.19150924682617,-37.59765625
49.195406675338745,-41.9921875
49.19930386543274,-39.0625
49.20320129394531,-40.52734375
49.207098722457886,-41.9921875
49.21099591255188,-37.109375
49.21489334106445,-40.0390625
49.218790769577026,-45.8984375
49.22268795967102,-44.921875
49.226585388183594,-38.57421875
49.230329275131226,-41.50390625
49.2342267036438,-48.33984375
49.23812389373779,-43.45703125
49.242021322250366,-40.52734375
49.24591875076294,-42.96875
49.249815940856934,-41.50390625
49.25371336936951,-40.52734375
49.2576105594635,-36.1328125
49.261507987976074,-43.45703125
49.26540541648865,-52.734375
49.26930260658264,-46.875
49.273200035095215,-50.29296875
49.27693438529968,-49.8046875
49.280831813812256,-34.1796875
49.28472924232483,-35.15625
49.28862643241882,-39.55078125
49.2925238609314,-39.0625
49.29642105102539,-45.41015625
49.300318479537964,-35.64453125
49.30421566963196,-30.2734375
49.30811309814453,-41.50390625
49.312010526657104,-35.64453125
49.3159077167511,-35.15625
49.31980514526367,-46.38671875
49.323572635650635,-45.41015625
49.32746982574463,-41.015625
49.3313672542572,-37.109375
49.335264444351196,-34.66796875
49.33916187286377,-39.55078125
49.34305930137634,-42.96875
49.34695649147034,-34.66796875
49.35085391998291,-30.2734375
49.354751110076904,-36.1328125
49.35864853858948,-39.55078125
49.36254572868347,-37.109375
49.366443157196045,-41.015625
49.3701696395874,-41.9921875
49.374067068099976,-40.0390625
49.37796425819397,-45.41015625
49.38186168670654,-49.31640625
49.38575887680054,-46.38671875
49.38965630531311,-39.0625
49.393553495407104,-31.73828125
49.39745092391968,-28.80859375
49.40134811401367,-34.66796875
49.405245542526245,-38.0859375
49.40914273262024,-44.43359375
49.41304016113281,-48.33984375
49.416759967803955,-42.48046875
49.42065715789795,-41.50390625
49.42455458641052,-47.36328125
49.42845177650452,-45.8984375
49.43234920501709,-36.62109375
49.436246395111084,-32.2265625
49.44014382362366,-35.15625
49.44404101371765,-39.0625
49.447938203811646,-32.71484375
49.45183563232422,-27.83203125
49.45573282241821,-30.2734375
49.459630250930786,-34.66796875
49.463385343551636,-33.69140625
49.46728277206421,-25.87890625
49.4711799621582,-14.6484375
49.475077390670776,-13.18359375
49.47897458076477,-11.71875
49.482871770858765,-12.20703125
49.48676919937134,-18.5546875
49.49066638946533,-20.01953125
49.494563817977905,-21.484375
49.4984610080719,-18.06640625
49.502358198165894,-10.25390625
49.50625562667847,-6.8359375
49.5100040435791,-6.8359375
49.513901472091675,-12.6953125
49.51779866218567,-19.04296875
49.52169585227966,-17.578125
49.525593280792236,-13.18359375
49.52949047088623,-10.25390625
49.533387660980225,-10.7421875
49.5372850894928,-0.9765625
49.54118227958679,0.9765625
49.545079469680786,-6.34765625
49.54897689819336,-3.90625
49.55287408828735,-5.859375
49.55665850639343,-7.32421875
49.56055569648743,-12.20703125
49.56445288658142,-13.18359375
49.568350315093994,-12.20703125
49.57224750518799,-10.25390625
49.57614469528198,-11.71875
49.58004188537598,-16.6015625
49.58393931388855,-25.87890625
49.587836503982544,-23.92578125
49.59173369407654,-24.90234375
49.59563112258911,-36.62109375
49.599528312683105,-37.109375
49.60327100753784,-39.55078125
49.607168197631836,-42.48046875
49.61106538772583,-37.109375
49.614962577819824,-30.76171875
49.6188600063324,-26.3671875
49.62275719642639,-23.4375
49.626654386520386,-23.4375
49.63055157661438,-27.34375
49.63444900512695,-31.25
49.63834619522095,-28.80859375
49.64224338531494,-24.90234375
49.646140575408936,-26.3671875
49.64987659454346,-35.15625
49.65377378463745,-41.015625
49.657670974731445,-25.390625
49.66156816482544,-19.53125
49.665465354919434,-29.78515625
49.66936278343201,-37.109375
49.673259973526,-43.9453125
49.677157163619995,-43.45703125
49.68105435371399,-39.55078125
49.68495154380798,-38.57421875
49.68884897232056,-30.2734375
49.69274616241455,-32.2265625
49.69647789001465,-39.55078125
49.70037508010864,-32.2265625
49.70427227020264,-23.4375
49.70816946029663,-19.53125
49.712066650390625,-15.13671875
49.7159640789032,-15.625
49.71986126899719,-20.99609375
49.72375845909119,-26.3671875
49.72765564918518,-20.5078125
49.731552839279175,-9.27734375
49.73545002937317,-12.20703125
49.73934721946716,-20.99609375
49.74311709403992,-29.78515625
49.74701428413391,-32.71484375
49.750911474227905,-31.73828125
49.7548086643219,-28.80859375
49.758705854415894,-28.3203125
49.76260304450989,-28.3203125
49.76650023460388,-26.3671875
49.770397663116455,-31.25
49.77429485321045,-30.76171875
49.77819204330444,-32.2265625
49.78208923339844,-33.69140625
49.78598642349243,-32.2265625
49.78971028327942,-38.0859375
49.79360747337341,-34.66796875
49.79750466346741,-24.90234375
49.8014018535614,-20.5078125
49.805299043655396,-27.34375
49.80919623374939,-35.64453125
49.813093423843384,-29.78515625
49.81699061393738,-25.390625
49.82088780403137,-26.85546875
49.824784994125366,-32.71484375
49.82868218421936,-35.64453125
49.832579612731934,-21.484375
49.8362991809845,-17.08984375
49.84019637107849,-22.4609375
49.844093561172485,-27.83203125
49.84799075126648,-31.25
49.851887941360474,-25.390625
49.85578513145447,-19.04296875
49.85968232154846,-20.01953125
49.863579511642456,-23.92578125
49.86747670173645,-25.390625
49.871373891830444,-22.94921875
49.87527108192444,-15.625
49.87916827201843,-12.6953125
49.88292074203491,-14.16015625
49.886817932128906,-18.06640625
49.8907151222229,-22.4609375
49.894612312316895,-19.53125
49.89850950241089,-20.01953125
49.90240669250488,-20.01953125
49.90630388259888,-16.11328125
49.91020083427429,-18.5546875
49.914098024368286,-25.390625
49.91799521446228,-33.69140625
49.921892404556274,-42.48046875
49.92578959465027,-40.0390625
49.92953824996948,-39.55078125
49.93343544006348,-76.66015625
49.93733263015747,-108.3984375
49.941229820251465,-116.2109375
49.94512701034546,-124.0234375
49.94902420043945,-117.1875
49.95292139053345,-107.421875
49.95681858062744,-99.609375
49.960715770721436,-87.890625
49.96461272239685,-84.9609375
49.968509912490845,-81.0546875
49.97240710258484,-69.3359375
49.97619152069092,-62.01171875
49.98008871078491,-65.4296875
49.983985900878906,-66.40625
49.9878830909729,-66.40625
49.991780281066895,-59.08203125
49.99567747116089,-56.15234375
49.999574422836304,-55.17578125
50.0034716129303,-50.29296875
50.00736880302429,-54.6875
50.011265993118286,-62.5
50.01516318321228,-57.6171875
50.019060373306274,-55.17578125
50.02280521392822,-54.6875
50.02670216560364,-53.7109375
50.03059935569763,-57.12890625
50.034496545791626,-53.22265625
50.03839373588562,-44.43359375
50.042290925979614,-45.8984375
50.04618811607361,-45.8984375
50.05008506774902,-39.0625
50.05398225784302,-33.69140625
50.05787944793701,-32.2265625
50.061776638031006,-29.78515625
50.065673828125,-31.73828125
50.06940960884094,-41.015625
50.07330679893494,-45.41015625
50.07720398902893,-47.8515625
50.081101179122925,-50.29296875
50.08499813079834,-47.36328125
50.088895320892334,-48.33984375
50.09279251098633,-48.33984375
50.09668970108032,-46.875
50.10058665275574,-50.78125
50.10448384284973,-43.9453125
50.108381032943726,-34.1796875
50.11227822303772,-28.80859375
50.116010665893555,-27.83203125
50.11990785598755,-22.94921875
50.12380504608154,-25.390625
50.12770199775696,-38.57421875
50.13159918785095,-34.1796875
50.135496377944946,-28.3203125
50.13939356803894,-29.296875
50.143290519714355,-32.2265625
50.14718770980835,-44.921875
50.151084899902344,-62.5
50.15498208999634,-59.08203125
50.15887904167175,-53.22265625
50.16264605522156,-62.01171875
50.16654300689697,-60.05859375
50.17044019699097,-52.734375
50.17433738708496,-57.6171875
50.178234338760376,-60.05859375
50.18213152885437,-60.05859375
50.186028718948364,-55.6640625
50.18992567062378,-49.31640625
50.19382286071777,-50.78125
50.19772005081177,-52.24609375
50.20161700248718,-50.78125
50.20551419258118,-40.52734375
50.209237813949585,-43.45703125
50.21313500404358,-49.31640625
50.217031955718994,-49.31640625
50.22092914581299,-44.921875
50.2248260974884,-40.52734375
50.2287232875824,-40.52734375
50.23262047767639,-38.0859375
50.23651742935181,-38.57421875
50.2404146194458,-37.59765625
50.244311809539795,-45.41015625
50.24820876121521,-53.22265625
50.252105951309204,-39.0625
50.25586199760437,-29.296875
50.259759187698364,-34.1796875
50.26365613937378,-40.0390625
50.26755332946777,-41.9921875
50.27145051956177,-36.1328125
50.27534747123718,-36.62109375
50.27924466133118,-39.55078125
50.28314161300659,-35.64453125
50.287038803100586,-35.15625
50.29093599319458,-29.296875
50.294832944869995,-28.80859375
50.29873013496399,-31.73828125
50.30248212814331,-24.4140625
50.306379079818726,-22.94921875
50.31027626991272,-25.390625
50.314173221588135,-26.3671875
50.31807041168213,-25.87890625
50.321967363357544,-19.04296875
50.32586455345154,-20.5078125
50.32976150512695,-23.4375
50.33365869522095,-19.53125
50.33755588531494,-19.53125
50.341452836990356,-20.01953125
50.34535002708435,-21.484375
50.34910178184509,-18.5546875
50.35299873352051,-17.08984375
50.3568959236145,-21.97265625
50.36079287528992,-20.99609375
50.36469006538391,-8.30078125
50.368587017059326,-2.44140625
50.37248420715332,-4.39453125
50.376381158828735,-1.46484375
50.38027834892273,-10.25390625
50.384175300598145,-23.4375
50.38807249069214,-20.99609375
50.391969442367554,-17.578125
50.39575242996216,-15.625
50.39964938163757,-11.71875
50.40354657173157,-5.37109375
50.40744352340698,-4.8828125
50.41134071350098,-6.8359375
50.41523766517639,-3.90625
50.419134855270386,-5.859375
50.4230318069458,-8.30078125
50.426928997039795,-14.16015625
50.43082594871521,-11.71875
50.434723138809204,-3.41796875
50.43862009048462,-7.8125
50.44235968589783,-12.20703125
50.44625663757324,-13.18359375
50.45015358924866,-12.20703125
50.45405077934265,-4.39453125
50.457947731018066,-3.41796875
50.46184492111206,-6.8359375
50.465741872787476,-6.34765625
50.46963906288147,-4.8828125
50.473536014556885,-3.90625
50.4774329662323,-0.9765625
50.481330156326294,-2.44140625
50.48522710800171,-4.8828125
50.48896312713623,-7.8125
50.492860078811646,-14.6484375
50.49675726890564,-17.578125
50.500654220581055,-22.94921875
50.50455117225647,-23.92578125
50.508448362350464,-21.97265625
50.51234531402588,-20.01953125
50.516242265701294,-20.5078125
50.52013945579529,-20.5078125
50.5240364074707,-20.5078125
50.5279335975647,-20.99609375
50.53183054924011,-25.390625
50.53556227684021,-20.99609375
50.539459228515625,-19.53125
50.54335641860962,-22.94921875
50.547253370285034,-23.92578125
50.55115032196045,-19.53125
50.55504751205444,-14.6484375
50.55894446372986,-18.5546875
50.56284141540527,-27.83203125
50.56673860549927,-18.5546875
50.57063555717468,-5.859375
50.5745325088501,-4.39453125
50.57842969894409,-9.765625
50.582197427749634,-15.13671875
50.58609437942505,-9.765625
50.589991331100464,-8.30078125
50.59388852119446,-15.625
50.59778547286987,-20.99609375
50.60168242454529,-21.484375
50.60557961463928,-24.4140625
50.6094765663147,-24.4140625
50.61337351799011,-31.73828125
50.61727046966553,-27.34375
50.62116765975952,-18.06640625
50.62506461143494,-23.4375
50.628865242004395,-23.92578125
50.63276243209839,-23.92578125
50.636659383773804,-16.11328125
50.64055633544922,-14.16015625
50.644453287124634,-15.625
50.64835047721863,-8.30078125
50.65224742889404,-9.27734375
50.65614438056946,-11.23046875
50.66004133224487,-10.25390625
50.66393852233887,-15.13671875
50.66783547401428,-23.4375
50.6717324256897,-24.4140625
50.675487756729126,-22.94921875
50.67938470840454,-20.5078125
50.683281660079956,-17.578125
50.68717861175537,-18.06640625
50.691075801849365,-18.5546875
50.69497275352478,-22.94921875
50.698869705200195,-24.4140625
50.70276665687561,-22.4609375
50.706663608551025,-25.390625
50.71056079864502,-20.99609375
50.714457750320435,-16.11328125
50.71835470199585,-20.99609375
50.72210645675659,-27.34375
50.72600340843201,-24.4140625
50.72990036010742,-20.5078125
50.733797550201416,-21.484375
50.73769450187683,-18.5546875
50.741591453552246,-21.484375
50.74548840522766,-21.484375
50.749385356903076,-15.625
50.75328230857849,-7.8125
50.757179498672485,-7.8125
50.7610764503479,-15.13671875
50.764973402023315,-16.11328125
50.768720865249634,-24.90234375
50.77261781692505,-26.85546875
50.77651500701904,-21.97265625
50.78041195869446,-26.85546875
50.78430891036987,-30.2734375
50.78820586204529,-32.2265625
50.7921028137207,-29.78515625
50.79599976539612,-30.76171875
50.79989671707153,-29.78515625
50.80379366874695,-24.90234375
50.80769085884094,-22.4609375
50.81158781051636,-20.01953125
50.81537413597107,-16.6015625
50.819271087646484,-15.625
50.8231680393219,-19.04296875
50.827064990997314,-14.6484375
50.83096194267273,-6.34765625
50.834858894348145,-13.671875
50.83875584602356,-22.94921875
50.842652797698975,-23.92578125
50.84654974937439,-18.5546875
50.850446701049805,-11.23046875
50.85434365272522,-10.25390625
50.858240842819214,-10.7421875
50.861982345581055,-9.765625
50.86587929725647,-16.11328125
50.869776248931885,-19.04296875
50.8736732006073,-17.578125
50.877570152282715,-14.6484375
50.88146710395813,-14.6484375
50.885364055633545,-25.390625
50.88926100730896,-21.97265625
50.893158197402954,-19.53125
50.89705514907837,-21.97265625
50.900952100753784,-18.06640625
50.9048490524292,-11.71875
50.908586740493774,-4.8828125
50.91248369216919,-5.37109375
50.916380643844604,-11.71875
50.92027759552002,-15.13671875
50.924174547195435,-16.11328125
50.92807149887085,-10.7421875
50.931968450546265,-10.7421875
50.93586540222168,-8.7890625
50.939762353897095,-5.859375
50.94365930557251,-5.859375
50.947556257247925,-8.30078125
50.95145320892334,-15.13671875
50.95518493652344,-13.18359375
50.95908188819885,-7.32421875
50.96297883987427,-10.7421875
50.96687579154968,-18.06640625
50.9707727432251,-20.5078125
50.97466969490051,-22.94921875
50.97856664657593,-24.4140625
50.98246359825134,-23.4375
50.98636031150818,-19.04296875
50.990257263183594,-16.6015625
50.99415421485901,-20.01953125
50.998051166534424,-20.99609375
51.00181436538696,-25.390625
51.00571131706238,-23.4375
51.00960826873779,-18.06640625
51.01350522041321,-19.04296875
51.01740217208862,-18.06640625
51.02129888534546,-15.13671875
51.025195837020874,-17.578125
51.02909278869629,-19.04296875
51.032989740371704,-11.23046875
51.03688669204712,-11.23046875
51.040783643722534,-18.06640625
51.04468059539795,-19.04296875
51.04848051071167,-16.11328125
51.052377462387085,-15.13671875
51.0562744140625,-14.16015625
51.060171365737915,-18.06640625
51.06406831741333,-23.4375
51.067965269088745,-16.6015625
51.07186222076416,-9.765625
51.075758934020996,-14.16015625
51.07965588569641,-20.01953125
51.083552837371826,-27.34375
51.08744978904724,-25.390625
51.091346740722656,-28.3203125
51.095104932785034,-33.69140625
51.09900188446045,-28.80859375
51.102898836135864,-26.85546875
51.10679578781128,-27.34375
51.110692739486694,-23.4375
51.11458945274353,-23.92578125
51.118486404418945,-25.390625
51.12238335609436,-17.578125
51.126280307769775,-13.671875
51.13017725944519,-14.6484375
51.134074211120605,-14.16015625
51.13797092437744,-17.578125
51.14172387123108,-22.94921875
51.145620822906494,-25.390625
51.14951777458191,-22.94921875
51.153414487838745,-13.18359375
51.15731143951416,-12.20703125
51.161208391189575,-10.7421875
51.16510534286499,-10.7421875
51.169002294540405,-18.5546875
51.17289900779724,-17.578125
51.176795959472656,-10.25390625
51.18069291114807,-1.46484375
51.184589862823486,-9.27734375
51.18833684921265,-23.4375
51.19223356246948,-19.04296875
51.1961305141449,-10.25390625
51.20002746582031,-11.23046875
51.20392417907715,-8.7890625
51.20782113075256,1.953125
51.21171808242798,-1.46484375
51.215615034103394,-8.30078125
51.21951174736023,-8.30078125
51.223408699035645,-2.44140625
51.22730565071106,-2.9296875
51.231202602386475,-14.16015625
51.23498344421387,-20.01953125
51.23888039588928,-18.06640625
51.2427773475647,-20.01953125
51.24667406082153,-25.390625
51.25057101249695,-25.87890625
51.25446796417236,-30.76171875
51.25836491584778,-29.78515625
51.262261629104614,-20.01953125
51.26615858078003,-15.625
51.270055532455444,-12.20703125
51.27395224571228,-11.71875
51.277849197387695,-14.16015625
51.28158760070801,-14.16015625
51.28548455238342,-19.53125
51.28938150405884,-22.4609375
51.293278217315674,-14.6484375
51.29717516899109,-10.7421875
51.301072120666504,-10.7421875
51.30496883392334,-3.41796875
51.308865785598755,-7.8125
51.31276273727417,-14.6484375
51.316659450531006,-11.71875
51.32055640220642,-8.7890625
51.324453353881836,-6.34765625
51.32818794250488,-2.9296875
51.3320848941803,-5.859375
51.335981607437134,-7.32421875
51.33987855911255,-10.7421875
51.343775510787964,-20.5078125
51.3476722240448,-15.13671875
51.351569175720215,-9.27734375
51.35546588897705,-15.625
51.359362840652466,-23.92578125
51.36325979232788,-23.92578125
51.36715650558472,-22.94921875
51.37105345726013,-18.06640625
51.37482237815857,-15.13671875
51.378719329833984,-20.5078125
51.38261604309082,-24.4140625
51.386512994766235,-22.4609375
51.39040994644165,-20.99609375
51.394306659698486,-27.83203125
51.3982036113739,-22.4609375
51.40210032463074,-16.11328125
51.40599727630615,-20.01953125
51.40989398956299,-20.5078125
51.4137909412384,-22.94921875
51.41768789291382,-28.3203125
51.42145013809204,-30.76171875
51.425347089767456,-33.69140625
51.42924404144287,-34.66796875
51.43314075469971,-31.73828125
51.43703770637512,-30.76171875
51.44093441963196,-32.2265625
51.44483137130737,-31.25
51.44872808456421,-27.83203125
51.452625036239624,-27.34375
51.45652174949646,-28.80859375
51.460418701171875,-28.80859375
51.46431541442871,-23.92578125
51.468111753463745,-19.04296875
51.47200870513916,-21.484375
51.475905418395996,-25.390625
51.47980237007141,-25.87890625
51.48369908332825,-25.390625
51.48759603500366,-25.390625
51.4914927482605,-23.4375
51.49538969993591,-16.11328125
51.49928641319275,-9.27734375
51.503183364868164,-11.23046875
51.507080078125,-14.6484375
51.510977029800415,-12.6953125
51.51473116874695,-14.16015625
51.51862812042236,-13.671875
51.5225248336792,-11.71875
51.526421785354614,-10.7421875
51.53031849861145,-10.25390625
51.534215450286865,-11.23046875
51.5381121635437,-15.625
51.542009115219116,-15.13671875
51.54590582847595,-10.7421875
51.54980254173279,-8.7890625
51.5536994934082,-7.8125
51.55759620666504,-9.765625
51.5613489151001,-8.7890625
51.565245628356934,-11.23046875
51.56914258003235,-15.625
51.573039293289185,-13.18359375
51.5769362449646,-18.5546875
51.580832958221436,-22.94921875
51.58472967147827,-19.53125
51.58862662315369,-25.390625
51.59252333641052,-23.92578125
51.59642028808594,-17.08984375
51.60031700134277,-17.08984375
51.60421395301819,-14.16015625
51.60795998573303,-13.18359375
51.61185669898987,-14.16015625
51.61575365066528,-15.13671875
51.61965036392212,-16.11328125
51.623547077178955,-17.578125
51.62744402885437,-18.06640625
51.631340742111206,-20.99609375
51.63523769378662,-24.4140625
51.63913440704346,-25.390625
51.64303112030029,-24.4140625
51.64692807197571,-17.578125
51.650824785232544,-10.7421875
51.65460515022278,-12.6953125
51.658501863479614,-16.11328125
51.66239881515503,-18.5546875
51.666295528411865,-16.11328125
51.6701922416687,-14.16015625
51.674089193344116,-15.13671875
51.67798590660095,-11.23046875
51.68188261985779,-11.71875
51.6857795715332,-5.37109375
51.68967628479004,-6.8359375
51.693572998046875,-22.4609375
51.69746994972229,-28.3203125
51.70120859146118,-27.34375
51.70510530471802,-26.3671875
51.70900225639343,-27.34375
51.71289896965027,-29.78515625
51.716795682907104,-33.203125
51.72069239616394,-24.90234375
51.724589347839355,-22.4609375
51.72848606109619,-27.34375
51.73238277435303,-21.97265625
51.73627972602844,-20.99609375
51.74017643928528,-23.92578125
51.744073152542114,-20.5078125
51.74784541130066,-17.578125
51.751742124557495,-25.390625
51.75563907623291,-16.11328125
51.759535789489746,-11.23046875
51.76343250274658,-13.671875
51.76732921600342,-5.37109375
51.77122616767883,-12.20703125
51.77512288093567,-23.92578125
51.779019594192505,-28.80859375
51.78291630744934,-29.78515625
51.786813259124756,-24.4140625
51.79070997238159,-18.06640625
51.7944769859314,-9.765625
51.79837369918823,-4.8828125
51.80227041244507,-8.7890625
51.806167125701904,-11.71875
51.81006407737732,-3.90625
51.813960790634155,8.7890625
51.81785750389099,7.32421875
51.82175421714783,1.953125
51.82565116882324,3.90625
51.82954788208008,6.34765625
51.833444595336914,9.765625
51.83734130859375,6.34765625
51.841103076934814,-1.46484375
51.84499979019165,-3.41796875
51.848896503448486,0.48828125
51.85279321670532,4.8828125
51.85668992996216,2.9296875
51.860586643218994,-5.859375
51.86448359489441,-5.37109375
51.868380308151245,-2.44140625
51.87227702140808,-7.8125
51.87617373466492,-7.8125
51.88007044792175,-7.32421875
51.88396739959717,-4.8828125
51.887765884399414,-0.9765625
51.89166259765625,-0.48828125
51.895559310913086,4.8828125
51.89945602416992,7.8125
51.90335297584534,4.39453125
51.90724968910217,-3.41796875
51.91114640235901,-4.8828125
51.915043115615845,0.0
51.91893982887268,2.44140625
51.92283654212952,5.859375
51.92673325538635,6.8359375
51.93063020706177,2.9296875
51.93438649177551,-5.859375
51.93828320503235,-0.48828125
51.942180156707764,3.41796875
51.9460768699646,-3.90625
51.949973583221436,10.7421875
51.95387029647827,23.92578125
51.95776700973511,16.6015625
51.96166372299194,13.671875
51.96556043624878,13.18359375
51.969457149505615,18.06640625
51.97335386276245,26.85546875
51.977250814437866,29.78515625
51.98100256919861,25.87890625
51.984899282455444,27.83203125
51.98879599571228,28.80859375
51.992692708969116,25.390625
51.99658942222595,22.94921875
52.00048613548279,24.4140625
52.0043830871582,20.5078125
52.00827980041504,18.5546875
52.012176513671875,22.94921875
52.01607322692871,21.97265625
52.01996994018555,15.13671875
52.02386665344238,17.08984375
52.02761244773865,12.20703125
52.03150916099548,1.953125
52.03540587425232,-2.44140625
52.039302587509155,-1.953125
52.04319930076599,1.953125
52.04709601402283,4.8828125
52.05099272727966,-0.9765625
52.0548894405365,-7.32421875
52.058786153793335,-1.46484375
52.06268286705017,3.90625
52.06657958030701,2.44140625
52.07047629356384,1.46484375
52.07425594329834,11.23046875
52.078152656555176,19.04296875
52.08204936981201,10.7421875
52.08594608306885,4.8828125
52.089842796325684,10.7421875
52.09373950958252,20.01953125
52.097636222839355,22.4609375
52.10153293609619,16.6015625
52.10542964935303,17.08984375
52.10932636260986,25.87890625
52.1132230758667,32.2265625
52.117119789123535,31.73828125
52.120933055877686,20.01953125
52.12482976913452,13.18359375
52.12872648239136,14.16015625
52.13262319564819,18.5546875
52.13651990890503,19.53125
52.140416622161865,7.32421875
52.1443133354187,3.90625
52.14821004867554,8.7890625
52.15210676193237,5.859375
52.15600347518921,11.71875
52.159900188446045,10.25390625
52.16379690170288,0.0
52.16756796836853,-3.41796875
52.171464681625366,-0.9765625
52.1753613948822,0.48828125
52.17925810813904,6.8359375
52.183154821395874,9.765625
52.18705153465271,-0.9765625
52.190948247909546,-4.8828125
52.19484496116638,1.46484375
52.19874143600464,11.71875
52.202638149261475,8.30078125
52.20653486251831,-0.48828125
52.21043157577515,0.0
52.21419644355774,-0.9765625
52.218092918395996,-3.90625
52.22198963165283,1.953125
52.22588634490967,5.37109375
52.229783058166504,10.25390625
52.23367977142334,12.6953125
52.237576484680176,3.90625
52.24147319793701,2.44140625
52.24536991119385,5.37109375
52.249266624450684,-3.90625
52.25316309928894,-5.859375
52.257059812545776,-9.27734375
52.2608208656311,-16.6015625
52.26471757888794,-9.765625
52.268614053726196,-14.16015625
52.27251076698303,-12.20703125
52.27640748023987,-7.32421875
52.280304193496704,-11.23046875
52.28420090675354,-16.11328125
52.288097620010376,-16.11328125
52.29199433326721,-10.25390625
52.29589080810547,-5.37109375
52.299787521362305,-13.18359375
52.30368423461914,-22.4609375
52.30747890472412,-35.15625
52.31137561798096,-45.8984375
52.31527233123779,-49.31640625
52.31916904449463,-46.875
52.323065757751465,-42.48046875
52.3269624710083,-38.0859375
52.33085894584656,-30.2734375
52.334755659103394,-24.90234375
52.33865237236023,-26.85546875
52.342549085617065,-29.296875
52.3464457988739,-28.3203125
52.35034227371216,-20.99609375
52.35409498214722,-18.06640625
52.35799169540405,-22.94921875
52.36188840866089,-14.16015625
52.365784883499146,-6.34765625
52.36968159675598,-16.11328125
52.37357831001282,-20.5078125
52.37747502326965,-19.53125
52.38137173652649,-16.6015625
52.385268211364746,-10.7421875
52.38916492462158,-11.23046875
52.39306163787842,-14.16015625
52.396958351135254,-17.578125
52.40070724487305,-15.625
52.404603719711304,-10.7421875
52.40850043296814,-6.8359375
52.412397146224976,-8.30078125
52.41629385948181,-11.71875
52.42019033432007,-13.671875
52.424087047576904,-0.48828125
52.42798376083374,1.46484375
52.431880474090576,-4.39453125
52.43577694892883,-0.48828125
52.43967366218567,-7.8125
52.443570375442505,-14.6484375
52.44731545448303,-15.13671875
52.45121216773987,-14.16015625
52.455108880996704,-19.04296875
52.45900535583496,-18.06640625
52.4629020690918,-17.578125
52.46679878234863,-23.92578125
52.47069525718689,-23.92578125
52.474591970443726,-18.06640625
52.47848868370056,-11.71875
52.48238515853882,-22.4609375
52.486281871795654,-30.2734375
52.49017858505249,-25.87890625
52.49395704269409,-25.87890625
52.49785351753235,-27.83203125
52.501750230789185,-27.34375
52.50564694404602,-22.94921875
52.50954341888428,-22.4609375
52.51344013214111,-26.85546875
52.51733684539795,-24.4140625
52.521233320236206,-17.578125
52.52513003349304,-8.30078125
52.52902674674988,-0.9765625
52.532923221588135,-6.8359375
52.53681993484497,-20.99609375
52.540632009506226,-18.5546875
52.54452848434448,-15.625
52.54842519760132,-20.99609375
52.552321910858154,-25.87890625
52.55621838569641,-28.80859375
52.56011509895325,-27.34375
52.56401181221008,-27.83203125
52.56790828704834,-28.80859375
52.571805000305176,-27.83203125
52.57570147514343,-29.78515625
52.57959818840027,-31.25
52.583494901657104,-33.69140625
52.58726668357849,-35.64453125
52.59116315841675,-31.25
52.595059871673584,-27.34375
52.59895634651184,-30.76171875
52.60285305976868,-37.109375
52.60674977302551,-44.43359375
52.61064624786377,-38.57421875
52.614542961120605,-33.203125
52.61843943595886,-32.71484375
52.6223361492157,-39.0625
52.626232862472534,-46.38671875
52.63012933731079,-39.0625
52.63389563560486,-35.64453125
52.637792110443115,-45.41015625
52.64168882369995,-48.33984375
52.64558529853821,-44.921875
52.649482011795044,-51.7578125
52.65337872505188,-59.5703125
52.65727519989014,-60.05859375
52.66117191314697,-70.80078125
52.66506838798523,-80.078125
52.668965101242065,-74.70703125
52.67286157608032,-66.89453125
52.67675828933716,-59.08203125
52.68051815032959,-60.546875
52.684414863586426,-63.4765625
52.68831157684326,-66.89453125
52.69220805168152,-71.77734375
52.696104764938354,-72.265625
52.70000123977661,-67.87109375
52.70389795303345,-55.17578125
52.707794427871704,-50.78125
52.71169114112854,-52.24609375
52.7155876159668,-55.17578125
52.71948432922363,-52.24609375
52.72338080406189,-49.31640625
52.727174043655396,-52.24609375
52.73107075691223,-49.8046875
52.73496723175049,-46.38671875
52.738863945007324,-47.8515625
52.74276041984558,-48.33984375
52.74665713310242,-51.26953125
52.750553607940674,-58.59375
52.75445032119751,-63.96484375
52.75834679603577,-62.5
52.7622435092926,-63.4765625
52.76613998413086,-62.5
52.770036697387695,-50.78125
52.77378869056702,-42.48046875
52.77768540382385,-45.41015625
52.78158187866211,-56.15234375
52.785478591918945,-60.546875
52.7893750667572,-57.12890625
52.79327178001404,-59.08203125
52.797168254852295,-68.359375
52.80106472969055,-69.82421875
52.80496144294739,-63.4765625
52.808857917785645,-66.40625
52.81275463104248,-68.84765625
52.81665110588074,-68.84765625
52.82039976119995,-63.4765625
52.82429623603821,-56.15234375
52.828192949295044,-51.7578125
52.8320894241333,-54.19921875
52.83598613739014,-52.734375
52.839882612228394,-45.8984375
52.84377908706665,-41.9921875
52.847675800323486,-36.62109375
52.85157227516174,-41.50390625
52.85546898841858,-41.015625
52.859365463256836,-38.57421875
52.86326193809509,-44.921875
52.86700630187988,-42.96875
52.87090301513672,-40.52734375
52.874799489974976,-40.52734375
52.87869596481323,-44.921875
52.88259267807007,-44.921875
52.886489152908325,-40.0390625
52.89038562774658,-41.015625
52.89428234100342,-38.57421875
52.898178815841675,-29.296875
52.90207529067993,-34.1796875
52.90597200393677,-44.43359375
52.909868478775024,-40.0390625
52.91364645957947,-39.55078125
52.917542934417725,-44.43359375
52.92143940925598,-49.31640625
52.92533612251282,-51.26953125
52.929232597351074,-53.22265625
52.93312907218933,-50.78125
52.93702578544617,-55.6640625
52.940922260284424,-55.17578125
52.94481873512268,-50.29296875
52.94871544837952,-48.828125
52.95261192321777,-47.36328125
52.95650839805603,-50.78125
52.96031951904297,-46.875
52.964215993881226,-39.0625
52.96811246871948,-47.8515625
52.97200918197632,-55.6640625
52.975905656814575,-53.7109375
52.97980213165283,-53.7109375
52.98369884490967,-57.6171875
52.987595319747925,-63.96484375
52.99149179458618,-68.359375
52.99538826942444,-68.84765625
52.999284982681274,-65.91796875
53.00318145751953,-55.17578125
53.006951093673706,-51.26953125
53.01084780693054,-60.546875
53.0147442817688,-52.734375
53.018640756607056,-46.38671875
53.02253723144531,-51.7578125
53.02643394470215,-52.24609375
53.030330419540405,-50.29296875
53.03422689437866,-51.26953125
53.03812336921692,-58.10546875
53.042020082473755,-62.5
53.04591655731201,-65.4296875
53.04981303215027,-66.40625
53.05358028411865,-65.4296875
53.05747675895691,-64.94140625
53.061373233795166,-62.01171875
53.06526970863342,-51.7578125
53.06916618347168,-51.26953125
53.073062896728516,-59.08203125
53.07695937156677,-58.10546875
53.08085584640503,-63.4765625
53.084752321243286,-67.87109375
53.08864879608154,-65.91796875
53.09254550933838,-56.640625
53.096441984176636,-48.33984375
53.10020351409912,-48.828125
53.10410022735596,-51.7578125
53.107996702194214,-58.59375
53.11189317703247,-59.5703125
53.11578965187073,-48.33984375
53.119686126708984,-45.8984375
53.12358260154724,-50.78125
53.12747931480408,-51.7578125
53.131375789642334,-55.6640625
53.13527226448059,-61.03515625
53.13916873931885,-56.640625
53.143065214157104,-48.33984375
53.146857261657715,-43.45703125
53.15075397491455,-41.015625
53.15465044975281,-42.96875
53.158546924591064,-40.0390625
53.16244339942932,-33.69140625
53.16633987426758,-31.73828125
53.170236349105835,-40.0390625
53.17413306236267,-43.9453125
53.17802953720093,-35.64453125
53.181926012039185,-40.0390625
53.18582248687744,-46.875
53.1897189617157,-35.64453125
53.19347047805786,-33.69140625
53.19736695289612,-43.45703125
53.201263427734375,-43.9453125
53.20515990257263,-40.52734375
53.20905661582947,-37.59765625
53.212953090667725,-44.921875
53.21684956550598,-50.78125
53.22074604034424,-48.33984375
53.224642515182495,-48.828125
53.22853899002075,-49.31640625
53.23243546485901,-49.8046875
53.236331939697266,-48.828125
53.240079402923584,-48.828125
53.24397587776184,-55.6640625
53.2478723526001,-55.6640625
53.251768827438354,-54.19921875
53.25566530227661,-53.7109375
53.25956177711487,-50.29296875
53.263458251953125,-50.78125
53.26735472679138,-53.7109375
53.27125144004822,-53.7109375
53.275147914886475,-58.59375
53.27904438972473,-57.6171875
53.28294086456299,-44.921875
53.28672409057617,-40.0390625
53.29062056541443,-41.9921875
53.294517040252686,-44.43359375
53.29841351509094,-41.9921875
53.3023099899292,-41.50390625
53.306206464767456,-46.875
53.31010293960571,-47.36328125
53.31399965286255,-37.59765625
53.317896127700806,-32.71484375
53.32179260253906,-29.78515625
53.32568907737732,-25.390625
53.329585552215576,-17.578125
53.333362102508545,-21.97265625
53.3372585773468,-28.3203125
53.34115505218506,-24.90234375
53.345051527023315,-24.4140625
53.34894800186157,-18.06640625
53.35284447669983,-19.04296875
53.356740951538086,-24.90234375
53.36063742637634,-20.99609375
53.3645339012146,-25.390625
53.368430376052856,-24.4140625
53.37232685089111,-20.01953125
53.37622332572937,-24.4140625
53.380032777786255,-20.5078125
53.38392925262451,-23.4375
53.38782572746277,-27.83203125
53.391722202301025,-23.4375
53.39561867713928,-19.53125
53.39951515197754,-21.484375
53.403411626815796,-25.87890625
53.40730810165405,-28.3203125
53.41120457649231,-29.78515625
53.415101051330566,-29.296875
53.41899752616882,-32.2265625
53.42289400100708,-37.109375
53.42666268348694,-37.59765625
53.430559158325195,-34.66796875
53.43445563316345,-39.55078125
53.43835210800171,-40.52734375
53.44224834442139,-37.59765625
53.446144819259644,-37.59765625
53.4500412940979,-36.1328125
53.45393776893616,-24.90234375
53.457834243774414,-22.94921875
53.46173071861267,-33.69140625
53.46562719345093,-34.1796875
53.469523668289185,-34.66796875
53.4732882976532,-33.203125
53.477184772491455,-26.3671875
53.48108124732971,-26.3671875
53.48497772216797,-25.87890625
53.488874197006226,-27.83203125
53.49277067184448,-23.92578125
53.49666714668274,-16.11328125
53.50056338310242,-26.85546875
53.504459857940674,-32.71484375
53.50835633277893,-35.15625
53.51225280761719,-37.109375
53.516149282455444,-36.62109375
53.51991057395935,-38.57421875
53.52380681037903,-31.25
53.527703285217285,-28.3203125
53.53159976005554,-32.2265625
53.5354962348938,-35.64453125
53.539392709732056,-35.15625
53.54328918457031,-32.71484375
53.54718565940857,-34.66796875
53.55108189582825,-33.203125
53.554978370666504,-36.62109375
53.55887484550476,-39.55078125
53.56277132034302,-32.71484375
53.56656527519226,-25.87890625
53.57046175003052,-23.4375
53.574358224868774,-26.3671875
53.57825469970703,-22.4609375
53.58215093612671,-17.578125
53.586047410964966,-22.94921875
53.58994388580322,-29.296875
53.59384036064148,-26.3671875
53.597736835479736,-19.53125
53.601633071899414,-18.06640625
53.60552954673767,-18.06640625
53.60942602157593,-23.4375
53.61325025558472,-22.4609375
53.617146730422974,-14.16015625
53.62104320526123,-5.859375
53.62493944168091,-4.39453125
53.628835916519165,-10.25390625
53.63273239135742,-14.16015625
53.63662886619568,-10.7421875
53.640525341033936,-12.20703125
53.64442157745361,-13.671875
53.64831805229187,-14.6484375
53.65221452713013,-15.13671875
53.656111001968384,-17.08984375
53.65989661216736,-16.6015625
53.663792848587036,-7.32421875
53.66768932342529,-4.39453125
53.67158579826355,-14.6484375
53.67548227310181,-28.80859375
53.679378509521484,-31.25
53.68327498435974,-29.78515625
53.687171459198,-30.2734375
53.691067934036255,-25.390625
53.69496440887451,-19.04296875
53.69886064529419,-18.06640625
53.702757120132446,-20.99609375
53.706536531448364,-22.4609375
53.71043276786804,-19.04296875
53.7143292427063,-14.6484375
53.718225717544556,-17.08984375
53.72212219238281,-19.04296875
53.72601842880249,-11.71875
53.72991490364075,-7.32421875
53.733811378479004,-8.30078125
53.73770785331726,-9.27734375
53.74160408973694,-8.30078125
53.745500564575195,-7.32421875
53.74939703941345,-10.7421875
53.753172636032104,-10.25390625
53.75706887245178,-11.71875
53.76096534729004,-8.7890625
53.764861822128296,0.0
53.76875829696655,-1.46484375
53.77265453338623,-7.32421875
53.77655100822449,-3.90625
53.780447483062744,-6.8359375
53.78434371948242,-11.71875
53.78824019432068,-6.8359375
53.792136669158936,1.46484375
53.79603290557861,1.953125
53.7998411655426,-5.859375
53.80373764038086,-6.8359375
53.80763387680054,-6.34765625
53.811530351638794,-8.30078125
53.81542682647705,-9.765625
53.81932306289673,-10.25390625
53.823219537734985,-9.27734375
53.82711601257324,-11.71875
53.8310124874115,-5.37109375
53.83490872383118,1.46484375
53.838805198669434,1.953125
53.84270167350769,2.9296875
53.84646964073181,1.953125
53.85036587715149,2.9296875
53.854262351989746,2.44140625
53.858158826828,-0.48828125
53.86205506324768,0.48828125
53.86595153808594,1.953125
53.869848012924194,0.0
53.87374424934387,-2.44140625
53.87764072418213,-9.765625
53.881537199020386,-16.6015625
53.88543343544006,-8.7890625
53.88932991027832,-9.765625
53.89309358596802,-16.11328125
53.896989822387695,-8.30078125
53.90088629722595,-4.39453125
53.90478277206421,-8.30078125
53.90867900848389,-10.7421875
53.912575483322144,-11.71875
53.9164719581604,-14.6484375
53.92036819458008,-21.484375
53.924264669418335,-26.3671875
53.92816090583801,-23.4375
53.93205738067627,-22.4609375
53.935953855514526,-20.99609375
53.93971371650696,-10.7421875
53.943609952926636,-8.7890625
53.94750642776489,-14.6484375
53.95140290260315,-19.04296875
53.95529913902283,-19.53125
53.959195613861084,-20.99609375
53.96309185028076,-21.484375
53.96698832511902,-16.6015625
53.970884561538696,-16.11328125
53.97478103637695,-17.08984375
53.97867751121521,-23.92578125
53.98257374763489,-31.25
53.986366271972656,-28.80859375
53.990262508392334,-23.4375
53.99415898323059,-15.625
53.99805521965027,-21.484375
54.001951694488525,-24.90234375
54.0058479309082,-23.92578125
54.00974440574646,-28.3203125
54.01364064216614,-28.80859375
54.017537117004395,-26.85546875
54.02143335342407,-24.90234375
54.02532982826233,-25.390625
54.02922606468201,-24.4140625
54.03305101394653,-21.97265625
54.03694748878479,-18.5546875
54.04084372520447,-9.765625
54.044740200042725,-7.8125
54.04863667488098,-11.71875
54.05253291130066,-10.7421875
54.056429386138916,-11.71875
54.060325622558594,-5.859375
54.06422209739685,-5.37109375
54.06811833381653,-8.7890625
54.072014808654785,-1.46484375
54.07591104507446,1.953125
54.07969546318054,2.9296875
54.0835919380188,0.48828125
54.08748817443848,-1.46484375
54.09138464927673,1.46484375
54.09528088569641,5.859375
54.09917736053467,15.13671875
54.103073596954346,20.99609375
54.1069700717926,14.6484375
54.11086630821228,15.13671875
54.11476278305054,14.6484375
54.118659019470215,12.20703125
54.12255549430847,18.06640625
54.126336097717285,18.06640625
54.13023233413696,14.16015625
54.13412880897522,8.30078125
54.1380250453949,-0.9765625
54.141921520233154,0.0
54.14581775665283,1.953125
54.14971423149109,1.46484375
54.15361046791077,4.8828125
54.157506704330444,2.44140625
54.1614031791687,1.953125
54.16529941558838,4.39453125
54.169195890426636,5.859375
54.172972679138184,3.41796875
54.17686891555786,-11.23046875
54.18076539039612,-15.13671875
54.184661626815796,-19.04296875
54.18855810165405,-29.78515625
54.19245433807373,-23.4375
54.19635081291199,-9.765625
54.200247049331665,-12.20703125
54.20414328575134,-18.06640625
54.2080397605896,-4.39453125
54.21193599700928,8.30078125
54.215832471847534,0.9765625
54.21963906288147,-6.34765625
54.22353553771973,-10.7421875
54.227431774139404,-12.6953125
54.23132824897766,-12.20703125
54.23522448539734,-17.08984375
54.23912072181702,-17.578125
54.24301719665527,-11.23046875
54.24691343307495,-15.13671875
54.25080990791321,-17.578125
54.254706144332886,-18.5546875
54.25860238075256,-25.390625
54.26249885559082,-25.390625
54.266265630722046,-20.5078125
54.270161867141724,-21.97265625
54.2740581035614,-27.83203125
54.27795457839966,-26.3671875
54.281850814819336,-23.4375
54.285747051239014,-30.2734375
54.28964352607727,-20.01953125
54.29353976249695,-9.765625
54.297436237335205,-12.6953125
54.30133247375488,-16.6015625
54.30522871017456,-18.5546875
54.30912518501282,-19.04296875
54.31292390823364,-16.11328125
54.3168203830719,-18.06640625
54.32071661949158,-19.53125
54.324612855911255,-22.4609375
54.32850933074951,-25.87890625
54.33240556716919,-25.390625
54.33630180358887,-28.3203125
54.340198278427124,-30.2734375
54.3440945148468,-27.83203125
54.34799075126648,-34.1796875
54.351887226104736,-33.69140625
54.355783462524414,-28.3203125
54.35954260826111,-37.109375
54.363438844680786,-38.57421875
54.367335081100464,-32.71484375
54.37123155593872,-32.71484375
54.3751277923584,-32.2265625
54.379024028778076,-35.15625
54.382920265197754,-42.96875
54.38681674003601,-45.41015625
54.39071297645569,-40.0390625
54.394609212875366,-34.1796875
54.39850568771362,-31.73828125
54.4024019241333,-26.85546875
54.406193017959595,-25.390625
54.41008925437927,-38.0859375
54.41398549079895,-48.33984375
54.41788172721863,-50.29296875
54.421778202056885,-46.875
54.42567443847656,-50.29296875
54.42957067489624,-59.5703125
54.43346691131592,-56.15234375
54.437363386154175,-41.50390625
54.44125962257385,-41.015625
54.44515585899353,-43.45703125
54.44905209541321,-41.9921875
54.45287537574768,-38.57421875
54.45677185058594,-36.1328125
54.460668087005615,-39.0625
54.46456432342529,-36.62109375
54.46846055984497,-34.1796875
54.47235703468323,-30.2734375
54.476253271102905,-39.0625
54.48014950752258,-47.8515625
54.48404574394226,-46.38671875
54.48794198036194,-45.8984375
54.491838455200195,-50.29296875
54.49573469161987,-45.8984375
54.499520778656006,-34.66796875
54.503417015075684,-33.69140625
54.50731348991394,-35.15625
54.51120972633362,-40.0390625
54.515105962753296,-41.50390625
54.519002199172974,-42.48046875
54.52289843559265,-44.921875
54.52679491043091,-41.50390625
54.530691146850586,-43.45703125
54.534587383270264,-46.38671875
54.53848361968994,-45.41015625
54.5423800945282,-48.33984375
54.54615902900696,-49.8046875
54.550055503845215,-47.36328125
54.55395174026489,-51.26953125
54.55784797668457,-53.7109375
54.56174421310425,-50.29296875
54.565640449523926,-44.921875
54.5695366859436,-41.50390625
54.57343316078186,-41.9921875
54.57732939720154,-50.29296875
54.581225633621216,-54.6875
54.585121870040894,-54.19921875
54.58901810646057,-54.6875
54.592796325683594,-56.15234375
54.59669256210327,-52.24609375
54.60058879852295,-49.31640625
54.60448503494263,-47.8515625
54.608381509780884,-48.33984375
54.61227774620056,-55.6640625
54.61617398262024,-57.6171875
54.62007021903992,-50.78125
54.623966455459595,-48.33984375
54.62786269187927,-38.0859375
54.63175892829895,-36.62109375
54.63565540313721,-49.8046875
54.63946270942688,-47.8515625
54.64335894584656,-44.921875
54.647255182266235,-49.31640625
54.65115141868591,-49.31640625
54.65504765510559,-44.43359375
54.65894412994385,-41.015625
54.662840366363525,-45.8984375
54.6667366027832,-54.19921875
54.67063283920288,-50.29296875
54.67452907562256,-47.36328125
54.678425312042236,-57.12890625
54.682321548461914,-60.546875
54.686089515686035,-54.19921875
54.68998575210571,-56.15234375
54.69388198852539,-56.15234375
54.69777822494507,-50.78125
54.701674461364746,-49.8046875
54.705570697784424,-41.9921875
54.70946717262268,-35.64453125
54.71336340904236,-39.55078125
54.717259645462036,-41.9921875
54.721155881881714,-43.9453125
54.72505211830139,-41.50390625
54.72894835472107,-37.109375
54.732712268829346,-41.9921875
54.73660850524902,-40.0390625
54.7405047416687,-36.62109375
54.74440097808838,-36.62109375
54.74829721450806,-35.15625
54.752193450927734,-41.015625
54.75608968734741,-40.52734375
54.75998592376709,-39.55078125
54.76388216018677,-45.8984375
54.767778396606445,-44.921875
54.77167463302612,-48.33984375
54.7755708694458,-53.22265625
54.77936506271362,-53.22265625
54.7832612991333,-44.921875
54.78715753555298,-36.1328125
54.791053771972656,-39.55078125
54.794950008392334,-49.8046875
54.79884624481201,-53.7109375
54.80274248123169,-60.05859375
54.80663871765137,-70.80078125
54.810534954071045,-65.91796875
54.81443119049072,-59.08203125
54.8183274269104,-61.5234375
54.82222366333008,-65.91796875
54.82601571083069,-63.4765625
54.829911947250366,-64.94140625
54.833808183670044,-64.94140625
54.83770442008972,-50.29296875
54.8416006565094,-45.41015625
54.84549689292908,-53.22265625
54.849393129348755,-52.24609375
54.85328936576843,-49.8046875
54.85718560218811,-49.8046875
54.86108183860779,-58.10546875
54.864978075027466,-62.98828125
54.868874311447144,-71.77734375
54.87269878387451,-93.75
54.87659502029419,-95.703125
54.88049101829529,-89.84375
54.884387254714966,-86.9140625
54.888283491134644,-87.890625
54.89217972755432,-82.51953125
54.896075963974,-88.37890625
54.89997220039368,-94.7265625
54.903868436813354,-90.33203125
54.90776467323303,-94.7265625
54.91166090965271,-99.12109375
54.91555714607239,-91.30859375
54.91934156417847,-81.54296875
54.923237800598145,-83.49609375
54.92713403701782,-89.35546875
54.9310302734375,-92.28515625
54.93492650985718,-85.9375
54.938822746276855,-78.125
54.942718744277954,-78.125
54.94661498069763,-77.1484375
54.95051121711731,-75.68359375
54.95440745353699,-71.2890625
54.958303689956665,-66.40625
54.96219992637634,-58.10546875
54.9659788608551,-50.78125
54.9698748588562,-59.5703125
54.97377109527588,-59.08203125
54.97766733169556,-52.734375
54.981563568115234,-58.59375
54.98545980453491,-51.26953125
54.98935604095459,-50.29296875
54.99325227737427,-59.08203125
54.997148513793945,-53.22265625
55.00104475021362,-55.17578125
55.00494074821472,-62.01171875
55.0088369846344,-61.5234375
55.012612104415894,-62.5
55.01650834083557,-56.640625
55.02040457725525,-57.12890625
55.02430081367493,-55.6640625
55.028196811676025,-46.875
55.0320930480957,-43.9453125
55.03598928451538,-40.0390625
55.03988552093506,-34.66796875
55.043781757354736,-27.34375
55.047677993774414,-21.97265625
55.05157423019409,-16.11328125
55.05547022819519,-15.13671875
55.059276819229126,-11.71875
55.063173055648804,-12.20703125
55.0670690536499,-16.6015625
55.07096529006958,-13.671875
55.07486152648926,-20.99609375
55.078757762908936,-82.03125
55.08265399932861,-124.51171875
55.08655023574829,-123.046875
55.09044647216797,-127.44140625
55.09434247016907,-131.34765625
55.098238706588745,-124.51171875
55.10213494300842,-117.1875
55.10590219497681,-108.88671875
55.109798431396484,-100.09765625
55.11369442939758,-95.21484375
55.11759066581726,-86.42578125
55.12148690223694,-83.49609375
55.125383138656616,-89.84375
55.129279375076294,-91.30859375
55.13317537307739,-86.42578125
55.13707160949707,-82.51953125
55.14096784591675,-78.61328125
55.144864082336426,-79.58984375
55.1487603187561,-82.51953125
55.15255880355835,-76.66015625
55.15645503997803,-65.91796875
55.160351276397705,-66.40625
55.164247274398804,-61.03515625
55.16814351081848,-53.22265625
55.17203974723816,-51.26953125
55.17593598365784,-47.36328125
55.179832220077515,-44.921875
55.18372821807861,-48.33984375
55.18762445449829,-52.734375
55.19152069091797,-55.17578125
55.19541692733765,-60.05859375
55.199211835861206,-56.640625
55.203108072280884,-52.24609375
55.20700407028198,-47.36328125
55.21090030670166,-42.96875
55.21479654312134,-45.41015625
55.218692779541016,-54.19921875
55.222588777542114,-57.12890625
55.22648501396179,-49.8046875
55.23038125038147,-47.8515625
55.23427748680115,-54.19921875
55.238173484802246,-58.59375
55.242069721221924,-49.31640625
55.2458975315094,-46.38671875
55.24979376792908,-44.921875
55.253689765930176,-40.52734375
55.25758600234985,-44.43359375
55.26148223876953,-50.78125
55.26537823677063,-44.43359375
55.26927447319031,-43.45703125
55.273170709609985,-44.43359375
55.27706694602966,-39.0625
55.28096294403076,-31.25
55.28485918045044,-22.4609375
55.28875541687012,-11.71875
55.29257559776306,-16.6015625
55.29647183418274,-26.85546875
55.30036783218384,-26.3671875
55.304264068603516,-40.0390625
55.30816030502319,-50.29296875
55.31205654144287,-44.43359375
55.31595253944397,-33.203125
55.31984877586365,-35.64453125
55.323745012283325,-34.66796875
55.327641010284424,-33.69140625
55.3315372467041,-32.71484375
55.33543348312378,-24.4140625
55.33921408653259,-20.5078125
55.34311032295227,-25.390625
55.34700655937195,-31.25
55.35090255737305,-35.64453125
55.354798793792725,-32.71484375
55.3586950302124,-34.1796875
55.3625910282135,-41.9921875
55.36648726463318,-40.0390625
55.370383501052856,-43.9453125
55.374279499053955,-62.5
55.37817573547363,-65.91796875
55.38207197189331,-62.5
55.38584923744202,-55.6640625
55.389745473861694,-47.8515625
55.39364147186279,-52.24609375
55.39753770828247,-54.19921875
55.40143394470215,-47.36328125
55.40532994270325,-37.59765625
55.409226179122925,-34.1796875
55.4131224155426,-40.0390625
55.4170184135437,-43.9453125
55.42091464996338,-41.9921875
55.42481064796448,-35.64453125
55.428706884384155,-31.73828125
55.43248009681702,-34.66796875
55.436376094818115,-43.45703125
55.44027233123779,-57.6171875
55.44416856765747,-63.4765625
55.44806456565857,-59.08203125
55.45196080207825,-62.98828125
55.455856800079346,-62.98828125
55.45975303649902,-50.29296875
55.4636492729187,-47.8515625
55.4675452709198,-51.26953125
55.47144150733948,-55.17578125
55.475337505340576,-71.2890625
55.479143381118774,-82.03125
55.48303937911987,-72.75390625
55.48693561553955,-62.5
55.49083161354065,-61.5234375
55.49472784996033,-62.5
55.498623847961426,-69.3359375
55.5025200843811,-66.40625
55.50641632080078,-59.08203125
55.51031231880188,-53.7109375
55.51420855522156,-60.05859375
55.518104553222656,-67.87109375
55.522000789642334,-76.66015625
55.52583718299866,-86.9140625
55.529733180999756,-88.8671875
55.533629417419434,-81.0546875
55.53752565383911,-71.2890625
55.54142165184021,-75.68359375
55.54531788825989,-76.171875
55.549213886260986,-79.1015625
55.553110122680664,-82.03125
55.55700612068176,-79.1015625
55.56090235710144,-77.1484375
55.56479859352112,-71.77734375
55.56869459152222,-78.61328125
55.57249164581299,-79.58984375
55.576387882232666,-68.84765625
55.580283880233765,-64.94140625
55.58418011665344,-65.91796875
55.58807611465454,-62.98828125
55.59197235107422,-61.03515625
55.59586834907532,-59.5703125
55.599764585494995,-58.10546875
55.603660583496094,-50.29296875
55.60755681991577,-49.31640625
55.61145305633545,-55.17578125
55.61534905433655,-43.45703125
55.619145154953,-41.50390625
55.62304139137268,-37.59765625
55.62693738937378,-34.66796875
55.63083362579346,-41.015625
55.634729623794556,-36.1328125
55.63862586021423,-33.203125
55.64252185821533,-35.15625
55.64641809463501,-41.50390625
55.65031409263611,-48.33984375
55.654210329055786,-49.31640625
55.658106327056885,-49.31640625
55.66200256347656,-45.41015625
55.6657919883728,-45.8984375
55.6696879863739,-45.8984375
55.67358422279358,-41.50390625
55.67748022079468,-43.9453125
55.681376457214355,-49.8046875
55.685272455215454,-47.8515625
55.68916869163513,-39.55078125
55.69306468963623,-44.43359375
55.69696092605591,-57.6171875
55.70085692405701,-68.359375
55.704753160476685,-68.84765625
55.70864915847778,-55.17578125
55.712470293045044,-46.875
55.71636629104614,-48.828125
55.72026252746582,-50.78125
55.72415852546692,-50.78125
55.72805452346802,-46.875
55.731950759887695,-46.875
55.735846757888794,-47.36328125
55.73974299430847,-42.48046875
55.74363899230957,-39.0625
55.74753522872925,-38.0859375
55.75143122673035,-41.015625
55.755327463150024,-40.0390625
55.75910949707031,-39.55078125
55.76300549507141,-39.55078125
55.76690149307251,-39.55078125
55.77079772949219,-37.59765625
55.774693727493286,-34.66796875
55.778589963912964,-30.76171875
55.78248596191406,-24.4140625
55.78638219833374,-29.296875
55.79027819633484,-29.296875
55.79417419433594,-20.5078125
55.798070430755615,-14.6484375
55.801966428756714,-6.34765625
55.80574440956116,-1.953125
55.809640407562256,-4.8828125
55.813536643981934,-7.32421875
55.81743264198303,-12.20703125
55.82132887840271,-13.18359375
55.82522487640381,-10.25390625
55.82912087440491,-13.18359375
55.833017110824585,-13.671875
55.836913108825684,-17.578125
55.84080934524536,-27.83203125
55.84470534324646,-35.15625
55.84860134124756,-30.76171875
55.852375984191895,-21.484375
55.85627198219299,-24.90234375
55.86016821861267,-31.25
55.86406421661377,-29.296875
55.86796021461487,-28.80859375
55.871856451034546,-30.2734375
55.875752449035645,-26.85546875
55.87964844703674,-21.97265625
55.88354468345642,-20.01953125
55.88744068145752,-22.94921875
55.8913369178772,-26.3671875
55.895232915878296,-23.4375
55.899038791656494,-20.99609375
55.90293478965759,-23.92578125
55.90683078765869,-26.3671875
55.91072702407837,-33.203125
55.91462302207947,-43.45703125
55.918519020080566,-33.203125
55.922415256500244,-20.5078125
55.92631125450134,-23.92578125
55.93020725250244,-30.2734375
55.93410348892212,-29.78515625
55.93799948692322,-29.78515625
55.941895484924316,-40.0390625
55.945730209350586,-43.9453125
55.949626445770264,-39.0625
55.95352244377136,-38.57421875
55.95741844177246,-33.69140625
55.96131443977356,-29.296875
55.96521067619324,-28.3203125
55.969106674194336,-21.97265625
55.973002672195435,-14.16015625
55.97689890861511,-11.23046875
55.98079490661621,-17.08984375
55.98469090461731,-18.5546875
55.98858714103699,-4.39453125
55.992385149002075,-1.953125
55.996281147003174,-9.27734375
56.00017714500427,-7.8125
56.00407338142395,-11.71875
56.00796937942505,-13.18359375
56.01186537742615,-11.71875
56.015761613845825,-18.06640625
56.019657611846924,-18.5546875
56.02355360984802,-17.08984375
56.02744960784912,-10.25390625
56.0313458442688,5.859375
56.0352418422699,0.0
56.03903365135193,-13.671875
56.04292964935303,-5.37109375
56.046825647354126,2.9296875
56.050721883773804,5.37109375
56.0546178817749,8.7890625
56.058513879776,8.30078125
56.0624098777771,4.39453125
56.06630611419678,0.48828125
56.070202112197876,-5.859375
56.074098110198975,-8.30078125
56.07799434661865,-1.953125
56.08189034461975,-1.46484375
56.085678577423096,-13.18359375
56.089574575424194,-19.53125
56.09347081184387,-13.671875
56.09736680984497,-4.39453125
56.10126280784607,2.9296875
56.10515880584717,-2.44140625
56.109055042266846,-12.6953125
56.112951040267944,-4.39453125
56.11684703826904,12.6953125
56.12074303627014,10.7421875
56.12463903427124,6.8359375
56.12853527069092,15.625
56.132354974746704,14.6484375
56.1362509727478,2.44140625
56.1401469707489,2.9296875
56.14404296875,8.30078125
56.1479389667511,9.765625
56.151835203170776,14.16015625
56.155731201171875,13.18359375
56.159627199172974,2.44140625
56.16352319717407,-5.37109375
56.16741919517517,-2.9296875
56.17131543159485,-6.8359375
56.17521142959595,-9.27734375
56.17899537086487,-10.7421875
56.18289136886597,-21.97265625
56.186787366867065,-27.34375
56.190683364868164,-18.5546875
56.19457960128784,-7.32421875
56.19847559928894,1.46484375
56.20237159729004,2.9296875
56.20626759529114,7.8125
56.210163593292236,11.71875
56.214059829711914,13.18359375
56.21795582771301,20.5078125
56.22185182571411,44.921875
56.22562909126282,62.98828125
56.229525089263916,54.6875
56.233421087265015,44.43359375
56.23731708526611,46.38671875
56.24121308326721,39.0625
56.24510908126831,33.69140625
56.24900507926941,34.1796875
56.25290131568909,30.76171875
56.256797313690186,28.3203125
56.260693311691284,29.296875
56.26458930969238,30.76171875
56.26848530769348,24.90234375
56.27229380607605,17.08984375
56.27618980407715,17.578125
56.28008580207825,12.20703125
56.283981800079346,5.37109375
56.287877798080444,4.8828125
56.29177379608154,0.48828125
56.29567003250122,-7.8125
56.29956603050232,-16.6015625
56.30346202850342,-20.01953125
56.30735802650452,-14.16015625
56.311254024505615,-12.6953125
56.315150022506714,-15.13671875
56.31895422935486,-13.18359375
56.322850465774536,-12.20703125
56.326746463775635,-10.7421875
56.33064246177673,-9.765625
56.33453845977783,-15.625
56.33843445777893,-20.01953125
56.34233045578003,-13.671875
56.34622645378113,-14.16015625
56.35012245178223,-24.4140625
56.354018449783325,-29.78515625
56.357914447784424,-26.85546875
56.3618106842041,-23.4375
56.36564612388611,-21.484375
56.36954212188721,-21.97265625
56.373438119888306,-24.90234375
56.377334117889404,-32.71484375
56.3812301158905,-40.52734375
56.3851261138916,-44.43359375
56.3890221118927,-44.43359375
56.3929181098938,-43.9453125
56.3968141078949,-52.24609375
56.400710105895996,-49.8046875
56.404606103897095,-48.828125
56.40850234031677,-53.22265625
56.41236853599548,-55.17578125
56.41626453399658,-61.5234375
56.42016053199768,-64.94140625
56.42405652999878,-69.3359375
56.42795252799988,-74.70703125
56.431848764419556,-76.171875
56.435744762420654,-75.1953125
56.43964076042175,-80.078125
56.44353675842285,-85.44921875
56.44743275642395,-78.125
56.45132875442505,-80.078125
56.45522475242615,-99.12109375
56.459017276763916,-107.91015625
56.462913274765015,-105.95703125
56.46680927276611,-108.88671875
56.47070527076721,-114.74609375
56.47460126876831,-115.234375
56.47849726676941,-108.3984375
56.48239326477051,-109.86328125
56.486289262771606,-114.74609375
56.490185260772705,-109.86328125
56.494081258773804,-104.4921875
56.4979772567749,-101.5625
56.501873254776,-100.09765625
56.50566339492798,-101.5625
56.50955939292908,-95.703125
56.513455390930176,-94.7265625
56.517351388931274,-103.02734375
56.52124738693237,-96.19140625
56.52514338493347,-88.8671875
56.52903938293457,-93.75
56.53293538093567,-101.5625
56.53683137893677,-102.5390625
56.540727376937866,-99.12109375
56.544623374938965,-88.37890625
56.54851937294006,-80.078125
56.552337646484375,-77.1484375
56.556233644485474,-76.66015625
56.56012964248657,-91.796875
56.56402564048767,-102.05078125
56.56792163848877,-101.07421875
56.57181763648987,-98.6328125
56.57571363449097,-95.21484375
56.579609632492065,-90.33203125
56.583505630493164,-87.890625
56.58740162849426,-90.33203125
56.59129762649536,-87.40234375
56.59519362449646,-85.9375
56.59897470474243,-81.54296875
56.60287070274353,-80.56640625
56.60676670074463,-86.9140625
56.61066269874573,-90.8203125
56.614558696746826,-92.28515625
56.618454694747925,-87.890625
56.62235069274902,-80.56640625
56.62624669075012,-73.2421875
56.63014268875122,-65.4296875
56.63403868675232,-67.3828125
56.63793468475342,-79.1015625
56.64183068275452,-81.54296875
56.64564061164856,-76.66015625
56.64953660964966,-72.75390625
56.65343260765076,-70.80078125
56.657328605651855,-62.5
56.661224603652954,-62.98828125
56.66512060165405,-70.80078125
56.66901659965515,-69.82421875
56.67291259765625,-62.5
56.67680859565735,-60.05859375
56.68070459365845,-65.4296875
56.68460035324097,-62.01171875
56.688496351242065,-56.640625
56.69230270385742,-61.03515625
56.69619870185852,-61.5234375
56.70009469985962,-58.59375
56.70399069786072,-53.22265625
56.707886695861816,-40.52734375
56.711782693862915,-41.015625
56.715678453445435,-45.41015625
56.71957445144653,-38.0859375
56.72347044944763,-33.203125
56.72736644744873,-37.109375
56.73126244544983,-34.66796875
56.73515844345093,-28.3203125
56.73896074295044,-28.80859375
56.74285674095154,-32.2265625
56.74675273895264,-29.78515625
56.750648736953735,-32.2265625
56.754544734954834,-35.64453125
56.75844073295593,-30.2734375
56.76233673095703,-27.34375
56.76623249053955,-23.4375
56.77012848854065,-17.578125
56.77402448654175,-16.6015625
56.77792048454285,-16.6015625
56.781816482543945,-19.53125
56.7856502532959,-23.92578125
56.789546251297,-17.08984375
56.793442249298096,-10.7421875
56.797338247299194,-20.01953125
56.80123424530029,-31.73828125
56.80513000488281,-30.2734375
56.80902600288391,-33.69140625
56.81292200088501,-36.62109375
56.81681799888611,-32.71484375
56.82071399688721,-32.2265625
56.824609994888306,-31.73828125
56.828505992889404,-27.83203125
56.832300662994385,-22.94921875
56.83619666099548,-25.87890625
56.84009265899658,-29.296875
56.8439884185791,-34.66796875
56.8478844165802,-41.9921875
56.8517804145813,-48.33984375
56.8556764125824,-41.9921875
56.859572410583496,-28.80859375
56.863468408584595,-32.2265625
56.86736440658569,-33.203125
56.87126016616821,-30.2734375
56.87515616416931,-26.3671875
56.878947257995605,-18.06640625
56.882843255996704,-20.5078125
56.8867392539978,-28.80859375
56.8906352519989,-29.78515625
56.89453125,-26.85546875
56.8984272480011,-31.25
56.90232300758362,-33.69140625
56.90621900558472,-22.94921875
56.910115003585815,-16.6015625
56.914011001586914,-17.08984375
56.91790699958801,-14.6484375
56.92180275917053,-12.20703125
56.92559027671814,-7.32421875
56.92948627471924,-11.23046875
56.93338227272034,-15.13671875
56.937278270721436,-17.578125
56.941174030303955,-21.484375
56.945070028305054,-18.5546875
56.94896602630615,-17.08984375
56.95286202430725,-16.6015625
56.95675802230835,-11.71875
56.96065378189087,-3.90625
56.96454977989197,-2.44140625
56.968445777893066,-10.7421875
56.97226405143738,-11.71875
56.9761598110199,-4.39453125
56.980055809020996,0.0
56.983951807022095,-11.71875
56.98784780502319,-26.85546875
56.99174380302429,-15.625
56.99563956260681,-1.46484375
56.99953556060791,-2.9296875
57.00343155860901,-5.37109375
57.00732755661011,2.9296875
57.01122331619263,12.6953125
57.015119314193726,18.5546875
57.01896858215332,26.3671875
57.02286458015442,20.99609375
57.02676057815552,22.94921875
57.030656576156616,28.3203125
57.034552335739136,18.06640625
57.038448333740234,9.765625
57.04234433174133,10.7421875
57.04624032974243,4.8828125
57.05013608932495,-6.34765625
57.05403208732605,-11.23046875
57.05792808532715,-11.71875
57.06182408332825,-7.8125
57.06563663482666,-8.30078125
57.06953263282776,-15.625
57.07342863082886,-17.08984375
57.07732439041138,-18.5546875
57.081220388412476,-9.765625
57.085116386413574,4.8828125
57.089012145996094,3.41796875
57.09290814399719,-4.8828125
57.09680414199829,-9.765625
57.10070013999939,-4.39453125
57.10459589958191,7.32421875
57.10849189758301,12.6953125
57.11229872703552,8.7890625
57.11619472503662,7.8125
57.12009048461914,8.7890625
57.12398648262024,12.20703125
57.12788248062134,13.18359375
57.13177847862244,16.11328125
57.135674238204956,20.01953125
57.139570236206055,14.6484375
57.14346623420715,19.53125
57.14736199378967,27.34375
57.15125799179077,34.66796875
57.15515398979187,35.64453125
57.15895700454712,34.1796875
57.16285276412964,38.0859375
57.16674876213074,37.109375
57.170644760131836,36.1328125
57.174540519714355,34.66796875
57.178436517715454,39.55078125
57.18233251571655,44.43359375
57.18622851371765,41.015625
57.19012427330017,36.62109375
57.19402027130127,40.0390625
57.19791626930237,35.64453125
57.20181202888489,31.25
57.20564579963684,28.80859375
57.20954179763794,20.99609375
57.21343779563904,15.13671875
57.21733355522156,17.08984375
57.221229553222656,18.5546875
57.225125551223755,17.08984375
57.229021310806274,20.5078125
57.23291730880737,29.78515625
57.23681330680847,27.83203125
57.24070906639099,18.5546875
57.24460506439209,6.34765625
57.24850106239319,6.8359375
57.252296447753906,15.625
57.256192445755005,12.20703125
57.260088205337524,15.13671875
57.26398420333862,8.7890625
57.26788020133972,-11.71875
57.27177596092224,-17.08984375
57.27567195892334,-12.6953125
57.27956771850586,-13.18359375
57.28346371650696,-13.18359375
57.28735971450806,-10.25390625
57.291255474090576,-9.765625
57.295151472091675,-8.7890625
57.298941135406494,-11.23046875
57.30283713340759,-9.27734375
57.30673289299011,-14.16015625
57.31062889099121,-23.92578125
57.31452488899231,-25.390625
57.31842064857483,-21.97265625
57.32231664657593,-17.08984375
57.32621240615845,-16.11328125
57.330108404159546,-14.16015625
57.334004402160645,-18.5546875
57.337900161743164,-20.01953125
57.34179615974426,-20.01953125
57.345584869384766,-27.83203125
57.349480867385864,-39.0625
57.353376626968384,-47.8515625
57.35727262496948,-54.19921875
57.361168384552,-53.7109375
57.3650643825531,-43.9453125
57.36896014213562,-45.41015625
57.37285614013672,-46.38671875
57.37675213813782,-44.921875
57.38064789772034,-53.22265625
57.384543895721436,-60.546875
57.388439655303955,-57.6171875
57.39225673675537,-59.08203125
57.39615249633789,-62.5
57.40004849433899,-63.4765625
57.40394449234009,-65.4296875
57.40784025192261,-75.68359375
57.411736249923706,-78.61328125
57.415632009506226,-70.80078125
57.419528007507324,-62.5
57.423423767089844,-61.5234375
57.42731976509094,-58.59375
57.43121552467346,-61.5234375
57.43511152267456,-71.2890625
57.43895864486694,-77.1484375
57.44285440444946,-84.9609375
57.44675040245056,-92.28515625
57.45064616203308,-94.7265625
57.45454216003418,-92.7734375
57.4584379196167,-95.703125
57.4623339176178,-104.98046875
57.46622967720032,-106.4453125
57.470125675201416,-104.98046875
57.474021673202515,-103.515625
57.477917432785034,-103.02734375
57.48181343078613,-95.21484375
57.48562264442444,-87.890625
57.48951840400696,-80.078125
57.49341440200806,-77.63671875
57.497310161590576,-83.0078125
57.501206159591675,-77.63671875
57.505101919174194,-92.7734375
57.50899791717529,-108.88671875
57.51289367675781,-104.00390625
57.51678967475891,-105.95703125
57.52068543434143,-113.28125
57.52458143234253,-118.65234375
57.52847743034363,-125.0
57.53228306770325,-115.234375
57.53617882728577,-106.93359375
57.540074825286865,-108.3984375
57.543970584869385,-108.88671875
57.54786658287048,-102.05078125
57.551762342453,-95.21484375
57.5556583404541,-99.12109375
57.55955410003662,-104.00390625
57.56345009803772,-104.98046875
57.56734585762024,-99.609375
57.57124185562134,-97.65625
57.57513761520386,-93.26171875
57.57893919944763,-85.9375
57.58283495903015,-83.49609375
57.58673095703125,-90.8203125
57.59062671661377,-95.21484375
57.59452271461487,-94.7265625
57.59841847419739,-92.28515625
57.602314472198486,-81.0546875
57.606210231781006,-78.61328125
57.610106229782104,-90.8203125
57.614001989364624,-92.7734375
57.61789798736572,-86.9140625
57.62179374694824,-83.0078125
57.62562799453735,-76.66015625
57.62952375411987,-71.77734375
57.63341975212097,-71.2890625
57.63731551170349,-71.2890625
57.64121150970459,-62.98828125
57.64510726928711,-51.26953125
57.64900326728821,-55.6640625
57.65289902687073,-62.01171875
57.656795024871826,-59.5703125
57.660690784454346,-50.29296875
57.664586544036865,-47.8515625
57.668482542037964,-47.8515625
57.67227649688721,-42.96875
57.67617225646973,-44.43359375
57.680068254470825,-44.921875
57.683964014053345,-39.0625
57.68786001205444,-35.64453125
57.69175577163696,-34.66796875
57.69565153121948,-29.78515625
57.69954752922058,-25.87890625
57.7034432888031,-32.2265625
57.7073392868042,-39.55078125
57.71123504638672,-35.15625
57.71513104438782,-39.0625
57.718920946121216,-35.64453125
57.722816705703735,-30.76171875
57.726712703704834,-35.64453125
57.73060846328735,-38.0859375
57.73450422286987,-40.0390625
57.73840022087097,-41.9921875
57.74229598045349,-42.96875
57.74619197845459,-46.38671875
57.75008773803711,-50.29296875
57.75398349761963,-50.29296875
57.75787949562073,-50.29296875
57.76177525520325,-46.875
57.76559638977051,-46.875
57.769492387771606,-55.6640625
57.773388147354126,-59.5703125
57.777283906936646,-64.94140625
57.781179904937744,-74.21875
57.785075664520264,-77.1484375
57.78897142410278,-67.87109375
57.79286742210388,-58.10546875
57.7967631816864,-55.6640625
57.8006591796875,-49.31640625
57.80455493927002,-46.38671875
57.80845069885254,-40.0390625
57.812267780303955,-35.15625
57.816163778305054,-39.55078125
57.82005953788757,-46.875
57.82395529747009,-46.875
57.82785129547119,-41.9921875
57.83174705505371,-41.015625
57.83564305305481,-34.66796875
57.83953881263733,-30.2734375
57.84343457221985,-37.109375
57.84733057022095,-33.203125
57.85122632980347,-22.94921875
57.855122089385986,-24.4140625
57.85896968841553,-23.92578125
57.862865686416626,-30.76171875
57.866761445999146,-34.1796875
57.870657205581665,-31.25
57.874553203582764,-42.96875
57.87844896316528,-47.8515625
57.88234496116638,-45.41015625
57.8862407207489,-44.921875
57.89013648033142,-46.875
57.89403247833252,-49.31640625
57.89792823791504,-59.5703125
57.90182399749756,-61.03515625
57.90563344955444,-48.33984375
57.90952920913696,-43.9453125
57.91342520713806,-43.9453125
57.91732096672058,-40.0390625
57.9212167263031,-32.2265625
57.9251127243042,-28.80859375
57.92900848388672,-31.25
57.93290424346924,-30.2734375
57.93680024147034,-22.4609375
57.940696001052856,-20.99609375
57.944591760635376,-33.203125
57.948487758636475,-38.0859375
57.952327489852905,-29.296875
57.956223249435425,-20.99609375
57.960119009017944,-6.34765625
57.96401500701904,5.37109375
57.96791076660156,1.46484375
57.97180652618408,-13.18359375
57.97570252418518,-18.06640625
57.9795982837677,-16.11328125
57.98349404335022,-13.671875
57.98739004135132,-9.765625
57.99128580093384,-3.90625
57.99518156051636,2.9296875
57.9989812374115,-4.39453125
58.0028772354126,-19.53125
58.00677299499512,-23.4375
58.01066875457764,-17.578125
58.014564514160156,-16.11328125
58.018460512161255,-23.4375
58.022356271743774,-25.390625
58.026252031326294,-21.97265625
58.03014802932739,-22.94921875
58.03404378890991,-25.87890625
58.03793954849243,-27.83203125
58.04183530807495,-32.2265625
58.04566550254822,-18.5546875
58.04956126213074,-10.25390625
58.05345702171326,-17.578125
58.057352781295776,-20.01953125
58.061248779296875,-13.671875
58.065144538879395,-15.13671875
58.069040298461914,-21.484375
58.07293629646301,-20.01953125
58.07683205604553,-13.671875
58.08072781562805,-16.11328125
58.08462357521057,-22.4609375
58.08851957321167,-13.18359375
58.09231162071228,-10.7421875
58.0962073802948,-17.578125
58.1001033782959,-11.71875
58.10399913787842,0.0
58.10789489746094,8.7890625
58.11179065704346,10.7421875
58.115686655044556,8.7890625
58.119582414627075,6.8359375
58.123478174209595,8.7890625
58.127373933792114,7.32421875
58.131269693374634,7.32421875
58.13516569137573,8.30078125
58.13898825645447,4.39453125
58.14288401603699,1.953125
58.146780014038086,-1.46484375
58.150675773620605,1.953125
58.154571533203125,11.23046875
58.158467292785645,9.27734375
58.16236329078674,8.7890625
58.16625905036926,16.11328125
58.17015480995178,22.4609375
58.1740505695343,17.08984375
58.17794632911682,12.6953125
58.18184232711792,11.71875
58.18566107749939,10.25390625
58.18955683708191,8.7890625
58.19345259666443,9.27734375
58.19734835624695,8.7890625
58.20124411582947,1.46484375
58.205140113830566,-2.44140625
58.209035873413086,-1.953125
58.212931632995605,3.90625
58.216827392578125,11.23046875
58.220723152160645,4.39453125
58.22461915016174,-5.37109375
58.22851490974426,0.0
58.232330322265625,4.39453125
58.236226081848145,7.8125
58.240121841430664,7.8125
58.244017601013184,4.8828125
58.2479133605957,4.39453125
58.25180912017822,-2.44140625
58.25570511817932,-7.8125
58.25960087776184,-3.90625
58.26349663734436,-5.37109375
58.26739239692688,-8.30078125
58.2712881565094,-10.25390625
58.27518391609192,-13.18359375
58.279029846191406,-16.6015625
58.282925605773926,-22.94921875
58.286821603775024,-18.5546875
58.290717363357544,-19.04296875
58.29461312294006,-18.5546875
58.29850888252258,-14.6484375
58.3024046421051,-18.06640625
58.30630040168762,-19.53125
58.31019639968872,-18.5546875
58.31409215927124,-22.94921875
58.31798791885376,-22.4609375
58.32188367843628,-16.11328125
58.32569122314453,-25.390625
58.32958698272705,-34.1796875
58.33348274230957,-36.62109375
58.33737874031067,-39.0625
58.34127449989319,-34.66796875
58.34517025947571,-28.3203125
58.34906601905823,-29.296875
58.35296177864075,-34.1796875
58.35685753822327,-34.66796875
58.360753297805786,-35.64453125
58.364649295806885,-39.0625
58.368545055389404,-35.64453125
58.37234902381897,-33.203125
58.37624478340149,-41.9921875
58.38014054298401,-39.55078125
58.38403630256653,-33.69140625
58.38793206214905,-47.8515625
58.39182782173157,-57.12890625
58.39572358131409,-51.7578125
58.399619579315186,-58.59375
58.403515338897705,-58.59375
58.407411098480225,-50.29296875
58.411306858062744,-51.7578125
58.415202617645264,-49.31640625
58.41900277137756,-44.921875
58.42289853096008,-41.50390625
58.4267942905426,-41.50390625
58.43069005012512,-53.22265625
58.43458580970764,-61.5234375
58.43848156929016,-60.546875
58.44237732887268,-56.15234375
58.4462730884552,-52.24609375
58.45016884803772,-52.734375
58.45406460762024,-51.7578125
58.45796036720276,-47.8515625
58.46185636520386,-47.36328125
58.465686559677124,-54.19921875
58.469582319259644,-54.6875
58.47347807884216,-51.7578125
58.47737407684326,-65.91796875
58.48126983642578,-77.63671875
58.4851655960083,-76.171875
58.48906135559082,-73.73046875
58.49295711517334,-76.66015625
58.49685287475586,-78.125
58.50074863433838,-75.1953125
58.5046443939209,-72.265625
58.50854015350342,-72.75390625
58.51240062713623,-73.73046875
58.51629638671875,-75.1953125
58.52019214630127,-74.70703125
58.52408790588379,-74.70703125
58.52798366546631,-77.63671875
58.53187942504883,-69.82421875
58.53577518463135,-61.03515625
58.53967094421387,-59.08203125
58.54356670379639,-53.7109375
58.547462463378906,-54.19921875
58.551358222961426,-60.546875
58.555253982543945,-59.5703125
58.559077501297,-58.10546875
58.56297326087952,-57.12890625
58.566869020462036,-52.24609375
58.570764780044556,-54.6875
58.574660539627075,-60.546875
58.578556299209595,-63.96484375
58.582452058792114,-55.6640625
58.586347818374634,-43.9453125
58.59024357795715,-41.9921875
58.59413933753967,-48.828125
58.59803509712219,-54.6875
58.60193085670471,-52.24609375
58.60574984550476,-47.8515625
58.60964560508728,-49.31640625
58.6135413646698,-41.50390625
58.61743712425232,-32.2265625
58.62133288383484,-38.0859375
58.62522864341736,-41.50390625
58.62912440299988,-41.9921875
58.6330201625824,-43.45703125
58.63691592216492,-41.50390625
58.64081168174744,-34.66796875
58.644707441329956,-34.1796875
58.648603439331055,-33.69140625
58.65241861343384,-33.203125
58.65631437301636,-40.0390625
58.66021013259888,-43.45703125
58.6641058921814,-37.59765625
58.668001651763916,-35.15625
58.671897411346436,-36.1328125
58.675793170928955,-31.73828125
58.679688930511475,-37.109375
58.683584690093994,-42.96875
58.687480449676514,-32.71484375
58.69137620925903,-23.4375
58.69527196884155,-26.85546875
58.6991171836853,-38.0859375
58.70301294326782,-39.55078125
58.70690870285034,-32.71484375
58.71080446243286,-38.0859375
58.71470022201538,-43.45703125
58.7185959815979,-39.0625
58.72249174118042,-32.2265625
58.72638750076294,-27.34375
58.73028326034546,-25.390625
58.73417901992798,-26.85546875
58.73807454109192,-22.4609375
58.74197030067444,-21.97265625
58.74577808380127,-25.390625
58.74967384338379,-28.80859375
58.75356960296631,-44.921875
58.75746536254883,-50.78125
58.76136112213135,-45.41015625
58.76525688171387,-41.015625
58.76915264129639,-35.64453125
58.773048400878906,-32.2265625
58.776944160461426,-28.80859375
58.780839920043945,-27.34375
58.784735679626465,-19.04296875
58.788631439208984,-20.01953125
58.79243326187134,-25.390625
58.79632902145386,-25.390625
58.80022478103638,-31.73828125
58.8041205406189,-30.76171875
58.80801606178284,-29.296875
58.811911821365356,-29.296875
58.815807580947876,-32.2265625
58.819703340530396,-34.66796875
58.823599100112915,-32.2265625
58.827494859695435,-37.59765625
58.831390619277954,-33.203125
58.835286378860474,-25.87890625
58.83908700942993,-30.2734375
58.84298253059387,-30.76171875
58.84687829017639,-33.69140625
58.85077404975891,-37.109375
58.85466980934143,-38.0859375
58.85856556892395,-38.0859375
58.86246132850647,-35.15625
58.86635708808899,-39.55078125
58.87025284767151,-40.52734375
58.87414860725403,-33.203125
58.87804436683655,-24.4140625
58.88194012641907,-24.90234375
58.88577198982239,-32.2265625
58.88966774940491,-41.50390625
58.89356350898743,-38.0859375
58.897459268569946,-28.3203125
58.901355028152466,-24.90234375
58.905250787734985,-20.99609375
58.909146547317505,-26.3671875
58.913042306900024,-23.92578125
58.916938066482544,-16.6015625
58.92083382606506,-16.6015625
58.924729347229004,-14.16015625
58.92862510681152,-11.23046875
58.932483434677124,-11.23046875
58.936379194259644,-9.765625
58.94027495384216,-1.953125
58.94417071342468,5.859375
58.9480664730072,0.0
58.95196223258972,-5.37109375
58.95585799217224,-0.9765625
58.95975375175476,2.44140625
58.96364951133728,-2.9296875
58.96754503250122,-5.37109375
58.97144079208374,-7.8125
58.97533655166626,-4.8828125
58.97915744781494,-1.953125
58.98305320739746,-5.859375
58.98694896697998,-11.71875
58.9908447265625,-11.23046875
58.99474048614502,-8.7890625
58.99863600730896,-9.765625
59.00253176689148,-4.8828125
59.006427526474,-7.32421875
59.01032328605652,-12.6953125
59.01421904563904,-12.20703125
59.01811480522156,-13.18359375
59.02201056480408,-13.18359375
59.02582764625549,-7.32421875
59.02972340583801,-2.44140625
59.03361892700195,-2.9296875
59.03751468658447,-10.25390625
59.04141044616699,-17.578125
59.04530620574951,-21.97265625
59.04920196533203,-23.92578125
59.05309772491455,-22.4609375
59.05699324607849,-28.3203125
59.06088900566101,-29.296875
59.06478476524353,-27.83203125
59.06868052482605,-28.80859375
59.0724937915802,-22.94921875
59.07638955116272,-19.53125
59.08028531074524,-22.4609375
59.08418107032776,-10.7421875
59.0880765914917,-0.9765625
59.09197235107422,-13.671875
59.09586811065674,-19.53125
59.09976387023926,-11.23046875
59.10365962982178,-10.25390625
59.1075553894043,-7.8125
59.11145091056824,-2.44140625
59.11534667015076,-1.46484375
59.11919450759888,1.953125
59.12309002876282,-0.48828125
59.12698578834534,-6.34765625
59.130881547927856,-12.20703125
59.134777307510376,-14.16015625
59.138673067092896,-20.99609375
59.142568588256836,-22.4609375
59.146464347839355,-23.4375
59.150360107421875,-26.85546875
59.154255867004395,-32.71484375
59.158151626586914,-36.62109375
59.162047386169434,-40.0390625
59.16585373878479,-46.38671875
59.16974925994873,-40.0390625
59.17364501953125,-28.3203125
59.17754077911377,-30.2734375
59.18143653869629,-29.296875
59.18533229827881,-28.3203125
59.18922781944275,-28.3203125
59.19312357902527,-24.90234375
59.19701933860779,-32.71484375
59.20091509819031,-41.015625
59.20481085777283,-39.0625
59.20870637893677,-31.73828125
59.21250867843628,-28.80859375
59.2164044380188,-36.62109375
59.22029995918274,-41.015625
59.22419571876526,-33.69140625
59.22809147834778,-32.71484375
59.2319872379303,-37.59765625
59.23588299751282,-33.69140625
59.23977851867676,-31.73828125
59.24367427825928,-36.62109375
59.2475700378418,-47.8515625
59.251465797424316,-60.05859375
59.25536131858826,-57.6171875
59.259193658828735,-44.43359375
59.263089418411255,-35.15625
59.266984939575195,-37.59765625
59.270880699157715,-39.0625
59.274776458740234,-39.0625
59.278672218322754,-41.9921875
59.282567739486694,-31.73828125
59.286463499069214,-18.06640625
59.29035925865173,-18.5546875
59.29425501823425,-23.92578125
59.29815053939819,-30.76171875
59.30204629898071,-39.55078125
59.305874824523926,-42.48046875
59.309770584106445,-46.38671875
59.313666343688965,-49.31640625
59.317561864852905,-43.45703125
59.321457624435425,-38.0859375
59.325353384017944,-41.50390625
59.329248905181885,-46.38671875
59.333144664764404,-41.9921875
59.337040424346924,-41.015625
59.34093618392944,-45.41015625
59.344831705093384,-55.17578125
59.3487274646759,-50.29296875
59.352585554122925,-48.33984375
59.356481313705444,-55.17578125
59.360377073287964,-52.24609375
59.36427283287048,-50.78125
59.368168354034424,-60.05859375
59.37206411361694,-68.84765625
59.37595987319946,-63.96484375
59.3798553943634,-67.3828125
59.38375115394592,-77.1484375
59.38764691352844,-76.171875
59.39154267311096,-76.171875
59.3954381942749,-81.54296875
59.39925932884216,-87.40234375
59.40315508842468,-85.44921875
59.4070508480072,-79.58984375
59.41094636917114,-84.47265625
59.41484212875366,-93.26171875
59.41873788833618,-92.7734375
59.4226336479187,-84.47265625
59.42652916908264,-83.0078125
59.43042492866516,-84.9609375
59.43432068824768,-90.8203125
59.43821620941162,-95.21484375
59.44211196899414,-90.8203125
59.445929527282715,-85.9375
59.449825048446655,-91.30859375
59.453720808029175,-99.609375
59.457616567611694,-106.4453125
59.461512088775635,-110.3515625
59.465407848358154,-105.95703125
59.469303607940674,-108.88671875
59.473199129104614,-115.234375
59.477094888687134,-111.81640625
59.48099064826965,-107.421875
59.484886169433594,-115.72265625
59.48878192901611,-120.60546875
59.49259567260742,-116.69921875
59.49649143218994,-118.65234375
59.50038719177246,-119.140625
59.5042827129364,-110.3515625
59.50817847251892,-105.46875
59.51207423210144,-101.07421875
59.51596975326538,-97.65625
59.5198655128479,-100.09765625
59.52376127243042,-102.5390625
59.52765679359436,-98.14453125
59.53155255317688,-87.40234375
59.5354483127594,-83.49609375
59.539291858673096,-86.42578125
59.543187618255615,-87.40234375
59.547083139419556,-84.9609375
59.550978899002075,-81.54296875
59.554874420166016,-82.51953125
59.558770179748535,-84.9609375
59.562665939331055,-90.33203125
59.566561460494995,-94.7265625
59.570457220077515,-86.42578125
59.574352979660034,-77.1484375
59.578248500823975,-69.82421875
59.582144260406494,-63.4765625
59.58595108985901,-60.546875
59.58984684944153,-59.5703125
59.59374237060547,-66.40625
59.59763813018799,-75.1953125
59.60153388977051,-70.3125
59.60542941093445,-62.5
59.60932517051697,-54.6875
59.61322069168091,-51.7578125
59.61711645126343,-54.19921875
59.62101221084595,-51.26953125
59.62490773200989,-45.8984375
59.62880349159241,-52.734375
59.63263726234436,-60.05859375
59.6365327835083,-55.6640625
59.64042854309082,-55.17578125
59.64432406425476,-56.640625
59.64821982383728,-50.78125
59.6521155834198,-44.43359375
59.65601110458374,-45.41015625
59.65990686416626,-48.828125
59.6638023853302,-45.8984375
59.66769814491272,-38.57421875
59.67159390449524,-36.62109375
59.67548942565918,-41.50390625
59.67931890487671,-40.52734375
59.68321466445923,-39.0625
59.68711018562317,-44.43359375
59.69100594520569,-41.9921875
59.69490170478821,-39.0625
59.69879722595215,-41.9921875
59.70269298553467,-47.36328125
59.70658850669861,-47.8515625
59.71048426628113,-41.9921875
59.71438002586365,-38.0859375
59.71827554702759,-39.0625
59.72217130661011,-39.55078125
59.72599768638611,-35.15625
59.72989344596863,-32.2265625
59.73378896713257,-34.1796875
59.73768472671509,-31.73828125
59.74158024787903,-22.94921875
59.74547600746155,-25.87890625
59.74937152862549,-26.3671875
59.75326728820801,-32.2265625
59.75716304779053,-35.15625
59.76105856895447,-35.64453125
59.76495432853699,-35.64453125
59.76884984970093,-37.109375
59.77270579338074,-39.0625
59.77660155296326,-37.59765625
59.7804970741272,-38.0859375
59.78439283370972,-32.71484375
59.78828835487366,-28.80859375
59.79218411445618,-29.296875
59.79607963562012,-20.99609375
59.79997539520264,-21.484375
59.80387091636658,-25.390625
59.8077666759491,-21.484375
59.811662435531616,-19.04296875
59.81555795669556,-13.671875
59.8193793296814,-11.71875
59.823275089263916,-16.6015625
59.827170610427856,-20.5078125
59.831066370010376,-21.97265625
59.834961891174316,-23.92578125
59.838857650756836,-20.01953125
59.842753410339355,-25.390625
59.846648931503296,-27.83203125
59.850544691085815,-18.5546875
59.854440212249756,-11.71875
59.858335971832275,-5.859375
59.862231492996216,-2.9296875
59.86604690551758,-0.9765625
59.86994242668152,0.9765625
59.87383818626404,-5.859375
59.87773370742798,-18.06640625
59.8816294670105,-30.2734375
59.88552498817444,-33.203125
59.88942074775696,-27.34375
59.89331650733948,-18.5546875
59.89721202850342,-12.20703125
59.90110778808594,-9.765625
59.90500330924988,-4.8828125
59.9088990688324,-9.765625
59.91271090507507,-18.06640625
59.91660666465759,-18.5546875
59.92050218582153,-13.18359375
59.92439794540405,-8.30078125
59.92829346656799,-25.87890625
59.93218922615051,-36.62109375
59.93608474731445,-33.69140625
59.93998050689697,-34.1796875
59.94387626647949,-34.1796875
59.94777178764343,-27.34375
59.95166754722595,-24.4140625
59.95556306838989,-20.99609375
59.959404706954956,-20.5078125
59.9633002281189,-25.87890625
59.967195987701416,-29.78515625
59.971091508865356,-27.34375
59.974987268447876,-22.94921875
59.978882789611816,-26.3671875
59.98277831077576,-26.85546875
59.986674070358276,-18.06640625
59.99056959152222,-8.7890625
59.994465351104736,1.953125
59.99836087226868,4.39453125
60.002256631851196,-2.44140625
60.00612831115723,-10.25390625
60.010024070739746,-11.71875
60.01391959190369,-4.39453125
60.017815351486206,-4.8828125
60.02171087265015,-13.671875
60.025606632232666,-20.01953125
60.029502153396606,-22.94921875
60.033397912979126,-23.92578125
60.037293434143066,-16.6015625
60.041189193725586,-12.20703125
60.045084714889526,-18.06640625
60.048980474472046,-19.04296875
60.052814245224,-17.08984375
60.05670976638794,-12.6953125
60.06060552597046,-7.8125
60.0645010471344,-7.8125
60.06839680671692,2.9296875
60.07229232788086,4.8828125
60.07618808746338,-7.32421875
60.08008360862732,-7.8125
60.08397936820984,-10.7421875
60.08787488937378,-16.11328125
60.0917706489563,-18.5546875
60.09566617012024,-17.08984375
60.09949612617493,-5.37109375
60.10339164733887,-2.44140625
60.10728740692139,4.8828125
60.11118292808533,9.765625
60.11507844924927,4.8828125
60.11897420883179,6.8359375
60.12286972999573,4.8828125
60.12676548957825,-0.9765625
60.13066101074219,1.46484375
60.13455677032471,3.41796875
60.13845229148865,3.41796875
60.14234805107117,3.90625
60.14617419242859,-2.44140625
60.15006995201111,0.48828125
60.15396547317505,7.8125
60.15786123275757,10.7421875
60.16175675392151,15.625
60.16565251350403,14.16015625
60.16954803466797,10.25390625
60.17344355583191,15.13671875
60.17733931541443,16.6015625
60.18123483657837,12.6953125
60.18513059616089,10.25390625
60.18902611732483,3.90625
60.19288182258606,2.44140625
60.19677758216858,-3.41796875
60.20067310333252,-5.859375
60.20456862449646,0.48828125
60.20846438407898,4.39453125
60.21235990524292,1.46484375
60.21625566482544,2.44140625
60.22015118598938,0.0
60.2240469455719,-2.44140625
60.22794246673584,-10.25390625
60.23183798789978,-18.06640625
60.2357337474823,-23.92578125
60.23955273628235,-21.97265625
60.24344825744629,-13.18359375
60.24734377861023,-12.6953125
60.25123953819275,-12.20703125
60.25513505935669,-22.4609375
60.25903081893921,-34.66796875
60.26292634010315,-28.3203125
60.26682186126709,-20.01953125
60.27071762084961,-18.06640625
60.27461314201355,-19.04296875
60.27850890159607,-17.578125
60.28240442276001,-18.5546875
60.28621983528137,-11.71875
60.29011535644531,-4.39453125
60.29401111602783,-10.7421875
60.29790663719177,-11.23046875
60.30180215835571,-4.39453125
60.30569791793823,-5.37109375
60.30959343910217,-10.7421875
60.31348919868469,-6.8359375
60.31738471984863,1.953125
60.32128024101257,2.44140625
60.32517600059509,-0.9765625
60.32907152175903,0.48828125
60.332916021347046,0.9765625
60.336811780929565,-3.90625
60.340707302093506,-4.39453125
60.344603061676025,-6.8359375
60.348498582839966,-8.30078125
60.352394104003906,-7.32421875
60.356289863586426,-14.16015625
60.360185384750366,-25.390625
60.36408090591431,-26.85546875
60.367976665496826,-25.390625
60.37187218666077,-24.90234375
60.37576770782471,-23.4375
60.37960982322693,-20.01953125
60.38350534439087,-22.94921875
60.38740086555481,-23.4375
60.39129662513733,-19.53125
60.39519214630127,-24.4140625
60.39908766746521,-22.94921875
60.40298342704773,-21.97265625
60.40687894821167,-28.80859375
60.41077446937561,-33.203125
60.41467022895813,-31.73828125
60.41856575012207,-23.92578125
60.42246127128601,-20.01953125
60.426331520080566,-28.80859375
60.430227279663086,-27.83203125
60.434122800827026,-18.5546875
60.43801832199097,-22.4609375
60.441914081573486,-35.15625
60.44580960273743,-43.9453125
60.44970512390137,-44.43359375
60.45360088348389,-41.015625
60.45749640464783,-40.0390625
60.46139192581177,-45.41015625
60.46528768539429,-47.8515625
60.46918320655823,-46.38671875
60.47301697731018,-41.015625
60.47691249847412,-33.69140625
60.48080801963806,-32.2265625
60.48470377922058,-37.109375
60.48859930038452,-41.015625
60.49249482154846,-39.0625
60.49639058113098,-41.50390625
60.50028610229492,-48.33984375
60.50418162345886,-46.38671875
60.50807738304138,-36.62109375
60.51197290420532,-34.66796875
60.51586842536926,-41.50390625
60.51969623565674,-36.1328125
60.52359199523926,-28.3203125
60.5274875164032,-27.34375
60.53138303756714,-37.59765625
60.53527879714966,-47.36328125
60.5391743183136,-51.7578125
60.54306983947754,-63.4765625
60.54696559906006,-63.96484375
60.550861120224,-58.10546875
60.55475664138794,-63.4765625
60.55865216255188,-62.01171875
60.5625479221344,-50.78125
60.56637263298035,-49.8046875
60.57026815414429,-52.24609375
60.57416391372681,-46.38671875
60.57805943489075,-40.0390625
60.58195495605469,-43.45703125
60.58585047721863,-48.828125
60.58974623680115,-48.33984375
60.59364175796509,-44.43359375
60.59753727912903,-43.45703125
60.60143303871155,-48.33984375
60.60532855987549,-56.15234375
60.60922408103943,-55.6640625
60.61307740211487,-52.734375
60.61697316169739,-52.24609375
60.62086868286133,-51.26953125
60.62476420402527,-44.921875
60.62865972518921,-54.6875
60.63255548477173,-73.73046875
60.63645100593567,-68.359375
60.64034652709961,-60.05859375
60.64424228668213,-62.5
60.64813780784607,-66.89453125
60.65203332901001,-66.40625
60.65592885017395,-62.5
60.65975046157837,-60.05859375
60.66364598274231,-64.453125
60.66754150390625,-65.4296875
60.67143702507019,-58.10546875
60.67533278465271,-59.5703125
60.67922830581665,-65.4296875
60.68312382698059,-71.2890625
60.68701934814453,-70.3125
60.69091510772705,-66.40625
60.69481062889099,-73.2421875
60.69870615005493,-83.0078125
60.70260167121887,-88.8671875
60.7064151763916,-78.125
60.71031069755554,-73.2421875
60.71420621871948,-80.56640625
60.718101978302,-83.984375
60.72199749946594,-79.58984375
60.72589302062988,-83.49609375
60.72978854179382,-89.35546875
60.73368430137634,-86.42578125
60.73757982254028,-80.56640625
60.741475343704224,-73.73046875
60.745370864868164,-65.91796875
60.749266624450684,-61.5234375
60.753108978271484,-64.453125
60.757004499435425,-64.94140625
60.760900259017944,-62.98828125
60.764795780181885,-52.734375
60.768691301345825,-46.875
60.772586822509766,-58.10546875
60.776482343673706,-54.19921875
60.780378103256226,-45.8984375
60.784273624420166,-42.96875
60.788169145584106,-38.57421875
60.79206466674805,-41.50390625
60.795960426330566,-47.36328125
60.79979944229126,-42.48046875
60.80369520187378,-40.0390625
60.80759072303772,-39.0625
60.81148624420166,-40.0390625
60.8153817653656,-47.8515625
60.81927728652954,-45.41015625
60.82317304611206,-46.38671875
60.827068567276,-41.50390625
60.83096408843994,-42.48046875
60.83485960960388,-42.96875
60.83875513076782,-40.52734375
60.84265089035034,-41.015625
60.84652066230774,-31.73828125
60.85041618347168,-31.73828125
60.8543119430542,-35.15625
60.85820746421814,-31.73828125
60.86210298538208,-25.390625
60.86599850654602,-24.4140625
60.86989426612854,-25.390625
60.87378978729248,-25.87890625
60.87768530845642,-39.55078125
60.88158082962036,-47.36328125
60.8854763507843,-36.1328125
60.88937211036682,-38.0859375
60.893205642700195,-38.57421875
60.897101163864136,-28.3203125
60.900996923446655,-24.90234375
60.904892444610596,-22.4609375
60.908787965774536,-24.90234375
60.91268348693848,-25.87890625
60.91657900810242,-22.94921875
60.92047476768494,-22.94921875
60.92437028884888,-15.625
60.92826581001282,-11.71875
60.93216133117676,-17.08984375
60.9360568523407,-19.53125
60.939886808395386,-22.94921875
60.943782329559326,-24.4140625
60.94767785072327,-14.16015625
60.95157337188721,-12.20703125
60.95546889305115,-20.99609375
60.95936441421509,-24.4140625
60.96326017379761,-24.90234375
60.96715569496155,-15.625
60.97105121612549,-14.16015625
60.97494673728943,-13.671875
60.97884225845337,-1.953125
60.98273801803589,-2.9296875
60.98656463623047,-6.8359375
60.99046015739441,1.953125
60.99435567855835,1.46484375
60.99825119972229,-3.90625
61.00214672088623,-4.39453125
61.00604248046875,-3.90625
61.00993800163269,-8.30078125
61.01383352279663,-12.6953125
61.01772904396057,-5.37109375
61.02162456512451,1.46484375
61.02552008628845,-0.9765625
61.02941584587097,-0.9765625
61.03326916694641,-0.48828125
61.03716468811035,-0.48828125
61.04106020927429,-1.46484375
61.04495573043823,4.8828125
61.04885125160217,8.7890625
61.05274677276611,10.7421875
61.056642293930054,20.99609375
61.06053805351257,30.2734375
61.064433574676514,32.71484375
61.068329095840454,30.2734375
61.072224617004395,31.25
61.076120138168335,24.4140625
61.07993698120117,15.13671875
61.08383250236511,23.4375
61.08772802352905,28.3203125
61.09162378311157,24.4140625
61.09551930427551,20.5078125
61.09941482543945,16.11328125
61.103310346603394,10.25390625
61.107205867767334,6.8359375
61.111101388931274,4.8828125
61.114996910095215,-1.953125
61.118892669677734,-4.39453125
61.122788190841675,0.0
61.12663388252258,5.859375
61.13052940368652,6.8359375
61.134424924850464,5.859375
61.138320446014404,9.27734375
61.142215967178345,17.08984375
61.146111726760864,17.08984375
61.150007247924805,16.6015625
61.153902769088745,15.13671875
61.157798290252686,15.13671875
61.161693811416626,23.92578125
61.165589332580566,23.4375
61.16948485374451,14.6484375
61.17332720756531,15.625
61.17722272872925,15.625
61.18111824989319,15.13671875
61.18501400947571,25.390625
61.18890953063965,22.4609375
61.19280505180359,14.6484375
61.19670057296753,18.5546875
61.20059609413147,16.11328125
61.20449161529541,12.6953125
61.20838713645935,2.44140625
61.21228265762329,-5.37109375
61.21617817878723,-2.9296875
61.22001671791077,2.44140625
61.22391223907471,9.765625
61.22780776023865,17.08984375
61.23170328140259,15.625
61.23559880256653,7.8125
61.23949432373047,4.8828125
61.24338984489441,11.71875
61.24728560447693,18.06640625
61.25118112564087,20.99609375
61.25507664680481,27.83203125
61.25897216796875,26.85546875
61.26286768913269,18.06640625
61.266735792160034,17.08984375
61.270631313323975,19.04296875
61.274527072906494,16.6015625
61.278422594070435,14.16015625
61.282318115234375,13.18359375
61.286213636398315,20.99609375
61.290109157562256,23.4375
61.294004678726196,19.53125
61.29790019989014,27.34375
61.30179572105408,41.015625
61.30569124221802,45.8984375
61.30958676338196,50.29296875
61.31342029571533,57.6171875
61.31731581687927,51.26953125
61.32121133804321,43.9453125
61.32510685920715,48.828125
61.329002380371094,54.19921875
61.332897901535034,49.31640625
61.336793422698975,42.96875
61.340688943862915,41.50390625
61.344584465026855,44.43359375
61.348479986190796,47.36328125
61.352375507354736,42.96875
61.35627102851868,40.0390625
61.36009907722473,31.73828125
61.36399459838867,26.3671875
61.36789011955261,29.78515625
61.37178564071655,29.78515625
61.37568116188049,24.4140625
61.379576683044434,19.04296875
61.383472204208374,7.8125
61.387367725372314,-10.25390625
61.391263246536255,-18.5546875
61.395158767700195,-17.08984375
61.399054288864136,-18.06640625
61.402949810028076,-19.04296875
61.406774044036865,-16.11328125
61.410669565200806,-11.23046875
61.414565086364746,-7.32421875
61.41846060752869,-20.01953125
61.42235612869263,-34.1796875
61.42625164985657,-31.25
61.43014717102051,-38.0859375
61.43404269218445,-42.48046875
61.43793821334839,-43.45703125
61.44183373451233,-54.6875
61.44572925567627,-53.22265625
61.44962477684021,-49.8046875
61.45347571372986,-56.15234375
61.4573712348938,-60.546875
61.46126675605774,-62.01171875
61.46516227722168,-67.87109375
61.46905779838562,-66.89453125
61.47295331954956,-63.4765625
61.4768488407135,-68.359375
61.48074436187744,-71.2890625
61.48463988304138,-66.40625
61.48853540420532,-72.75390625
61.49243092536926,-74.21875
61.4963264465332,-65.91796875
61.500205755233765,-70.3125
61.504101276397705,-80.56640625
61.507996797561646,-85.44921875
61.511892318725586,-82.51953125
61.515787839889526,-83.984375
61.51968336105347,-94.23828125
61.52357888221741,-105.46875
61.52747440338135,-107.91015625
61.53136992454529,-106.4453125
61.53526544570923,-116.2109375
61.53916096687317,-127.9296875
61.54305648803711,-123.046875
61.546900033950806,-119.62890625
61.550795555114746,-124.51171875
61.55469107627869,-124.0234375
61.55858659744263,-118.1640625
61.56248211860657,-121.58203125
61.56637763977051,-124.0234375
61.57027316093445,-123.046875
61.57416868209839,-118.1640625
61.57806420326233,-117.1875
61.58195972442627,-126.953125
61.58585524559021,-132.32421875
61.58975076675415,-138.18359375
61.59359073638916,-134.27734375
61.5974862575531,-131.34765625
61.60138177871704,-129.8828125
61.60527729988098,-128.90625
61.60917282104492,-129.39453125
61.61306834220886,-125.48828125
61.6169638633728,-118.65234375
61.62085938453674,-110.83984375
61.624754905700684,-114.2578125
61.628650426864624,-117.1875
61.632545948028564,-117.67578125
61.636441469192505,-123.53515625
61.64027786254883,-123.046875
61.64417338371277,-118.1640625
61.64806890487671,-111.328125
61.65196442604065,-104.00390625
61.65585994720459,-101.07421875
61.65975546836853,-102.5390625
61.66365098953247,-110.83984375
61.66754651069641,-113.28125
61.67144203186035,-112.79296875
61.67533755302429,-114.2578125
61.67923307418823,-114.2578125
61.68312859535217,-114.74609375
61.68699383735657,-115.72265625
61.69088935852051,-112.79296875
61.69478487968445,-109.86328125
61.69868040084839,-111.328125
61.70257592201233,-109.375
61.70647144317627,-103.02734375
61.71036696434021,-102.5390625
61.71426248550415,-109.86328125
61.71815800666809,-112.3046875
61.72205352783203,-115.234375
61.72594904899597,-110.83984375
61.72984433174133,-106.93359375
61.733673334121704,-113.76953125
61.737568855285645,-106.4453125
61.741464376449585,-92.28515625
61.745359897613525,-91.30859375
61.749255418777466,-96.6796875
61.753150939941406,-95.703125
61.75704646110535,-96.19140625
61.76094198226929,-93.26171875
61.76483750343323,-88.8671875
61.76873302459717,-87.40234375
61.77262854576111,-88.8671875
61.77652406692505,-102.5390625
61.78034949302673,-113.28125
61.784245014190674,-96.6796875
61.788140535354614,-79.58984375
61.792035818099976,-79.58984375
61.795931339263916,-76.66015625
61.799826860427856,-67.3828125
61.8037223815918,-61.03515625
61.80761790275574,-60.546875
61.81151342391968,-57.12890625
61.81540894508362,-56.15234375
61.81930446624756,-64.453125
61.8231999874115,-69.3359375
61.8270218372345,-63.96484375
61.83091735839844,-56.640625
61.83481287956238,-68.359375
61.83870840072632,-74.70703125
61.84260392189026,-71.2890625
61.8464994430542,-68.84765625
61.85039496421814,-65.4296875
61.85429048538208,-60.05859375
61.85818600654602,-54.19921875
61.86208128929138,-55.6640625
61.86597681045532,-62.98828125
61.86987233161926,-60.05859375
61.873724937438965,-51.26953125
61.877620458602905,-54.19921875
61.881515979766846,-59.5703125
61.885411500930786,-62.01171875
61.88930702209473,-60.05859375
61.89320254325867,-57.12890625
61.89709806442261,-59.5703125
61.90099358558655,-64.453125
61.90488910675049,-60.546875
61.90878438949585,-51.26953125
61.91267991065979,-54.6875
61.91657543182373,-61.03515625
61.92045712471008,-62.98828125
61.92435264587402,-62.01171875
61.928248167037964,-62.98828125
61.932143449783325,-55.17578125
61.936038970947266,-45.8984375
61.939934492111206,-50.78125
61.94383001327515,-50.29296875
61.94772553443909,-41.9921875
61.95162105560303,-39.55078125
61.95551657676697,-40.52734375
61.95941209793091,-35.15625
61.96330761909485,-28.3203125
61.96715068817139,-33.69140625
61.97104620933533,-40.0390625
61.97494173049927,-39.55078125
61.97883725166321,-40.52734375
61.98273253440857,-33.203125
61.98662805557251,-24.90234375
61.99052357673645,-25.390625
61.99441909790039,-28.80859375
61.99831461906433,-31.25
62.00221014022827,-29.296875
62.00610566139221,-26.85546875
62.01000118255615,-27.34375
62.013840675354004,-32.2265625
62.017736196517944,-35.15625
62.021631717681885,-29.296875
62.025527238845825,-23.92578125
62.029422760009766,-22.4609375
62.03331804275513,-24.90234375
62.03721356391907,-26.3671875
62.04110908508301,-20.01953125
62.04500460624695,-20.01953125
62.04890012741089,-27.83203125
62.05279564857483,-28.3203125
62.05669116973877,-22.4609375
62.060527324676514,-26.3671875
62.064422845840454,-32.71484375
62.068318128585815,-26.85546875
62.072213649749756,-18.06640625
62.076109170913696,-16.6015625
62.08000469207764,-16.6015625
62.08390021324158,-22.94921875
62.08779573440552,-23.92578125
62.09169125556946,-23.92578125
62.09558653831482,-29.296875
62.09948205947876,-33.69140625
62.1033775806427,-38.0859375
62.10724234580994,-28.80859375
62.11113786697388,-28.3203125
62.11503338813782,-27.34375
62.11892890930176,-20.01953125
62.1228244304657,-24.4140625
62.12671995162964,-21.97265625
62.130615234375,-16.11328125
62.13451075553894,-15.13671875
62.13840627670288,-20.5078125
62.14230179786682,-20.5078125
62.14619731903076,-21.97265625
62.1500928401947,-31.73828125
62.153923749923706,-33.203125
62.15781927108765,-32.71484375
62.16171479225159,-33.69140625
62.16561031341553,-32.2265625
62.16950583457947,-37.59765625
62.17340135574341,-47.36328125
62.17729687690735,-54.6875
62.18119215965271,-55.6640625
62.18508768081665,-53.22265625
62.18898320198059,-60.05859375
62.19287872314453,-66.89453125
62.19677424430847,-61.03515625
62.20059943199158,-57.6171875
62.20449471473694,-44.921875
62.20839023590088,-37.59765625
62.21228575706482,-39.0625
62.21618127822876,-41.9921875
62.2200767993927,-42.96875
62.22397232055664,-41.015625
62.227867603302,-37.59765625
62.23176312446594,-37.109375
62.23565864562988,-39.0625
62.23955416679382,-37.59765625
62.243449687957764,-30.2734375
62.24730348587036,-29.78515625
62.25119876861572,-35.15625
62.25509428977966,-41.9921875
62.2589898109436,-47.8515625
62.262885332107544,-46.875
62.266780853271484,-50.29296875
62.270676136016846,-55.17578125
62.274571657180786,-58.59375
62.27846717834473,-59.08203125
62.28236269950867,-56.15234375
62.28625822067261,-57.12890625
62.29015350341797,-59.5703125
62.29400372505188,-58.59375
62.29789924621582,-61.5234375
62.30179452896118,-57.6171875
62.30569005012512,-47.8515625
62.30958557128906,-47.8515625
62.313481092453,-49.8046875
62.31737661361694,-44.43359375
62.321271896362305,-47.8515625
62.325167417526245,-63.4765625
62.329062938690186,-72.265625
62.332958459854126,-73.73046875
62.336853981018066,-77.63671875
62.34073448181152,-85.44921875
62.344630002975464,-97.16796875
62.348525524139404,-96.19140625
62.352420806884766,-90.8203125
62.356316328048706,-98.14453125
62.36021184921265,-106.93359375
62.36410737037659,-112.3046875
62.36800265312195,-108.3984375
62.37189817428589,-108.3984375
62.37579369544983,-106.4453125
62.37968921661377,-96.6796875
62.38358473777771,-97.65625
62.38742756843567,-101.5625
62.39132308959961,-98.14453125
62.39521861076355,-97.65625
62.39911389350891,-97.65625
62.40300941467285,-92.7734375
62.40690493583679,-88.8671875
62.41080045700073,-86.9140625
62.41469597816467,-83.984375
62.418591260910034,-83.984375
62.422486782073975,-86.9140625
62.426382303237915,-88.37890625
62.430277824401855,-82.03125
62.43411731719971,-67.3828125
62.43801283836365,-63.96484375
62.44190812110901,-68.84765625
62.44580364227295,-71.77734375
62.44969916343689,-68.359375
62.45359468460083,-62.5
62.45748996734619,-58.10546875
62.46138548851013,-60.05859375
62.46528100967407,-54.19921875
62.46917653083801,-53.22265625
62.473071813583374,-53.7109375
62.476967334747314,-48.33984375
62.48080372810364,-47.8515625
62.48469924926758,-46.38671875
62.48859477043152,-41.50390625
62.49249029159546,-36.1328125
62.49638557434082,-31.25
62.50028109550476,-28.80859375
62.5041766166687,-34.1796875
62.50807213783264,-35.15625
62.511967420578,-36.1328125
62.51586294174194,-37.109375
62.519758462905884,-37.109375
62.523653984069824,-37.109375
62.52751588821411,-38.57421875
62.53141117095947,-42.96875
62.53530669212341,-46.875
62.53920221328735,-45.8984375
62.543097734451294,-34.1796875
62.546993017196655,-39.0625
62.550888538360596,-46.875
62.554784059524536,-41.9921875
62.55867958068848,-41.50390625
62.56257486343384,-48.33984375
62.56647038459778,-51.26953125
62.57036590576172,-40.0390625
62.57419443130493,-35.64453125
62.57808995246887,-37.109375
62.58198547363281,-37.59765625
62.58588099479675,-50.78125
62.589776277542114,-57.6171875
62.593671798706055,-51.7578125
62.597567319869995,-45.41015625
62.601462602615356,-48.33984375
62.6053581237793,-45.41015625
62.60925364494324,-42.96875
62.61314916610718,-47.36328125
62.61704444885254,-48.828125
62.62089967727661,-41.9921875
62.62479496002197,-34.1796875
62.62869048118591,-41.9921875
62.63258600234985,-47.36328125
62.636481285095215,-41.015625
62.640376806259155,-44.43359375
62.644272327423096,-76.66015625
62.648167848587036,-90.33203125
62.6520631313324,-98.14453125
62.65595865249634,-100.5859375
62.65985417366028,-88.37890625
62.66374945640564,-85.44921875
62.667601346969604,-87.890625
62.671496629714966,-78.125
62.675392150878906,-79.58984375
62.67928767204285,-88.8671875
62.68318295478821,-78.125
62.68707847595215,-60.546875
62.69097399711609,-55.17578125
62.69486951828003,-56.15234375
62.69876480102539,-65.91796875
62.70266032218933,-78.61328125
62.70655584335327,-83.0078125
62.71045112609863,-87.40234375
62.71429920196533,-88.37890625
62.71819472312927,-82.03125
62.72209024429321,-78.61328125
62.725985527038574,-83.49609375
62.729881048202515,-86.42578125
62.733776569366455,-78.61328125
62.737672090530396,-74.70703125
62.74156737327576,-73.2421875
62.7454628944397,-69.3359375
62.74935841560364,-71.2890625
62.753253698349,-68.84765625
62.75714921951294,-61.5234375
62.761024951934814,-64.94140625
62.764920473098755,-65.91796875
62.768815994262695,-57.6171875
62.77271127700806,-49.31640625
62.776606798172,-45.41015625
62.78050231933594,-56.15234375
62.7843976020813,-54.19921875
62.78829312324524,-43.9453125
62.79218864440918,-41.50390625
62.79608392715454,-40.52734375
62.79997944831848,-36.62109375
62.80387496948242,-32.2265625
62.80771565437317,-42.96875
62.81161093711853,-53.7109375
62.81550645828247,-50.78125
62.81940197944641,-45.41015625
62.82329726219177,-42.48046875
62.82719278335571,-39.0625
62.83108830451965,-33.203125
62.834983587265015,-35.64453125
62.838879108428955,-40.0390625
62.842774629592896,-36.1328125
62.84666991233826,-28.3203125
62.8505654335022,-23.4375
62.85443425178528,-28.80859375
62.85832977294922,-31.73828125
62.86222505569458,-33.203125
62.86612057685852,-30.2734375
62.87001609802246,-22.4609375
62.87391138076782,-20.99609375
62.87780690193176,-17.08984375
62.8817024230957,-17.578125
62.885597705841064,-22.4609375
62.889493227005005,-23.4375
62.893388748168945,-27.83203125
62.89728403091431,-34.66796875
62.90111756324768,-36.1328125
62.90501284599304,-28.3203125
62.90890836715698,-24.90234375
62.91280388832092,-30.76171875
62.916699171066284,-30.2734375
62.920594692230225,-28.80859375
62.924489974975586,-39.0625
62.928385496139526,-38.57421875
62.93228101730347,-35.15625
62.93617630004883,-33.203125
62.94007182121277,-32.71484375
62.94396734237671,-37.109375
62.94782900810242,-37.59765625
62.95172452926636,-34.1796875
62.95561981201172,-32.2265625
62.95951533317566,-31.25
62.96341061592102,-29.78515625
62.96730613708496,-28.80859375
62.9712016582489,-32.71484375
62.97509694099426,-35.15625
62.9789924621582,-33.203125
62.982887983322144,-32.71484375
62.986783266067505,-31.73828125
62.990678787231445,-40.52734375
62.99456810951233,-42.48046875
62.99846363067627,-36.1328125
63.00235915184021,-42.48046875
63.00625443458557,-47.8515625
63.01014995574951,-50.78125
63.01404547691345,-57.12890625
63.01794075965881,-60.05859375
63.021836280822754,-53.22265625
63.025731801986694,-46.38671875
63.029627084732056,-43.9453125
63.033522605895996,-41.50390625
63.03741788864136,-41.9921875
63.04127216339111,-44.43359375
63.045167684555054,-46.38671875
63.049062967300415,-40.52734375
63.052958488464355,-34.1796875
63.056854009628296,-42.48046875
63.06074929237366,-41.015625
63.0646448135376,-27.83203125
63.06854033470154,-27.34375
63.0724356174469,-31.25
63.07633113861084,-36.1328125
63.0802264213562,-44.921875
63.08412194252014,-45.8984375
63.08797264099121,-50.78125
63.09186816215515,-55.17578125
63.09576344490051,-43.45703125
63.09965896606445,-40.52734375
63.103554248809814,-41.015625
63.107449769973755,-40.0390625
63.111345291137695,-43.9453125
63.11524057388306,-47.36328125
63.119136095047,-41.9921875
63.12303161621094,-41.015625
63.1269268989563,-38.0859375
63.13082242012024,-38.57421875
63.13466954231262,-46.875
63.13856506347656,-48.33984375
63.1424605846405,-53.7109375
63.146355867385864,-61.5234375
63.150251388549805,-57.12890625
63.154146671295166,-50.78125
63.158042192459106,-45.8984375
63.16193771362305,-43.9453125
63.16583299636841,-52.24609375
63.16972851753235,-53.7109375
63.17362403869629,-46.875
63.17751932144165,-43.45703125
63.18139696121216,-38.57421875
63.18529224395752,-36.1328125
63.18918776512146,-40.0390625
63.1930832862854,-37.59765625
63.19697856903076,-34.1796875
63.2008740901947,-35.15625
63.20476937294006,-39.55078125
63.208664894104004,-39.0625
63.212560415267944,-27.34375
63.216455698013306,-25.87890625
63.220351219177246,-30.2734375
63.22424650192261,-28.3203125
63.228087186813354,-22.94921875
63.231982707977295,-27.34375
63.235877990722656,-31.73828125
63.2397735118866,-27.83203125
63.24366879463196,-29.296875
63.2475643157959,-34.1796875
63.25145983695984,-33.203125
63.2553551197052,-29.296875
63.25925064086914,-30.2734375
63.2631459236145,-29.78515625
63.26704144477844,-27.34375
63.270936727523804,-23.92578125
63.27477550506592,-18.06640625
63.27867078781128,-18.06640625
63.28256630897522,-16.11328125
63.28646183013916,-15.13671875
63.29035711288452,-18.06640625
63.29425263404846,-23.4375
63.29814791679382,-23.92578125
63.302043437957764,-26.3671875
63.305938720703125,-32.71484375
63.309834241867065,-30.76171875
63.313729763031006,-30.2734375
63.31762504577637,-30.2734375
63.32145857810974,-30.2734375
63.32535409927368,-35.64453125
63.32924962043762,-35.64453125
63.33314490318298,-30.76171875
63.337040424346924,-37.109375
63.340935707092285,-41.9921875
63.344831228256226,-44.43359375
63.34872651100159,-50.29296875
63.35262203216553,-42.96875
63.35651731491089,-38.57421875
63.36041283607483,-37.59765625
63.36430835723877,-31.25
63.36816930770874,-34.1796875
63.37206482887268,-33.69140625
63.37596011161804,-33.69140625
63.37985563278198,-37.109375
63.383750915527344,-41.9921875
63.387646436691284,-49.8046875
63.391541719436646,-48.828125
63.395437240600586,-42.48046875
63.39933252334595,-42.48046875
63.40322804450989,-47.8515625
63.40712356567383,-48.33984375
63.41101884841919,-44.921875
63.41491198539734,-44.921875
63.4188072681427,-53.22265625
63.42270278930664,-52.734375
63.426598072052,-53.7109375
63.43049359321594,-57.6171875
63.434388875961304,-60.546875
63.438284397125244,-56.15234375
63.442179679870605,-47.36328125
63.446075201034546,-47.36328125
63.449970722198486,-44.921875
63.45386600494385,-46.875
63.45776152610779,-50.78125
63.46161508560181,-43.45703125
63.46551060676575,-42.48046875
63.46940588951111,-42.96875
63.47330141067505,-37.109375
63.47719669342041,-31.73828125
63.48109221458435,-29.296875
63.48498749732971,-28.3203125
63.48888301849365,-24.90234375
63.49277853965759,-23.92578125
63.496673822402954,-30.2734375
63.500569343566895,-31.25
63.504464626312256,-33.203125
63.508315086364746,-37.109375
63.51221036911011,-33.203125
63.51610589027405,-27.83203125
63.52000117301941,-27.83203125
63.52389669418335,-31.73828125
63.52779197692871,-31.73828125
63.53168749809265,-33.203125
63.53558301925659,-39.0625
63.53947830200195,-46.38671875
63.543373823165894,-48.828125
63.547269105911255,-48.33984375
63.551164627075195,-53.22265625
63.55501127243042,-48.33984375
63.55890679359436,-50.78125
63.56280207633972,-56.15234375
63.56669759750366,-46.38671875
63.57059288024902,-45.41015625
63.574488401412964,-50.78125
63.578383684158325,-47.8515625
63.582279205322266,-48.33984375
63.58617448806763,-51.7578125
63.59007000923157,-50.29296875
63.59396529197693,-45.8984375
63.59786081314087,-41.50390625
63.60173511505127,-38.0859375
63.60563039779663,-35.64453125
63.60952591896057,-38.0859375
63.61342144012451,-41.50390625
63.61731672286987,-39.55078125
63.62121224403381,-30.2734375
63.625107526779175,-32.71484375
63.629003047943115,-31.73828125
63.63289833068848,-28.80859375
63.63679385185242,-31.73828125
63.64068913459778,-33.69140625
63.64458465576172,-36.62109375
63.64842462539673,-30.76171875
63.65232014656067,-39.55078125
63.65621542930603,-50.78125
63.66011095046997,-44.921875
63.66400623321533,-35.64453125
63.66790175437927,-25.390625
63.671797037124634,-23.4375
63.675692558288574,-27.83203125
63.679587841033936,-31.25
63.683483362197876,-24.90234375
63.68737864494324,-22.4609375
63.69127416610718,-22.94921875
63.695109605789185,-25.87890625
63.699005126953125,-25.87890625
63.702900409698486,-22.4609375
63.70679593086243,-20.99609375
63.71069121360779,-14.16015625
63.71458673477173,-18.06640625
63.71848201751709,-22.4609375
63.72237753868103,-17.08984375
63.72627282142639,-14.16015625
63.73016834259033,-16.6015625
63.73406362533569,-21.484375
63.737959146499634,-23.4375
63.74182319641113,-19.04296875
63.745718479156494,-20.01953125
63.749614000320435,-31.25
63.753509283065796,-41.015625
63.757404804229736,-39.0625
63.7613000869751,-29.78515625
63.76519560813904,-27.34375
63.7690908908844,-30.2734375
63.77298641204834,-35.64453125
63.7768816947937,-31.73828125
63.78077721595764,-25.87890625
63.784672498703,-27.83203125
63.788533210754395,-27.34375
63.792428731918335,-31.25
63.796324014663696,-30.2734375
63.80021953582764,-25.87890625
63.804114818573,-33.203125
63.80801033973694,-38.57421875
63.8119056224823,-41.9921875
63.81580114364624,-43.9453125
63.8196964263916,-46.875
63.82359194755554,-44.43359375
63.8274872303009,-37.109375
63.831382751464844,-39.55078125
63.835270404815674,-38.0859375
63.839165925979614,-33.69140625
63.843061208724976,-35.15625
63.846956729888916,-36.62109375
63.85085201263428,-30.76171875
63.85474729537964,-29.78515625
63.85864281654358,-30.2734375
63.86253809928894,-33.69140625
63.86643362045288,-39.0625
63.87032890319824,-41.015625
63.87422442436218,-41.015625
63.878119707107544,-35.15625
63.88197302818298,-34.66796875
63.885868310928345,-32.2265625
63.889763832092285,-33.203125
63.89365911483765,-45.8984375
63.89755439758301,-39.55078125
63.90144991874695,-23.92578125
63.90534520149231,-21.97265625
63.90924072265625,-22.94921875
63.91313600540161,-22.94921875
63.91703152656555,-21.97265625
63.92092680931091,-21.97265625
63.92482233047485,-23.4375
63.928672075271606,-22.4609375
63.93256735801697,-20.99609375
63.93646287918091,-20.5078125
63.94035816192627,-23.4375
63.94425344467163,-18.06640625
63.94814896583557,-12.20703125
63.95204424858093,-9.765625
63.95593976974487,-9.765625
63.959835052490234,-12.6953125
63.963730573654175,-18.5546875
63.967625856399536,-27.83203125
63.97152137756348,-24.90234375
63.97536754608154,-22.4609375
63.979262828826904,-22.4609375
63.983158111572266,-26.3671875
63.987053632736206,-37.59765625
63.99094891548157,-38.57421875
63.99484443664551,-36.62109375
63.99873971939087,-35.64453125
64.00263524055481,-30.2734375
64.00653052330017,-28.3203125
64.01042604446411,-29.78515625
64.01432132720947,-28.80859375
64.01821660995483,-32.71484375
64.02209067344666,-35.15625
64.02598595619202,-30.2734375
64.02988123893738,-29.78515625
64.03377676010132,-35.64453125
64.03767204284668,-39.55078125
64.04156756401062,-42.48046875
64.04546284675598,-47.8515625
64.04935836791992,-42.96875
64.05325365066528,-35.15625
64.05714893341064,-31.73828125
64.06104445457458,-34.66796875
64.06493973731995,-31.25
64.0687792301178,-27.34375
64.07267451286316,-31.25
64.0765700340271,-35.15625
64.08046531677246,-33.203125
64.0843608379364,-31.25
64.08825612068176,-32.71484375
64.0921516418457,-34.1796875
64.09604692459106,-31.25
64.09994220733643,-28.3203125
64.10383772850037,-27.83203125
64.10773301124573,-36.62109375
64.11162853240967,-41.9921875
64.11549520492554,-40.0390625
64.11939072608948,-46.875
64.12328600883484,-51.7578125
64.1271812915802,-43.9453125
64.13107681274414,-37.59765625
64.1349720954895,-41.50390625
64.13886761665344,-39.55078125
64.1427628993988,-41.015625
64.14665818214417,-41.50390625
64.1505537033081,-38.0859375
64.15444898605347,-36.1328125
64.15834450721741,-38.57421875
64.16220879554749,-37.109375
64.16610407829285,-38.57421875
64.16999959945679,-34.66796875
64.17389488220215,-24.90234375
64.17779040336609,-23.4375
64.18168568611145,-29.78515625
64.18558096885681,-32.71484375
64.18947649002075,-26.3671875
64.19337177276611,-22.4609375
64.19726729393005,-26.3671875
64.20116257667542,-36.1328125
64.20505785942078,-30.2734375
64.20891761779785,-28.3203125
64.21281313896179,-41.50390625
64.21670842170715,-40.0390625
64.2206039428711,-32.2265625
64.22449922561646,-33.203125
64.22839450836182,-41.9921875
64.23229002952576,-48.33984375
64.23618531227112,-50.78125
64.24008083343506,-52.734375
64.24397611618042,-46.875
64.24787139892578,-41.50390625
64.25176692008972,-40.0390625
64.2556540966034,-41.50390625
64.25954961776733,-41.50390625
64.2634449005127,-41.9921875
64.26734042167664,-39.55078125
64.271235704422,-31.25
64.27513098716736,-37.59765625
64.2790265083313,-37.109375
64.28292179107666,-34.1796875
64.2868173122406,-34.66796875
64.29071259498596,-33.203125
64.29460787773132,-44.921875
64.29850339889526,-45.41015625
64.30235648155212,-43.45703125
64.30625176429749,-50.29296875
64.31014704704285,-61.5234375
64.31404256820679,-63.96484375
64.31793785095215,-56.15234375
64.32183337211609,-58.10546875
64.32572865486145,-62.5
64.32962393760681,-57.12890625
64.33351945877075,-52.734375
64.33741474151611,-49.31640625
64.34131002426147,-42.48046875
64.34520554542542,-36.1328125
64.34905481338501,-39.0625
64.35295009613037,-43.45703125
64.35684537887573,-42.48046875
64.36074090003967,-39.55078125
64.36463618278503,-39.0625
64.36853170394897,-42.48046875
64.37242698669434,-46.875
64.3763222694397,-41.50390625
64.38021779060364,-39.0625
64.384113073349,-41.50390625
64.38800835609436,-39.0625
64.3919038772583,-47.36328125
64.39575219154358,-66.40625
64.39964747428894,-60.05859375
64.40354299545288,-50.78125
64.40743827819824,-52.734375
64.4113335609436,-53.7109375
64.41522908210754,-53.7109375
64.4191243648529,-58.59375
64.42301964759827,-62.98828125
64.4269151687622,-67.87109375
64.43081045150757,-70.3125
64.43470597267151,-57.12890625
64.43860125541687,-52.734375
64.44247913360596,-57.6171875
64.44637441635132,-51.7578125
64.45026993751526,-43.9453125
64.45416522026062,-45.41015625
64.45806050300598,-43.9453125
64.46195602416992,-43.45703125
64.46585130691528,-41.50390625
64.46974682807922,-39.55078125
64.47364211082458,-45.41015625
64.47753739356995,-48.33984375
64.48143291473389,-32.2265625
64.48532819747925,-29.296875
64.4892327785492,-36.62109375
64.49312829971313,-35.15625
64.4970235824585,-30.2734375
64.50091886520386,-23.4375
64.5048143863678,-26.85546875
64.50870966911316,-30.2734375
64.51260495185852,-26.3671875
64.51650047302246,-20.5078125
64.52039575576782,-18.5546875
64.52429127693176,-24.90234375
64.52818655967712,-30.2734375
64.53208184242249,-32.2265625
64.53595399856567,-33.203125
64.53984951972961,-31.25
64.54374480247498,-26.85546875
64.54764008522034,-25.390625
64.55153560638428,-33.69140625
64.55543088912964,-34.66796875
64.559326171875,-29.78515625
64.56322169303894,-28.3203125
64.5671169757843,-32.71484375
64.57101249694824,-36.62109375
64.5749077796936,-37.59765625
64.57880306243896,-34.66796875
64.58267164230347,-31.25
64.58656692504883,-32.71484375
64.59046244621277,-34.66796875
64.59435772895813,-29.78515625
64.59825301170349,-28.3203125
64.60214853286743,-27.34375
64.6060438156128,-26.85546875
64.60993909835815,-28.80859375
64.6138346195221,-30.76171875
64.61772990226746,-26.3671875
64.6216254234314,-27.83203125
64.62552070617676,-40.52734375
64.62938809394836,-41.50390625
64.63328337669373,-38.0859375
64.63717889785767,-39.55078125
64.64107418060303,-45.41015625
64.64496946334839,-48.33984375
64.64886498451233,-38.0859375
64.65276026725769,-34.66796875
64.65665555000305,-36.1328125
64.66055107116699,-35.64453125
64.66444635391235,-35.15625
64.66834163665771,-28.3203125
64.67223715782166,-30.76171875
64.67613172531128,-35.15625
64.68002700805664,-32.2265625
64.68392252922058,-33.69140625
64.68781781196594,-33.69140625
64.6917130947113,-33.69140625
64.69560861587524,-36.62109375
64.6995038986206,-36.1328125
64.70339918136597,-30.76171875
64.70729470252991,-32.71484375
64.71118998527527,-35.64453125
64.71508526802063,-37.59765625
64.71898078918457,-40.52734375
64.72284293174744,-37.59765625
64.72673845291138,-36.1328125
64.73063373565674,-28.80859375
64.7345290184021,-24.90234375
64.73842453956604,-27.83203125
64.7423198223114,-30.76171875
64.74621510505676,-29.78515625
64.7501106262207,-26.3671875
64.75400590896606,-28.3203125
64.75790119171143,-29.296875
64.76179671287537,-32.71484375
64.76569199562073,-37.109375
64.76955080032349,-38.57421875
64.77344632148743,-34.66796875
64.77734160423279,-33.69140625
64.78123688697815,-44.43359375
64.78513240814209,-47.36328125
64.78902769088745,-41.50390625
64.79292297363281,-41.9921875
64.79681849479675,-47.36328125
64.80071377754211,-49.8046875
64.80460906028748,-52.734375
64.80850434303284,-54.6875
64.81239986419678,-55.17578125
64.81625962257385,-53.22265625
64.82015490531921,-50.78125
64.82405018806458,-48.828125
64.82794570922852,-50.29296875
64.83184099197388,-46.875
64.83573627471924,-40.52734375
64.83963179588318,-38.0859375
64.84352707862854,-33.69140625
64.8474223613739,-32.71484375
64.85131764411926,-35.64453125
64.8552131652832,-40.52734375
64.85910844802856,-40.0390625
64.86299514770508,-38.0859375
64.86689043045044,-46.38671875
64.8707857131958,-41.50390625
64.87468123435974,-29.78515625
64.8785765171051,-30.76171875
64.88247179985046,-34.1796875
64.8863673210144,-29.78515625
64.89026260375977,-32.2265625
64.89415788650513,-35.15625
64.89805340766907,-32.2265625
64.90194869041443,-30.2734375
64.90584397315979,-28.3203125
64.90975999832153,-26.85546875
64.91365551948547,-23.92578125
64.91755080223083,-23.92578125
64.9214460849762,-22.94921875
64.92534160614014,-18.06640625
64.9292368888855,-20.5078125
64.93313217163086,-24.90234375
64.93702745437622,-23.92578125
64.94092297554016,-24.4140625
64.94481825828552,-28.80859375
64.94871354103088,-31.73828125
64.95260906219482,-28.80859375
64.9564905166626,-24.4140625
64.96038579940796,-27.34375
64.96428108215332,-30.2734375
64.96817636489868,-26.85546875
64.97207188606262,-24.90234375
64.97596716880798,-27.34375
64.97986245155334,-22.94921875
64.98375797271729,-20.99609375
64.98765325546265,-20.5078125
64.99154853820801,-20.5078125
64.99544405937195,-24.90234375
64.99933934211731,-31.73828125
65.00321769714355,-36.62109375
65.0071132183075,-36.62109375
65.01100850105286,-34.66796875
65.01490378379822,-35.64453125
65.01879930496216,-40.0390625
65.02269458770752,-37.59765625
65.02658987045288,-39.55078125
65.03048515319824,-40.0390625
65.03438067436218,-44.921875
65.03827595710754,-46.38671875
65.0421712398529,-45.41015625
65.04606676101685,-54.6875
65.04994320869446,-54.6875
65.05383849143982,-54.6875
65.05773401260376,-50.78125
65.06162929534912,-43.45703125
65.06552457809448,-39.55078125
65.06941986083984,-41.50390625
65.07331538200378,-45.41015625
65.07721066474915,-46.875
65.0811059474945,-46.38671875
65.08500146865845,-46.875
65.08889675140381,-43.45703125
65.09279203414917,-40.0390625
65.0966956615448,-46.38671875
65.10059094429016,-51.7578125
65.10448622703552,-46.875
65.10838174819946,-46.875
65.11227703094482,-45.8984375
65.11617231369019,-43.45703125
65.12006783485413,-41.9921875
65.12396311759949,-45.41015625
65.12785840034485,-44.43359375
65.13175392150879,-39.55078125
65.13564920425415,-45.8984375
65.13954448699951,-51.26953125
65.14341592788696,-43.9453125
65.14731121063232,-42.96875
65.15120673179626,-43.9453125
65.15510201454163,-37.59765625
65.15899729728699,-37.109375
65.16289258003235,-41.9921875
65.16678810119629,-39.0625
65.17068338394165,-39.0625
65.17457866668701,-50.29296875
65.17847418785095,-57.12890625
65.18236947059631,-62.01171875
65.18626475334167,-59.08203125
65.19013261795044,-64.453125
65.19402813911438,-59.5703125
65.19792342185974,-46.875
65.2018187046051,-47.8515625
65.20571422576904,-44.43359375
65.2096095085144,-40.52734375
65.21350479125977,-37.59765625
65.2174003124237,-35.15625
65.22129559516907,-33.69140625
65.22519087791443,-35.15625
65.22908616065979,-36.1328125
65.23298168182373,-35.64453125
65.23687839508057,-41.50390625
65.2407739162445,-42.48046875
65.24466919898987,-36.62109375
65.24856448173523,-32.71484375
65.25245976448059,-40.0390625
65.25635528564453,-50.29296875
65.26025056838989,-53.7109375
65.26414585113525,-59.08203125
65.2680413722992,-64.94140625
65.27193665504456,-62.01171875
65.27583193778992,-62.01171875
65.27972722053528,-65.91796875
65.28362274169922,-65.4296875
65.28751802444458,-64.453125
65.29141330718994,-61.5234375
65.29530882835388,-62.5
65.29920411109924,-68.84765625
65.3030993938446,-69.3359375
65.30699491500854,-66.89453125
65.3108901977539,-58.10546875
65.31478548049927,-42.96875
65.31868076324463,-40.52734375
65.32257628440857,-37.59765625
65.32647156715393,-34.66796875
65.33039402961731,-29.296875
65.33428931236267,-31.25
65.33818483352661,-36.62109375
65.34208011627197,-36.1328125
65.34597539901733,-39.55078125
65.34987092018127,-45.41015625
65.35376620292664,-43.45703125
65.357661485672,-44.921875
65.36155676841736,-45.8984375
65.3654522895813,-41.9921875
65.36934757232666,-38.57421875
65.37324285507202,-41.015625
65.3771333694458,-44.43359375
65.38102889060974,-41.9921875
65.3849241733551,-46.38671875
65.38881945610046,-46.875
65.39271473884583,-33.203125
65.39661026000977,-29.296875
65.40050554275513,-32.2265625
65.40440082550049,-33.203125
65.40829634666443,-34.1796875
65.41219162940979,-32.2265625
65.41608691215515,-34.1796875
65.41998243331909,-36.1328125
65.4238691329956,-31.25
65.42776441574097,-28.80859375
65.43165969848633,-32.71484375
65.43555521965027,-32.71484375
65.43945050239563,-24.90234375
65.44334578514099,-21.484375
65.44724130630493,-20.99609375
65.4511365890503,-17.578125
65.45503187179565,-9.765625
65.4589273929596,-5.37109375
65.46282267570496,-9.765625
65.46671795845032,-13.18359375
65.47060346603394,-14.16015625
65.47449898719788,-15.13671875
65.47839426994324,-21.97265625
65.4822895526886,-26.85546875
65.48618507385254,-23.92578125
65.4900803565979,-27.34375
65.49397563934326,-36.62109375
65.49787092208862,-37.59765625
65.50176644325256,-38.57421875
65.50566172599792,-43.45703125
65.50955700874329,-39.0625
65.51345252990723,-37.59765625
65.5173647403717,-43.45703125
65.52126026153564,-47.36328125
65.525155544281,-43.45703125
65.52905082702637,-42.48046875
65.53294634819031,-42.96875
65.53684163093567,-36.1328125
65.54073691368103,-31.25
65.54463243484497,-25.87890625
65.54852771759033,-21.97265625
65.5524230003357,-28.3203125
65.55631828308105,-36.62109375
65.560213804245,-42.96875
65.56409406661987,-43.45703125
65.56798934936523,-40.52734375
65.5718846321106,-33.203125
65.57578015327454,-32.2265625
65.5796754360199,-32.2265625
65.58357071876526,-32.71484375
65.5874662399292,-38.57421875
65.59136152267456,-36.1328125
65.59525680541992,-34.1796875
65.59915208816528,-36.62109375
65.60304760932922,-33.203125
65.60694289207458,-35.15625
65.6108500957489,-40.52734375
65.61474537849426,-39.55078125
65.61864066123962,-34.66796875
65.62253618240356,-36.1328125
65.62643146514893,-41.50390625
65.63032674789429,-45.8984375
65.63422203063965,-44.43359375
65.63811755180359,-44.43359375
65.64201283454895,-51.26953125
65.64590811729431,-53.22265625
65.64980363845825,-54.19921875
65.65369892120361,-50.78125
65.65760469436646,-48.828125
65.66149997711182,-51.26953125
65.66539525985718,-53.7109375
65.66929078102112,-54.19921875
65.67318606376648,-46.875
65.67708134651184,-45.41015625
65.68097686767578,-46.38671875
65.68487215042114,-41.50390625
65.6887674331665,-44.921875
65.69266271591187,-48.33984375
65.6965582370758,-45.41015625
65.70045351982117,-40.52734375
65.70435547828674,-37.59765625
65.70825099945068,-39.0625
65.71214628219604,-38.57421875
65.7160415649414,-36.62109375
65.71993684768677,-41.50390625
65.72383236885071,-39.0625
65.72772765159607,-41.015625
65.73162293434143,-40.0390625
65.73551845550537,-34.1796875
65.73941373825073,-38.0859375
65.7433090209961,-40.52734375
65.74720454216003,-40.0390625
65.75113534927368,-43.9453125
65.75503087043762,-41.9921875
65.75892615318298,-41.015625
65.76282143592834,-43.9453125
65.76671695709229,-38.0859375
65.77061223983765,-33.69140625
65.77450752258301,-33.203125
65.77840280532837,-32.2265625
65.78229832649231,-35.64453125
65.78619360923767,-36.62109375
65.79008889198303,-36.62109375
65.79398441314697,-42.96875
65.79788208007812,-43.9453125
65.80177736282349,-41.015625
65.80567264556885,-38.57421875
65.80956792831421,-34.66796875
65.81346344947815,-37.109375
65.81735873222351,-41.015625
65.82125401496887,-41.50390625
65.82514953613281,-35.15625
65.82904481887817,-31.25
65.83294010162354,-29.296875
65.83683562278748,-32.2265625
65.84073090553284,-32.2265625
65.84462475776672,-30.2734375
65.84852004051208,-32.71484375
65.85241532325745,-37.109375
65.85631084442139,-37.59765625
65.86020612716675,-43.45703125
65.86410140991211,-49.8046875
65.86799693107605,-45.41015625
65.87189221382141,-41.9921875
65.87578749656677,-35.15625
65.87968301773071,-28.3203125
65.88357830047607,-33.69140625
65.88747358322144,-38.57421875
65.89136576652527,-36.1328125
65.89526104927063,-39.0625
65.89915633201599,-41.015625
65.90305185317993,-37.109375
65.9069471359253,-34.66796875
65.91084241867065,-33.69140625
65.91473770141602,-37.59765625
65.91863322257996,-45.41015625
65.92252850532532,-42.48046875
65.92642378807068,-35.64453125
65.93031930923462,-41.50390625
65.93421459197998,-43.45703125
65.9381353855133,-38.57421875
65.94203090667725,-35.15625
65.94592618942261,-28.3203125
65.94982147216797,-27.34375
65.95371699333191,-27.34375
65.95761227607727,-22.94921875
65.96150755882263,-18.06640625
65.96540307998657,-20.99609375
65.96929836273193,-25.87890625
65.9731936454773,-29.296875
65.97708916664124,-27.34375
65.9809844493866,-20.5078125
65.98493194580078,-20.99609375
65.98882722854614,-26.85546875
65.99272274971008,-31.73828125
65.99661803245544,-30.2734375
66.0005133152008,-28.3203125
66.00440883636475,-32.2265625
66.00830411911011,-28.3203125
66.01219940185547,-22.4609375
66.01609468460083,-23.92578125
66.01999020576477,-32.2265625
66.02388548851013,-33.203125
66.0277807712555,-29.78515625
66.03169655799866,-32.71484375
66.0355920791626,-39.0625
66.03948736190796,-38.0859375
66.04338264465332,-34.66796875
66.04727816581726,-32.71484375
66.05117344856262,-35.15625
66.05506873130798,-28.80859375
66.05896425247192,-26.85546875
66.06285953521729,-35.15625
66.06675481796265,-41.015625
66.07065033912659,-36.1328125
66.07454562187195,-33.203125
66.07845759391785,-39.0625
66.08235287666321,-36.1328125
66.08624839782715,-37.59765625
66.09014368057251,-41.9921875
66.09403896331787,-39.0625
66.09793448448181,-34.66796875
66.10182976722717,-28.3203125
66.10572504997253,-25.390625
66.10962057113647,-33.69140625
66.11351585388184,-34.66796875
66.1174111366272,-33.203125
66.12130665779114,-37.59765625
66.12521505355835,-40.0390625
66.12911033630371,-37.109375
66.13300585746765,-38.57421875
66.13690114021301,-36.62109375
66.14079642295837,-27.83203125
66.14469194412231,-23.4375
66.14858722686768,-22.94921875
66.15248250961304,-28.3203125
66.15637803077698,-31.25
66.16027331352234,-32.2265625
66.16416883468628,-34.1796875
66.16806411743164,-29.78515625
66.17200112342834,-26.85546875
66.1758964061737,-23.92578125
66.17979168891907,-24.4140625
66.18368721008301,-38.57421875
66.18758249282837,-45.8984375
66.19147777557373,-38.0859375
66.19537329673767,-34.1796875
66.19926857948303,-34.66796875
66.2031638622284,-40.0390625
66.20705938339233,-44.921875
66.2109546661377,-46.875
66.21484994888306,-50.78125
66.21875333786011,-52.734375
66.22264862060547,-54.6875
66.22654414176941,-56.640625
66.23043942451477,-56.15234375
66.23433470726013,-56.640625
66.23823022842407,-59.08203125
66.24212551116943,-56.640625
66.24602103233337,-53.7109375
66.24991631507874,-62.5
66.2538115978241,-53.22265625
66.25770711898804,-32.71484375
66.2616024017334,-33.203125
66.2655041217804,-37.59765625
66.26939964294434,-31.73828125
66.2732949256897,-29.296875
66.27719020843506,-37.109375
66.281085729599,-42.48046875
66.28498101234436,-42.96875
66.28887629508972,-35.15625
66.29277181625366,-33.69140625
66.29666709899902,-33.203125
66.30056238174438,-29.78515625
66.30445790290833,-31.25
66.30835318565369,-27.83203125
66.3122832775116,-30.2734375
66.31617856025696,-31.25
66.3200740814209,-21.97265625
66.32396936416626,-18.5546875
66.32786464691162,-24.4140625
66.33176016807556,-30.2734375
66.33565545082092,-30.2734375
66.33955073356628,-23.92578125
66.34344625473022,-22.94921875
66.34734153747559,-19.04296875
66.35123682022095,-17.578125
66.35513234138489,-24.90234375
66.35905933380127,-29.78515625
66.36295461654663,-29.296875
66.36685013771057,-31.25
66.37074542045593,-35.15625
66.37464094161987,-34.66796875
66.37853622436523,-40.52734375
66.3824315071106,-45.8984375
66.38632702827454,-39.0625
66.3902223110199,-34.66796875
66.39411759376526,-36.62109375
66.3980131149292,-38.0859375
66.40190839767456,-41.50390625
66.40586161613464,-36.1328125
66.40975689888,-30.2734375
66.41365218162537,-33.203125
66.4175477027893,-40.0390625
66.42144298553467,-44.43359375
66.42533850669861,-35.15625
66.42923378944397,-35.64453125
66.43312907218933,-42.96875
66.43702459335327,-47.36328125
66.44091987609863,-45.41015625
66.44481539726257,-46.875
66.44871068000793,-52.734375
66.452632188797,-48.33984375
66.45652770996094,-43.45703125
66.4604229927063,-43.45703125
66.46431851387024,-45.8984375
66.4682137966156,-44.43359375
66.47210907936096,-49.31640625
66.4760046005249,-57.6171875
66.47989988327026,-52.734375
66.4837954044342,-48.828125
66.48769068717957,-52.24609375
66.49158596992493,-47.36328125
66.49548149108887,-44.921875
66.49939942359924,-50.29296875
66.50329494476318,-46.875
66.50719022750854,-37.59765625
66.51108574867249,-38.0859375
66.51498103141785,-41.015625
66.51887631416321,-42.48046875
66.52277183532715,-44.43359375
66.52666711807251,-53.22265625
66.53056263923645,-61.5234375
66.53445792198181,-56.15234375
66.53835320472717,-49.31640625
66.54224872589111,-49.31640625
66.54616522789001,-45.8984375
66.55006051063538,-41.50390625
66.55395603179932,-42.96875
66.55785131454468,-44.43359375
66.56174659729004,-50.29296875
66.56564211845398,-54.6875
66.56953740119934,-48.828125
66.5734326839447,-47.36328125
66.57732820510864,-53.7109375
66.581223487854,-52.24609375
66.58511900901794,-46.38671875
66.5890142917633,-52.24609375
66.59295749664307,-53.7109375
66.59685277938843,-46.875
66.60074806213379,-44.921875
66.60464358329773,-41.015625
66.60853886604309,-41.50390625
66.61243438720703,-41.015625
66.61632966995239,-39.55078125
66.62022495269775,-41.50390625
66.6241204738617,-34.1796875
66.62801575660706,-27.83203125
66.631911277771,-34.66796875
66.63580656051636,-38.57421875
66.63971590995789,-29.78515625
66.64361143112183,-20.99609375
66.64750671386719,-26.3671875
66.65140199661255,-37.109375
66.65529751777649,-25.87890625
66.65919280052185,-20.5078125
66.66308832168579,-30.76171875
66.66698360443115,-36.1328125
66.67087888717651,-33.203125
66.67477440834045,-33.69140625
66.67866969108582,-44.921875
66.68256521224976,-38.0859375
66.68647360801697,-26.3671875
66.69036912918091,-37.109375
66.69426441192627,-35.64453125
66.69815969467163,-35.15625
66.70205521583557,-41.50390625
66.70595049858093,-44.921875
66.70984601974487,-46.875
66.71374130249023,-43.45703125
66.7176365852356,-32.71484375
66.72153210639954,-35.15625
66.7254273891449,-43.9453125
66.72932291030884,-46.38671875
66.73325705528259,-40.0390625
66.73715233802795,-33.69140625
66.7410478591919,-42.96875
66.74494314193726,-49.8046875
66.74883842468262,-50.78125
66.75273394584656,-49.31640625
66.75662922859192,-55.17578125
66.76052474975586,-53.22265625
66.76442003250122,-46.38671875
66.76831555366516,-50.78125
66.77221083641052,-55.6640625
66.77610611915588,-55.6640625
66.78003883361816,-50.78125
66.78393411636353,-52.24609375
66.78782939910889,-52.24609375
66.79172492027283,-47.36328125
66.79562020301819,-51.7578125
66.79951572418213,-56.15234375
66.80341100692749,-54.6875
66.80730652809143,-50.78125
66.81120181083679,-51.26953125
66.81509709358215,-55.17578125
66.8189926147461,-48.828125
66.82288789749146,-48.828125
66.82684683799744,-48.33984375
66.83074235916138,-43.45703125
66.83463764190674,-38.0859375
66.8385329246521,-43.45703125
66.84242844581604,-48.828125
66.8463237285614,-41.9921875
66.85021924972534,-42.48046875
66.8541145324707,-38.0859375
66.85801005363464,-35.64453125
66.86190533638,-31.73828125
66.86580085754395,-26.3671875
66.8696961402893,-31.25
66.87362360954285,-29.296875
66.87751913070679,-30.2734375
66.88141441345215,-28.80859375
66.88530969619751,-26.85546875
66.88920521736145,-29.78515625
66.89310050010681,-31.25
66.89699602127075,-36.62109375
66.90089130401611,-39.55078125
66.90478682518005,-33.203125
66.90868210792542,-30.2734375
66.91257762908936,-32.2265625
66.91647291183472,-33.203125
66.92039680480957,-28.80859375
66.92429208755493,-25.390625
66.92818760871887,-22.4609375
66.93208289146423,-16.11328125
66.93597841262817,-16.6015625
66.93987369537354,-21.97265625
66.94376921653748,-20.5078125
66.94766449928284,-22.4609375
66.9515597820282,-24.90234375
66.95545530319214,-21.97265625
66.9593505859375,-22.4609375
66.96324610710144,-20.01953125
66.96716856956482,-14.16015625
66.97106385231018,-18.5546875
66.97495937347412,-26.3671875
66.97885465621948,-22.94921875
66.98275017738342,-17.08984375
66.98664546012878,-16.6015625
66.99054074287415,-22.94921875
66.99443626403809,-21.97265625
66.99833154678345,-7.32421875
67.00222706794739,0.0
67.00612235069275,-8.7890625
67.01001787185669,-12.20703125
67.01396632194519,-6.8359375
67.01786184310913,-13.671875
67.02175712585449,-21.484375
67.02565264701843,-17.578125
67.0295479297638,-13.671875
67.03344345092773,-11.71875
67.0373387336731,-10.25390625
67.04123425483704,-9.27734375
67.0451295375824,-9.765625
67.04902505874634,-14.6484375
67.0529203414917,-12.20703125
67.05681562423706,-14.6484375
67.06073141098022,-20.5078125
67.06462669372559,-17.578125
67.06852221488953,-13.18359375
67.07241749763489,-14.16015625
67.07631301879883,-20.99609375
67.08020830154419,-27.83203125
67.08410382270813,-29.296875
67.08799910545349,-25.390625
67.09189462661743,-29.78515625
67.0957899093628,-36.1328125
67.09968543052673,-25.87890625
67.1035807132721,-23.4375
67.10752415657043,-27.83203125
67.11141967773438,-26.85546875
67.11531496047974,-22.94921875
67.11921048164368,-27.83203125
67.12310576438904,-30.76171875
67.12700128555298,-38.0859375
67.13089656829834,-41.015625
67.13479208946228,-35.64453125
67.13868737220764,-35.64453125
67.14258289337158,-36.62109375
67.14647817611694,-41.9921875
67.15037369728088,-39.55078125
67.15431356430054,-33.203125
67.15820908546448,-29.78515625
67.16210436820984,-24.4140625
67.16599988937378,-27.83203125
67.16989517211914,-29.78515625
67.17379069328308,-33.69140625
67.17768597602844,-41.9921875
67.18158149719238,-45.41015625
67.18547677993774,-42.96875
67.18937230110168,-34.1796875
67.19326758384705,-29.296875
67.19716310501099,-30.2734375
67.20110130310059,-30.2734375
67.20499682426453,-28.3203125
67.20889210700989,-24.4140625
67.21278762817383,-23.92578125
67.21668291091919,-21.97265625
67.22057843208313,-19.53125
67.22447371482849,-15.625
67.22836923599243,-18.06640625
67.23226475715637,-19.53125
67.23616003990173,-9.27734375
67.24005556106567,-8.30078125
67.24395084381104,-17.08984375
67.24791526794434,-20.5078125
67.2518105506897,-16.11328125
67.25570607185364,-9.765625
67.259601354599,-14.6484375
67.26349687576294,-17.08984375
67.2673921585083,-14.16015625
67.27128767967224,-10.25390625
67.2751829624176,-9.27734375
67.27907848358154,-14.6484375
67.2829737663269,-16.6015625
67.28686928749084,-15.13671875
67.2907645702362,-20.5078125
67.29469776153564,-28.3203125
67.298593044281,-23.92578125
67.30248856544495,-19.53125
67.30638384819031,-16.6015625
67.31027936935425,-10.7421875
67.31417489051819,-15.13671875
67.31807017326355,-18.5546875
67.32196569442749,-21.97265625
67.32586097717285,-26.3671875
67.32975649833679,-20.5078125
67.33365178108215,-22.94921875
67.3375473022461,-30.76171875
67.34147882461548,-22.94921875
67.34537410736084,-13.18359375
67.34926962852478,-16.6015625
67.35316491127014,-22.4609375
67.35706043243408,-25.390625
67.36095595359802,-32.71484375
67.36485123634338,-34.66796875
67.36874675750732,-29.296875
67.37264204025269,-24.90234375
67.37653756141663,-18.06640625
67.38043284416199,-13.18359375
67.38432836532593,-17.08984375
67.38825607299805,-28.3203125
67.39215159416199,-35.15625
67.39604687690735,-31.73828125
67.39994239807129,-24.90234375
67.40383768081665,-22.94921875
67.40773320198059,-31.25
67.41162848472595,-32.2265625
67.41552400588989,-25.390625
67.41941928863525,-24.90234375
67.4233148097992,-25.87890625
67.42721033096313,-25.87890625
67.4311056137085,-29.78515625
67.43506002426147,-31.25
67.43895554542542,-31.73828125
67.44285082817078,-32.71484375
67.44674634933472,-27.83203125
67.45064163208008,-25.87890625
67.45453715324402,-28.80859375
67.45843267440796,-30.76171875
67.46232795715332,-31.25
67.46622347831726,-35.64453125
67.47011876106262,-37.109375
67.47401428222656,-32.71484375
67.47790956497192,-31.25
67.48188948631287,-32.71484375
67.48578476905823,-39.0625
67.48968029022217,-32.2265625
67.49357557296753,-28.3203125
67.49747109413147,-25.87890625
67.50136661529541,-18.06640625
67.50526189804077,-16.11328125
67.50915741920471,-12.6953125
67.51305270195007,-16.11328125
67.51694822311401,-23.92578125
67.52084350585938,-21.97265625
67.52473902702332,-20.5078125
67.5286877155304,-24.90234375
67.53258299827576,-24.90234375
67.5364785194397,-20.99609375
67.54037380218506,-20.99609375
67.544269323349,-19.53125
67.54816484451294,-20.99609375
67.5520601272583,-21.97265625
67.55595564842224,-13.671875
67.5598509311676,-10.7421875
67.56374645233154,-18.5546875
67.56764197349548,-24.4140625
67.57153725624084,-28.80859375
67.57548236846924,-37.109375
67.57937788963318,-42.48046875
67.58327341079712,-42.96875
67.58716869354248,-34.1796875
67.59106421470642,-26.3671875
67.59495949745178,-27.83203125
67.59885501861572,-25.87890625
67.60275053977966,-23.4375
67.60664582252502,-23.92578125
67.61054134368896,-28.80859375
67.6144368648529,-30.2734375
67.61833214759827,-33.203125
67.62227368354797,-34.1796875
67.62616896629333,-31.25
67.63006448745728,-28.80859375
67.63396000862122,-28.80859375
67.63785529136658,-30.2734375
67.64175081253052,-29.78515625
67.64564633369446,-32.2265625
67.64954161643982,-34.66796875
67.65343713760376,-37.109375
67.65733242034912,-40.0390625
67.66122794151306,-46.38671875
67.665123462677,-49.31640625
67.66909265518188,-46.38671875
67.67298817634583,-38.57421875
67.67688369750977,-35.64453125
67.68077898025513,-34.1796875
67.68467450141907,-41.015625
67.68857002258301,-46.38671875
67.69246530532837,-39.0625
67.69636082649231,-38.57421875
67.70025610923767,-40.0390625
67.70415163040161,-42.48046875
67.70804715156555,-41.9921875
67.71194243431091,-40.52734375
67.71587896347046,-43.45703125
67.7197744846344,-41.015625
67.72366976737976,-46.875
67.7275652885437,-48.828125
67.73146080970764,-50.78125
67.735356092453,-61.03515625
67.73925161361694,-59.5703125
67.74314713478088,-57.6171875
67.74704241752625,-68.359375
67.75093793869019,-68.359375
67.75483345985413,-63.4765625
67.75872874259949,-63.4765625
67.7626633644104,-63.96484375
67.76655888557434,-64.453125
67.77045440673828,-59.5703125
67.77434968948364,-58.10546875
67.77824521064758,-59.08203125
67.78214073181152,-55.17578125
67.78603601455688,-52.734375
67.78993153572083,-56.15234375
67.79382705688477,-58.10546875
67.79772233963013,-55.17578125
67.80161786079407,-50.29296875
67.80551338195801,-56.15234375
67.80947375297546,-56.15234375
67.8133692741394,-51.26953125
67.81726479530334,-49.8046875
67.8211600780487,-48.828125
67.82505559921265,-45.8984375
67.82895112037659,-36.1328125
67.83284664154053,-37.59765625
67.83674192428589,-44.43359375
67.84063744544983,-41.9921875
67.84453296661377,-39.0625
67.84842824935913,-38.0859375
67.85232377052307,-37.109375
67.85628080368042,-42.48046875
67.86017632484436,-43.45703125
67.86407160758972,-38.0859375
67.86796712875366,-36.1328125
67.8718626499176,-38.0859375
67.87575817108154,-40.52734375
67.8796534538269,-38.57421875
67.88354897499084,-37.109375
67.88744449615479,-39.55078125
67.89133977890015,-37.59765625
67.89523530006409,-44.43359375
67.89913082122803,-49.31640625
67.90311574935913,-46.875
67.90701103210449,-42.48046875
67.91090655326843,-39.55078125
67.91480207443237,-37.59765625
67.91869735717773,-35.15625
67.92259287834167,-36.1328125
67.92648839950562,-37.109375
67.93038392066956,-35.64453125
67.93427920341492,-32.71484375
67.93817472457886,-33.203125
67.9420702457428,-32.71484375
67.94596552848816,-30.76171875
67.94991779327393,-40.0390625
67.95381331443787,-36.1328125
67.95770859718323,-36.62109375
67.96160411834717,-41.015625
67.96549963951111,-45.8984375
67.96939492225647,-45.41015625
67.97329044342041,-37.109375
67.97718596458435,-29.296875
67.98108148574829,-37.109375
67.98497676849365,-40.52734375
67.98887228965759,-34.1796875
67.99276781082153,-37.109375
67.99671792984009,-35.64453125
68.00061345100403,-32.71484375
68.00450897216797,-27.34375
68.00840425491333,-29.78515625
68.01229977607727,-32.2265625
68.01619529724121,-30.2734375
68.02009081840515,-31.25
68.02398610115051,-22.94921875
68.02788162231445,-21.484375
68.0317771434784,-30.76171875
68.03567266464233,-29.78515625
68.0395679473877,-21.97265625
68.04351472854614,-22.4609375
68.0474100112915,-33.69140625
68.05130553245544,-38.57421875
68.05520105361938,-39.0625
68.05909633636475,-39.0625
68.06299185752869,-44.921875
68.06688737869263,-48.828125
68.07078289985657,-47.8515625
68.07467818260193,-47.8515625
68.07857370376587,-49.8046875
68.08246922492981,-46.38671875
68.08636474609375,-39.55078125
68.09033679962158,-37.59765625
68.09423232078552,-42.96875
68.09812784194946,-48.828125
68.1020233631134,-45.41015625
68.10591864585876,-42.48046875
68.1098141670227,-40.52734375
68.11370968818665,-38.57421875
68.11760520935059,-35.15625
68.12150049209595,-27.34375
68.12539601325989,-33.69140625
68.12929153442383,-47.36328125
68.13318705558777,-50.29296875
68.13712859153748,-48.828125
68.14102411270142,-49.31640625
68.14491939544678,-45.41015625
68.14881491661072,-41.9921875
68.15271043777466,-43.45703125
68.1566059589386,-46.875
68.16050148010254,-46.875
68.1643967628479,-48.828125
68.16829228401184,-51.26953125
68.17218780517578,-53.7109375
68.17608332633972,-47.8515625
68.17997860908508,-45.41015625
68.18391799926758,-50.78125
68.18781328201294,-47.8515625
68.19170880317688,-43.45703125
68.19560432434082,-36.62109375
68.19949984550476,-38.0859375
68.2033953666687,-43.9453125
68.20729064941406,-46.875
68.211186170578,-49.31640625
68.21508169174194,-52.734375
68.21897721290588,-54.19921875
68.22287249565125,-46.38671875
68.22676801681519,-38.57421875
68.23073196411133,-41.9921875
68.23462724685669,-48.33984375
68.23852276802063,-49.31640625
68.24241828918457,-42.48046875
68.24631381034851,-41.015625
68.25020933151245,-41.015625
68.25410461425781,-39.55078125
68.25800013542175,-47.36328125
68.2618956565857,-42.96875
68.26579117774963,-34.1796875
68.26968669891357,-27.34375
68.27358198165894,-20.01953125
68.27754426002502,-27.83203125
68.28143978118896,-28.3203125
68.28533506393433,-20.01953125
68.28923058509827,-21.97265625
68.2931261062622,-26.85546875
68.29702162742615,-29.78515625
68.30091714859009,-31.25
68.30481243133545,-32.2265625
68.30870795249939,-34.66796875
68.31260347366333,-35.64453125
68.31649899482727,-30.76171875
68.32039451599121,-30.2734375
68.32438230514526,-34.1796875
68.32827758789062,-31.25
68.33217310905457,-28.80859375
68.3360686302185,-30.76171875
68.33996415138245,-28.3203125
68.34385967254639,-24.90234375
68.34775519371033,-25.87890625
68.35165047645569,-23.92578125
68.35554599761963,-23.92578125
68.35944151878357,-24.4140625
68.36333703994751,-19.53125
68.36723256111145,-21.484375
68.37118768692017,-24.90234375
68.3750832080841,-27.83203125
68.37897872924805,-36.1328125
68.38287425041199,-41.9921875
68.38676977157593,-38.0859375
68.39066505432129,-38.57421875
68.39456057548523,-43.9453125
68.39845609664917,-38.0859375
68.40235161781311,-33.203125
68.40624713897705,-39.55078125
68.41014266014099,-38.0859375
68.41403794288635,-37.59765625
68.41799139976501,-43.9453125
68.42188692092896,-40.0390625
68.42578220367432,-43.45703125
68.42967772483826,-49.31640625
68.4335732460022,-43.9453125
68.43746876716614,-42.96875
68.44136428833008,-41.015625
68.44525980949402,-41.015625
68.44915533065796,-52.24609375
68.4530508518219,-50.29296875
68.45694613456726,-35.64453125
68.4608416557312,-39.55078125
68.46479153633118,-53.22265625
68.46868705749512,-49.8046875
68.47258257865906,-46.38671875
68.476478099823,-41.50390625
68.48037362098694,-36.1328125
68.48426914215088,-38.0859375
68.48816466331482,-39.0625
68.49205994606018,-41.50390625
68.49595546722412,-47.8515625
68.49985098838806,-40.0390625
68.503746509552,-40.0390625
68.50764203071594,-49.8046875
68.51161909103394,-47.36328125
68.51551461219788,-45.41015625
68.51941013336182,-44.43359375
68.52330565452576,-38.57421875
68.5272011756897,-36.62109375
68.53109669685364,-41.9921875
68.53499221801758,-43.45703125
68.53888773918152,-46.875
68.54278302192688,-56.15234375
68.54667854309082,-55.17578125
68.55057406425476,-49.8046875
68.5544695854187,-47.8515625
68.5584146976471,-39.55078125
68.56231021881104,-38.57421875
68.56620573997498,-48.828125
68.57010102272034,-53.7109375
68.57399654388428,-46.875
68.57789206504822,-46.38671875
68.58178758621216,-56.15234375
68.5856831073761,-52.734375
68.58957862854004,-44.43359375
68.59347414970398,-42.48046875
68.59736967086792,-42.96875
68.60126519203186,-41.015625
68.60523533821106,-43.45703125
68.609130859375,-43.9453125
68.61302638053894,-38.0859375
68.61692190170288,-39.55078125
68.62081742286682,-41.015625
68.62471270561218,-32.2265625
68.62860822677612,-21.484375
68.63250374794006,-22.4609375
68.636399269104,-20.01953125
68.64029479026794,-6.34765625
68.64419031143188,-8.30078125
68.64808583259583,-15.625
68.65205240249634,-25.87890625
68.65594792366028,-36.1328125
68.65984344482422,-33.203125
68.66373896598816,-27.34375
68.6676344871521,-34.66796875
68.67153000831604,-43.9453125
68.67542552947998,-52.24609375
68.67932105064392,-61.5234375
68.68321657180786,-71.2890625
68.6871120929718,-70.3125
68.69100761413574,-73.73046875
68.6949028968811,-87.40234375
68.69886779785156,-95.21484375
68.7027633190155,-98.14453125
68.70665884017944,-99.12109375
68.71055436134338,-94.23828125
68.71444988250732,-95.703125
68.71834540367126,-105.46875
68.7222409248352,-102.5390625
68.72613644599915,-93.26171875
68.73003196716309,-88.8671875
68.73392748832703,-86.42578125
68.73782300949097,-87.40234375
68.74171853065491,-88.37890625
68.74570918083191,-83.984375
68.74960470199585,-78.125
68.75350022315979,-78.125
68.75739574432373,-86.9140625
68.76129126548767,-107.421875
68.76518678665161,-121.58203125
68.76908230781555,-115.234375
68.77297782897949,-113.28125
68.77687335014343,-108.3984375
68.78076887130737,-101.07421875
68.78466439247131,-94.7265625
68.78855991363525,-90.8203125
68.79251980781555,-86.9140625
68.79641532897949,-80.078125
68.80031085014343,-80.078125
68.80420637130737,-79.58984375
68.80810189247131,-83.0078125
68.81199741363525,-86.9140625
68.8158929347992,-80.078125
68.81978845596313,-78.61328125
68.82368397712708,-79.1015625
68.82757949829102,-79.1015625
68.83147501945496,-80.56640625
68.8353705406189,-75.1953125
68.83932662010193,-62.01171875
68.84322214126587,-56.640625
68.84711766242981,-52.24609375
68.85101318359375,-50.78125
68.85490870475769,-54.6875
68.85880422592163,-54.19921875
68.86269974708557,-48.828125
68.86659526824951,-48.33984375
68.87049078941345,-43.9453125
68.87438631057739,-40.0390625
68.87828183174133,-39.0625
68.88217735290527,-36.1328125
68.8861300945282,-34.1796875
68.89002561569214,-38.0859375
68.89392113685608,-39.55078125
68.89781665802002,-35.15625
68.90171217918396,-29.78515625
68.9056077003479,-26.85546875
68.90950322151184,-27.34375
68.91339874267578,-20.5078125
68.91729426383972,-14.6484375
68.92118978500366,-17.08984375
68.9250853061676,-21.484375
68.92898082733154,-19.53125
68.93295907974243,-19.04296875
68.93685460090637,-16.6015625
68.94075012207031,-10.25390625
68.94464564323425,-11.71875
68.9485411643982,-15.13671875
68.95243668556213,-11.71875
68.95633220672607,-9.765625
68.96022772789001,-4.8828125
68.96412324905396,1.46484375
68.9680187702179,-0.48828125
68.97191429138184,-1.46484375
68.97580981254578,5.37109375
68.97981715202332,8.7890625
68.98371267318726,7.8125
68.9876081943512,9.27734375
68.99150371551514,10.25390625
68.99539923667908,12.20703125
68.99929475784302,12.6953125
69.00319027900696,13.18359375
69.00708603858948,13.671875
69.01098155975342,7.32421875
69.01487708091736,8.30078125
69.0187726020813,9.27734375
69.02266812324524,4.8828125
69.02664065361023,4.8828125
69.03053617477417,7.32421875
69.03443193435669,3.90625
69.03832745552063,0.0
69.04222297668457,3.90625
69.04611849784851,4.8828125
69.05001401901245,-0.9765625
69.05390954017639,-2.44140625
69.05780506134033,-3.90625
69.06170058250427,-10.25390625
69.06559610366821,-14.16015625
69.06949162483215,-6.8359375
69.07346081733704,-1.46484375
69.07735657691956,-4.8828125
69.0812520980835,-4.8828125
69.08514761924744,-0.9765625
69.08904314041138,-2.44140625
69.09293866157532,-6.34765625
69.09683418273926,-8.7890625
69.1007297039032,-12.20703125
69.10462522506714,-14.16015625
69.10852074623108,-20.99609375
69.11241626739502,-20.01953125
69.11631202697754,-14.16015625
69.12027955055237,-18.5546875
69.12417507171631,-20.01953125
69.12807059288025,-18.5546875
69.13196611404419,-20.01953125
69.13586163520813,-23.4375
69.13975715637207,-29.296875
69.14365267753601,-26.85546875
69.14754819869995,-21.97265625
69.15144371986389,-22.4609375
69.15533947944641,-22.94921875
69.15923500061035,-28.3203125
69.16313052177429,-35.15625
69.16712355613708,-30.2734375
69.17101907730103,-31.73828125
69.17491459846497,-42.48046875
69.1788101196289,-45.8984375
69.18270587921143,-45.41015625
69.18660140037537,-40.0390625
69.1904969215393,-33.69140625
69.19439244270325,-29.296875
69.19828796386719,-34.1796875
69.20218348503113,-42.48046875
69.20607900619507,-43.45703125
69.20997476577759,-35.15625
69.21393513679504,-25.390625
69.21783065795898,-21.484375
69.22172617912292,-19.04296875
69.22562170028687,-20.01953125
69.22951745986938,-19.53125
69.23341298103333,-22.4609375
69.23730850219727,-16.11328125
69.2412040233612,-13.18359375
69.24509954452515,-19.53125
69.24899506568909,-15.13671875
69.25289058685303,-3.90625
69.25678634643555,4.39453125
69.26074528694153,7.32421875
69.26464080810547,6.8359375
69.26853632926941,0.0
69.27243185043335,4.8828125
69.27632737159729,3.90625
69.28022313117981,-1.953125
69.28411865234375,-2.44140625
69.28801417350769,1.953125
69.29190969467163,5.37109375
69.29580521583557,0.48828125
69.29970073699951,3.90625
69.30359649658203,1.953125
69.30755186080933,-6.8359375
69.31144738197327,-1.46484375
69.3153429031372,7.8125
69.31923842430115,9.765625
69.32313394546509,8.7890625
69.32702970504761,12.6953125
69.33092522621155,21.97265625
69.33482074737549,24.90234375
69.33871626853943,13.18359375
69.34261178970337,6.34765625
69.34650731086731,1.46484375
69.35040307044983,0.9765625
69.3543860912323,13.671875
69.35828161239624,16.6015625
69.36217713356018,14.16015625
69.36607265472412,15.625
69.36996841430664,19.04296875
69.37386393547058,19.04296875
69.37775945663452,13.671875
69.38165497779846,7.8125
69.3855504989624,7.32421875
69.38944625854492,6.8359375
69.39334177970886,15.13671875
69.3972373008728,17.08984375
69.4012451171875,2.9296875
69.40514063835144,1.953125
69.40903615951538,7.8125
69.4129319190979,-1.953125
69.41682744026184,-18.06640625
69.42072296142578,-12.6953125
69.42461848258972,-2.9296875
69.42851424217224,-6.34765625
69.43240976333618,-6.34765625
69.43630528450012,-11.23046875
69.44020080566406,-14.6484375
69.444096326828,-19.53125
69.44807195663452,-26.3671875
69.45196747779846,-19.04296875
69.4558629989624,-19.53125
69.45975852012634,-23.4375
69.46365427970886,-21.484375
69.4675498008728,-22.94921875
69.47144532203674,-24.4140625
69.47534084320068,-25.390625
69.4792366027832,-23.92578125
69.48313212394714,-14.6484375
69.48702764511108,-10.25390625
69.49092316627502,-10.7421875
69.49489641189575,-1.953125
69.49879193305969,-1.46484375
69.50268769264221,-8.30078125
69.50658321380615,-9.27734375
69.51047873497009,-7.8125
69.51437449455261,-9.27734375
69.51827001571655,-10.25390625
69.5221655368805,-8.7890625
69.52606105804443,4.8828125
69.52995681762695,12.20703125
69.5338523387909,0.9765625
69.53774785995483,-12.20703125
69.54171776771545,-16.6015625
69.54561352729797,-9.765625
69.54950904846191,-8.7890625
69.55340456962585,-8.30078125
69.5573000907898,-5.37109375
69.56119585037231,-8.7890625
69.56509137153625,-10.25390625
69.5689868927002,-7.32421875
69.57288265228271,-4.39453125
69.57677817344666,-3.90625
69.5806736946106,-11.23046875
69.58456921577454,-14.16015625
69.58856511116028,-10.25390625
69.5924608707428,-10.7421875
69.59635639190674,-16.11328125
69.60025191307068,-19.04296875
69.60414743423462,-19.04296875
69.60804319381714,-18.06640625
69.61193871498108,-17.08984375
69.61583423614502,-13.671875
69.61972999572754,-10.25390625
69.62362551689148,-10.7421875
69.62752103805542,-9.27734375
69.63141679763794,-17.578125
69.63538002967834,-31.73828125
69.63927578926086,-33.69140625
69.6431713104248,-21.97265625
69.64706683158875,-16.6015625
69.65096235275269,-22.94921875
69.6548581123352,-23.92578125
69.65875363349915,-19.53125
69.66264915466309,-18.06640625
69.6665449142456,-20.5078125
69.67044043540955,-16.11328125
69.67433595657349,-18.5546875
69.678231716156,-28.3203125
69.68219304084778,-34.1796875
69.68608856201172,-39.55078125
69.68998432159424,-44.43359375
69.69387984275818,-48.828125
69.69777536392212,-52.734375
69.70167112350464,-55.6640625
69.70556664466858,-50.78125
69.70946216583252,-46.38671875
69.71335792541504,-44.43359375
69.71725344657898,-41.9921875
69.72114896774292,-42.48046875
69.72504448890686,-47.8515625
69.72900629043579,-52.734375
69.73290181159973,-51.7578125
69.73679733276367,-47.8515625
69.74069309234619,-44.921875
69.74458861351013,-41.015625
69.74848413467407,-36.1328125
69.75237989425659,-38.0859375
69.75627541542053,-38.0859375
69.76017093658447,-34.66796875
69.76406669616699,-36.62109375
69.76796221733093,-34.66796875
69.77185773849487,-31.25
69.77584075927734,-38.57421875
69.77973651885986,-44.43359375
69.7836320400238,-43.45703125
69.78752756118774,-45.8984375
69.79142332077026,-42.96875
69.7953188419342,-42.48046875
69.79921460151672,-44.43359375
69.80311012268066,-45.8984375
69.8070056438446,-48.33984375
69.81090140342712,-43.9453125
69.81479692459106,-43.9453125
69.818692445755,-45.41015625
69.82270097732544,-48.33984375
69.82659673690796,-56.15234375
69.8304922580719,-59.5703125
69.83438777923584,-54.6875
69.83828353881836,-43.9453125
69.8421790599823,-39.55078125
69.84607481956482,-51.26953125
69.84997034072876,-50.78125
69.8538658618927,-43.45703125
69.85776162147522,-40.0390625
69.86165714263916,-42.48046875
69.86555290222168,-43.45703125
69.86953067779541,-36.62109375
69.87342643737793,-42.96875
69.87732195854187,-43.45703125
69.88121747970581,-33.69140625
69.88511323928833,-36.62109375
69.88900876045227,-36.1328125
69.89290452003479,-36.1328125
69.89680004119873,-41.015625
69.90069556236267,-40.52734375
69.90459132194519,-35.64453125
69.90848684310913,-35.64453125
69.91238260269165,-38.57421875
69.91635704040527,-38.57421875
69.9202527999878,-47.8515625
69.92414832115173,-48.828125
69.92804384231567,-42.48046875
69.9319396018982,-44.921875
69.93583512306213,-45.41015625
69.93973088264465,-42.48046875
69.9436264038086,-43.45703125
69.94752192497253,-41.9921875
69.95141768455505,-36.62109375
69.955313205719,-39.55078125
69.95920896530151,-38.57421875
69.96317982673645,-33.69140625
69.96707558631897,-32.2265625
69.97097110748291,-39.0625
69.97486686706543,-41.015625
69.97876238822937,-40.52734375
69.98265790939331,-42.96875
69.98655366897583,-43.9453125
69.99044919013977,-44.43359375
69.99434494972229,-43.45703125
69.99824047088623,-41.015625
70.00213623046875,-43.45703125
70.00603175163269,-43.45703125
70.01002955436707,-40.0390625
70.013925075531,-41.50390625
70.01782083511353,-42.96875
70.02171635627747,-52.24609375
70.0256118774414,-54.19921875
70.02950763702393,-48.33984375
70.03340315818787,-47.36328125
70.03729891777039,-42.48046875
70.04119443893433,-40.52734375
70.04509019851685,-45.8984375
70.04898571968079,-42.96875
70.0528814792633,-34.1796875
70.05684900283813,-21.484375
70.06074476242065,-20.01953125
70.0646402835846,-25.390625
70.06853604316711,-25.390625
70.07243156433105,-22.94921875
70.07632732391357,-24.4140625
70.08022284507751,-28.80859375
70.08411860466003,-32.71484375
70.08801412582397,-36.1328125
70.0919098854065,-27.34375
70.09580540657043,-18.06640625
70.09970116615295,-24.90234375
70.10369372367859,-32.71484375
70.10758948326111,-35.15625
70.11148500442505,-37.59765625
70.11538076400757,-37.109375
70.11927628517151,-37.59765625
70.12317204475403,-40.52734375
70.12706756591797,-42.48046875
70.13096332550049,-44.921875
70.13485884666443,-41.9921875
70.13875460624695,-36.1328125
70.14265012741089,-40.52734375
70.14654588699341,-48.828125
70.15053510665894,-52.24609375
70.15443062782288,-47.8515625
70.1583263874054,-45.8984375
70.16222190856934,-48.33984375
70.16611766815186,-50.78125
70.1700131893158,-46.38671875
70.17390894889832,-48.33984375
70.17780447006226,-49.31640625
70.18170022964478,-48.828125
70.18559575080872,-50.78125
70.18949151039124,-43.9453125
70.19338726997375,-46.875
70.1973729133606,-49.31640625
70.20126843452454,-41.015625
70.20516419410706,-29.296875
70.209059715271,-29.296875
70.21295547485352,-38.0859375
70.21685099601746,-39.55078125
70.22074675559998,-42.48046875
70.22464227676392,-44.43359375
70.22853803634644,-49.8046875
70.23243355751038,-55.17578125
70.2363293170929,-52.24609375
70.24022507667542,-45.8984375
70.2442376613617,-45.41015625
70.24813318252563,-51.26953125
70.25202894210815,-44.43359375
70.2559244632721,-40.52734375
70.25982022285461,-53.7109375
70.26371574401855,-62.01171875
70.26761150360107,-60.05859375
70.27150702476501,-54.6875
70.27540278434753,-56.640625
70.27929854393005,-59.5703125
70.283194065094,-54.19921875
70.28708982467651,-55.6640625
70.2910680770874,-54.19921875
70.29496383666992,-55.6640625
70.29885935783386,-56.15234375
70.30275511741638,-51.26953125
70.30665063858032,-48.828125
70.31054639816284,-45.8984375
70.31444215774536,-44.43359375
70.3183376789093,-44.43359375
70.32223343849182,-48.828125
70.32612895965576,-52.24609375
70.33002471923828,-56.15234375
70.33392024040222,-63.96484375
70.33789706230164,-65.4296875
70.34179282188416,-62.01171875
70.3456883430481,-62.5
70.34958410263062,-63.4765625
70.35347986221313,-59.5703125
70.35737538337708,-59.08203125
70.3612711429596,-63.4765625
70.36516690254211,-57.12890625
70.36906242370605,-59.08203125
70.37295818328857,-62.98828125
70.37685370445251,-58.10546875
70.38074946403503,-57.12890625
70.38472294807434,-52.734375
70.38861846923828,-50.78125
70.3925142288208,-55.17578125
70.39640974998474,-52.24609375
70.40030550956726,-47.8515625
70.40420126914978,-49.8046875
70.40809679031372,-57.6171875
70.41199254989624,-59.5703125
70.41588807106018,-55.17578125
70.4197838306427,-54.6875
70.42367959022522,-56.15234375
70.42757511138916,-56.15234375
70.4315733909607,-48.828125
70.43546891212463,-48.33984375
70.43936467170715,-61.03515625
70.44326043128967,-65.4296875
70.44715595245361,-62.01171875
70.45105171203613,-64.453125
70.45494747161865,-67.3828125
70.45884299278259,-72.75390625
70.46273875236511,-70.3125
70.46663427352905,-64.94140625
70.47053003311157,-67.87109375
70.47442579269409,-62.01171875
70.4784505367279,-54.6875
70.48234629631042,-58.59375
70.48624181747437,-62.01171875
70.49013757705688,-57.12890625
70.4940333366394,-60.05859375
70.49792885780334,-60.05859375
70.50182461738586,-56.640625
70.50572037696838,-59.08203125
70.50961589813232,-59.08203125
70.51351165771484,-59.08203125
70.51740741729736,-49.8046875
70.5213029384613,-47.36328125
70.5252959728241,-55.6640625
70.52919173240662,-54.19921875
70.53308749198914,-51.26953125
70.53698301315308,-56.15234375
70.5408787727356,-59.08203125
70.54477453231812,-61.5234375
70.54867005348206,-66.89453125
70.55256581306458,-66.40625
70.5564615726471,-66.40625
70.56035709381104,-61.5234375
70.56425285339355,-45.41015625
70.56814861297607,-41.015625
70.57213807106018,-49.31640625
70.57603359222412,-54.19921875
70.57992935180664,-50.78125
70.58382511138916,-45.8984375
70.5877206325531,-46.38671875
70.59161639213562,-47.36328125
70.59551215171814,-44.921875
70.59940791130066,-52.24609375
70.6033034324646,-63.4765625
70.60719919204712,-62.5
70.61109495162964,-61.5234375
70.61499047279358,-60.05859375
70.618976354599,-62.01171875
70.62287211418152,-59.5703125
70.62676787376404,-53.7109375
70.63066339492798,-53.22265625
70.6345591545105,-52.24609375
70.63845491409302,-51.7578125
70.64235067367554,-51.7578125
70.64624619483948,-56.640625
70.650141954422,-65.4296875
70.65403771400452,-65.91796875
70.65793347358704,-65.91796875
70.66182899475098,-67.3828125
70.66584157943726,-62.98828125
70.66973733901978,-60.05859375
70.67363286018372,-61.03515625
70.67752861976624,-61.03515625
70.68142437934875,-61.5234375
70.68532013893127,-64.94140625
70.68921566009521,-68.84765625
70.69311141967773,-60.05859375
70.69700717926025,-57.12890625
70.70090293884277,-57.12890625
70.70479846000671,-53.22265625
70.70869421958923,-54.19921875
70.71267485618591,-58.10546875
70.71657061576843,-61.03515625
70.72046637535095,-61.03515625
70.72436189651489,-62.01171875
70.72825765609741,-62.01171875
70.73215341567993,-64.94140625
70.73604917526245,-66.40625
70.73994493484497,-60.546875
70.74384045600891,-64.94140625
70.74773621559143,-76.171875
70.75163197517395,-70.80078125
70.75552773475647,-64.94140625
70.75950479507446,-63.4765625
70.76340055465698,-64.94140625
70.7672963142395,-71.77734375
70.77119183540344,-72.265625
70.77508759498596,-71.2890625
70.77898335456848,-76.66015625
70.782879114151,-80.078125
70.78677487373352,-76.171875
70.79067039489746,-72.265625
70.79456615447998,-67.3828125
70.7984619140625,-62.01171875
70.80235767364502,-64.453125
70.80633115768433,-68.359375
70.81022691726685,-65.4296875
70.81412267684937,-65.4296875
70.81801843643188,-66.89453125
70.8219141960144,-66.89453125
70.82580971717834,-67.3828125
70.82970547676086,-64.453125
70.83360123634338,-59.08203125
70.8374969959259,-56.640625
70.84139275550842,-52.24609375
70.84528851509094,-51.26953125
70.84918403625488,-55.17578125
70.8531847000122,-51.26953125
70.85708045959473,-45.8984375
70.86097598075867,-42.48046875
70.86487174034119,-46.38671875
70.8687674999237,-50.78125
70.87266325950623,-50.78125
70.87655901908875,-54.6875
70.88045477867126,-54.6875
70.8843502998352,-54.6875
70.88824605941772,-57.12890625
70.89214181900024,-52.24609375
70.89603757858276,-48.33984375
70.90006232261658,-55.6640625
70.9039580821991,-60.05859375
70.90785384178162,-61.5234375
70.91174960136414,-61.5234375
70.91564536094666,-57.6171875
70.91954112052917,-61.03515625
70.9234368801117,-62.5
70.92733263969421,-63.4765625
70.93122816085815,-73.2421875
70.93512392044067,-75.68359375
70.9390196800232,-72.265625
70.94291543960571,-67.87109375
70.94690871238708,-68.359375
70.9508044719696,-68.359375
70.95470023155212,-63.96484375
70.95859599113464,-69.3359375
70.96249175071716,-74.70703125
70.96638751029968,-73.73046875
70.97028303146362,-69.82421875
70.97417879104614,-62.98828125
70.97807455062866,-51.26953125
70.98197031021118,-46.38671875
70.9858660697937,-57.12890625
70.98976182937622,-64.94140625
70.9937515258789,-64.94140625
70.99764728546143,-69.3359375
71.00154304504395,-72.75390625
71.00543880462646,-70.80078125
71.00933456420898,-73.2421875
71.0132303237915,-75.68359375
71.01712608337402,-78.61328125
71.02102184295654,-79.1015625
71.02491760253906,-76.66015625
71.02881336212158,-68.84765625
71.03270888328552,-63.96484375
71.03660464286804,-60.05859375
71.04059267044067,-54.6875
71.0444884300232,-57.6171875
71.04838418960571,-56.640625
71.05227994918823,-60.05859375
71.05617570877075,-59.5703125
71.06007146835327,-54.6875
71.06396722793579,-55.17578125
71.06786298751831,-54.6875
71.07175850868225,-56.640625
71.07565426826477,-60.546875
71.07955002784729,-66.40625
71.08344578742981,-65.4296875
71.08745837211609,-55.17578125
71.09135413169861,-53.22265625
71.09524989128113,-56.640625
71.09914541244507,-51.7578125
71.10304117202759,-49.8046875
71.10693693161011,-53.22265625
71.11083269119263,-55.17578125
71.11472845077515,-61.03515625
71.11862421035767,-62.98828125
71.12251996994019,-52.24609375
71.1264157295227,-44.43359375
71.13031148910522,-41.9921875
71.1342945098877,-38.0859375
71.13819026947021,-36.62109375
71.14208602905273,-36.62109375
71.14598178863525,-31.73828125
71.14987754821777,-35.15625
71.1537733078003,-43.9453125
71.15766906738281,-39.0625
71.16156482696533,-41.015625
71.16546058654785,-46.38671875
71.16935634613037,-39.55078125
71.17325210571289,-35.15625
71.17714786529541,-33.203125
71.18112516403198,-32.71484375
71.1850209236145,-33.69140625
71.18891668319702,-29.78515625
71.19281244277954,-27.34375
71.19670820236206,-26.85546875
71.20060396194458,-23.4375
71.2044997215271,-21.97265625
71.20839548110962,-20.5078125
71.21229100227356,-22.94921875
71.21618676185608,-27.83203125
71.2200825214386,-25.390625
71.22397828102112,-25.87890625
71.22795414924622,-31.25
71.23184990882874,-28.3203125
71.23574566841125,-28.80859375
71.23964142799377,-36.62109375
71.2435371875763,-37.59765625
71.24743294715881,-41.015625
71.25132870674133,-46.38671875
71.25522446632385,-43.9453125
71.25912022590637,-39.55078125
71.26301598548889,-36.62109375
71.26691174507141,-41.50390625
71.27080750465393,-42.48046875
71.27480792999268,-36.1328125
71.2787036895752,-37.109375
71.28259944915771,-32.71484375
71.28649520874023,-32.71484375
71.29039096832275,-37.59765625
71.29428672790527,-37.109375
71.2981824874878,-36.1328125
71.30207824707031,-36.1328125
71.30597400665283,-32.2265625
71.30986976623535,-21.97265625
71.31376552581787,-20.5078125
71.31766128540039,-30.2734375
71.32168650627136,-37.59765625
71.32558226585388,-40.52734375
71.3294780254364,-38.57421875
71.33337378501892,-33.203125
71.33726954460144,-29.78515625
71.34116530418396,-30.76171875
71.34506106376648,-42.48046875
71.348956823349,-41.015625
71.35285258293152,-23.92578125
71.35674834251404,-26.85546875
71.36064410209656,-40.0390625
71.36453986167908,-42.96875
71.36853504180908,-41.015625
71.3724308013916,-41.9921875
71.37632656097412,-41.50390625
71.38022232055664,-39.55078125
71.38411808013916,-34.66796875
71.38801383972168,-34.1796875
71.3919095993042,-41.9921875
71.39580535888672,-39.55078125
71.39970111846924,-31.73828125
71.40359687805176,-30.76171875
71.40749263763428,-29.296875
71.41138863563538,-27.34375
71.4153802394867,-20.01953125
71.41927599906921,-21.97265625
71.42317175865173,-20.5078125
71.42706751823425,-13.18359375
71.43096327781677,-11.23046875
71.43485927581787,-12.6953125
71.43875503540039,-18.5546875
71.44265079498291,-17.08984375
71.44654655456543,-16.6015625
71.45044231414795,-16.11328125
71.45433807373047,-10.7421875
71.45823383331299,-6.8359375
71.4622220993042,-7.32421875
71.46611785888672,-11.71875
71.47001361846924,-13.671875
71.47390937805176,-13.671875
71.47780513763428,-16.11328125
71.4817008972168,-17.578125
71.48559665679932,-15.625
71.48949265480042,-17.578125
71.49338841438293,-19.53125
71.49728417396545,-22.4609375
71.50117993354797,-22.4609375
71.5050756931305,-16.6015625
71.50908851623535,-14.16015625
71.51298427581787,-11.71875
71.51688003540039,-12.20703125
71.52077603340149,-19.53125
71.52467179298401,-19.04296875
71.52856755256653,-17.578125
71.53246331214905,-12.6953125
71.53635907173157,-7.32421875
71.54025483131409,-5.859375
71.5441505908966,-4.8828125
71.5480465888977,-1.953125
71.55194234848022,3.90625
71.55592346191406,4.8828125
71.55981922149658,-5.37109375
71.5637149810791,-14.6484375
71.5676109790802,-16.11328125
71.57150673866272,-14.6484375
71.57540249824524,-20.99609375
71.57929825782776,-20.01953125
71.58319401741028,-14.16015625
71.5870897769928,-22.94921875
71.5909857749939,-23.4375
71.59488153457642,-25.87890625
71.59877729415894,-33.69140625
71.60275673866272,-31.25
71.60665249824524,-30.76171875
71.61054849624634,-36.62109375
71.61444425582886,-38.57421875
71.61834001541138,-34.66796875
71.6222357749939,-33.69140625
71.62613153457642,-33.203125
71.63002729415894,-33.69140625
71.63392329216003,-35.15625
71.63781905174255,-34.66796875
71.64171481132507,-30.76171875
71.64561057090759,-31.25
71.64961457252502,-33.203125
71.65351033210754,-38.57421875
71.65740633010864,-46.38671875
71.66130208969116,-41.9921875
71.66519784927368,-33.69140625
71.6690936088562,-34.66796875
71.67298936843872,-41.9921875
71.67688536643982,-43.9453125
71.68078112602234,-36.62109375
71.68467688560486,-35.15625
71.68857264518738,-30.76171875
71.6924684047699,-29.296875
71.69646883010864,-32.71484375
71.70036458969116,-28.3203125
71.70426058769226,-27.83203125
71.70815634727478,-30.76171875
71.7120521068573,-34.66796875
71.71594786643982,-32.71484375
71.71984386444092,-31.25
71.72373962402344,-30.2734375
71.72763538360596,-26.3671875
71.73153114318848,-25.390625
71.73542714118958,-27.83203125
71.7393229007721,-23.4375
71.74334812164307,-21.484375
71.74724388122559,-20.5078125
71.7511396408081,-18.5546875
71.7550356388092,-19.04296875
71.75893139839172,-18.5546875
71.76282715797424,-22.94921875
71.76672291755676,-26.3671875
71.77061891555786,-17.08984375
71.77451467514038,-15.625
71.7784104347229,-21.97265625
71.78230619430542,-22.94921875
71.78620219230652,-18.5546875
71.79019546508789,-19.04296875
71.79409122467041,-30.2734375
71.79798722267151,-28.80859375
71.80188298225403,-18.06640625
71.80577874183655,-24.4140625
71.80967450141907,-34.66796875
71.81357049942017,-29.296875
71.81746625900269,-25.87890625
71.8213620185852,-29.78515625
71.8252580165863,-26.3671875
71.82915377616882,-20.5078125
71.83304953575134,-19.53125
71.83704137802124,-17.08984375
71.84093713760376,-13.18359375
71.84483313560486,-10.25390625
71.84872889518738,-7.8125
71.8526246547699,-8.30078125
71.85652041435242,-18.06640625
71.86041641235352,-20.99609375
71.86431217193604,-12.20703125
71.86820793151855,-9.27734375
71.87210392951965,-9.27734375
71.87599968910217,0.48828125
71.87989544868469,6.8359375
71.8838837146759,10.25390625
71.88777947425842,11.23046875
71.89167547225952,3.41796875
71.89557123184204,-6.34765625
71.89946699142456,-4.39453125
71.90336298942566,1.953125
71.90725874900818,1.46484375
71.9111545085907,2.44140625
71.9150505065918,6.8359375
71.91894626617432,5.37109375
71.92284202575684,4.39453125
71.92673802375793,4.39453125
71.93075060844421,-3.41796875
71.93464636802673,-4.8828125
71.93854236602783,0.0
71.94243812561035,-1.46484375
71.94633388519287,-10.7421875
71.95022988319397,-17.578125
71.95412564277649,-11.23046875
71.95802140235901,-8.7890625
71.96191740036011,-6.34765625
71.96581315994263,-5.859375
71.96970891952515,-13.671875
71.97360491752625,-15.13671875
71.97758984565735,-5.859375
71.98148584365845,-5.37109375
71.98538160324097,-4.39453125
71.98927736282349,0.48828125
71.99317336082458,4.8828125
71.9970691204071,-0.48828125
72.00096487998962,-1.953125
72.00486087799072,3.90625
72.00875663757324,1.46484375
72.01265263557434,-0.48828125
72.01654839515686,0.9765625
72.02044415473938,2.44140625
72.0244517326355,-4.39453125
72.0283477306366,-7.32421875
72.03224349021912,-6.8359375
72.03613924980164,-9.765625
72.04003524780273,-3.90625
72.04393100738525,-3.90625
72.04782700538635,-8.30078125
72.05172276496887,-5.37109375
72.05561852455139,-5.859375
72.05951452255249,-8.30078125
72.06341028213501,-5.859375
72.06730628013611,-3.90625
72.07131004333496,-7.32421875
72.07520604133606,-0.48828125
72.07910180091858,15.13671875
72.08299779891968,10.25390625
72.0868935585022,0.0
72.09078931808472,-6.34765625
72.09468531608582,-6.8359375
72.09858107566833,1.46484375
72.10247707366943,2.44140625
72.10637283325195,0.48828125
72.11026883125305,-5.859375
72.11416459083557,-15.13671875
72.11816692352295,-12.6953125
72.12206292152405,-2.9296875
72.12595868110657,1.46484375
72.12985467910767,3.90625
72.13375043869019,-7.32421875
72.1376461982727,-16.11328125
72.1415421962738,-20.99609375
72.14543795585632,-20.99609375
72.14933395385742,-11.71875
72.15322971343994,-8.7890625
72.15712571144104,-8.7890625
72.16102147102356,-6.34765625
72.16504621505737,-7.8125
72.16894221305847,-9.765625
72.17283797264099,-8.7890625
72.17673397064209,-7.32421875
72.18062973022461,-4.39453125
72.18452572822571,1.953125
72.18842148780823,3.90625
72.19231748580933,-2.9296875
72.19621324539185,-1.46484375
72.20010924339294,1.953125
72.20400500297546,-11.71875
72.20790100097656,-18.06640625
72.2119517326355,-17.578125
72.21584749221802,-18.06640625
72.21974349021912,-15.13671875
72.22363924980164,-11.23046875
72.22753524780273,-14.16015625
72.23143100738525,-16.11328125
72.23532700538635,-8.30078125
72.23922276496887,-6.34765625
72.24311876296997,-11.23046875
72.24701452255249,-11.23046875
72.25091052055359,-11.71875
72.25480628013611,-13.671875
72.25879836082458,-8.7890625
72.26269435882568,-1.953125
72.2665901184082,0.0
72.2704861164093,0.9765625
72.27438187599182,-0.48828125
72.27827787399292,-2.9296875
72.28217363357544,-1.46484375
72.28606963157654,-5.859375
72.28996539115906,-12.6953125
72.29386138916016,-9.27734375
72.29775714874268,-5.859375
72.30165314674377,-5.859375
72.30564141273499,-0.48828125
72.30953741073608,1.953125
72.3134331703186,-1.46484375
72.3173291683197,-6.8359375
72.32122492790222,-8.7890625
72.32512092590332,-7.8125
72.32901692390442,-11.23046875
72.33291268348694,-10.25390625
72.33680868148804,-7.32421875
72.34070444107056,-6.8359375
72.34460043907166,-2.9296875
72.34849619865417,-2.44140625
72.35250902175903,-4.8828125
72.35640478134155,-3.90625
72.36030077934265,-4.8828125
72.36419677734375,-2.9296875
72.36809253692627,-3.41796875
72.37198853492737,-0.9765625
72.37588429450989,1.953125
72.37978029251099,-1.953125
72.3836760520935,-0.48828125
72.3875720500946,2.44140625
72.3914680480957,7.8125
72.39536380767822,6.34765625
72.39940237998962,0.9765625
72.40329837799072,5.37109375
72.40719413757324,6.34765625
72.41109013557434,-2.44140625
72.41498589515686,-5.859375
72.41888189315796,-7.8125
72.42277765274048,-3.90625
72.42667365074158,3.90625
72.43056964874268,8.30078125
72.4344654083252,0.48828125
72.4383614063263,-5.37109375
72.44225716590881,-0.48828125
72.44626522064209,-4.8828125
72.45016098022461,-11.71875
72.45405697822571,-11.23046875
72.45795273780823,-10.7421875
72.46184873580933,-11.71875
72.46574473381042,-15.13671875
72.46964049339294,-7.32421875
72.47353649139404,3.90625
72.47743248939514,1.953125
72.48132824897766,-7.8125
72.48522424697876,-11.23046875
72.48912000656128,-8.30078125
72.49312400817871,-5.37109375
72.49701976776123,-5.859375
72.50091576576233,-10.25390625
72.50481176376343,-16.11328125
72.50870752334595,-15.13671875
72.51260352134705,-5.859375
72.51649951934814,5.37109375
72.52039527893066,7.8125
72.52429127693176,4.8828125
72.52818727493286,10.7421875
72.53208303451538,17.08984375
72.53597903251648,8.7890625
72.53997945785522,3.41796875
72.54387521743774,2.44140625
72.54777121543884,-6.8359375
72.55166721343994,-2.9296875
72.55556297302246,0.48828125
72.55945897102356,-3.41796875
72.56335496902466,0.0
72.56725072860718,-1.953125
72.57114672660828,-10.7421875
72.57504272460938,-11.23046875
72.5789384841919,-10.7421875
72.582834482193,-17.578125
72.58685874938965,-19.04296875
72.59075474739075,-20.01953125
72.59465050697327,-21.484375
72.59854650497437,-19.53125
72.60244250297546,-15.13671875
72.60633826255798,-20.01953125
72.61023426055908,-20.99609375
72.61413025856018,-17.08984375
72.61802625656128,-18.5546875
72.6219220161438,-16.11328125
72.6258180141449,-20.5078125
72.629714012146,-30.2734375
72.63370728492737,-30.2734375
72.63760328292847,-27.34375
72.64149928092957,-28.80859375
72.64539504051208,-30.76171875
72.64929103851318,-30.76171875
72.65318703651428,-27.83203125
72.6570827960968,-28.3203125
72.6609787940979,-32.71484375
72.664874792099,-30.76171875
72.6687707901001,-30.76171875
72.67266654968262,-28.80859375
72.67656254768372,-26.3671875
72.68055415153503,-27.34375
72.68445014953613,-23.92578125
72.68834614753723,-26.3671875
72.69224190711975,-30.2734375
72.69613790512085,-28.3203125
72.70003390312195,-29.78515625
72.70392990112305,-34.66796875
72.70782566070557,-38.57421875
72.71172165870667,-45.41015625
72.71561765670776,-49.8046875
72.71951365470886,-51.26953125
72.72340941429138,-49.31640625
72.72739768028259,-49.8046875
72.73129367828369,-56.15234375
72.73518967628479,-55.17578125
72.73908543586731,-50.78125
72.74298143386841,-52.734375
72.7468774318695,-57.12890625
72.7507734298706,-61.5234375
72.75466918945312,-60.05859375
72.75856518745422,-59.08203125
72.76246118545532,-61.03515625
72.76635718345642,-61.03515625
72.77025294303894,-60.05859375
72.7742657661438,-57.6171875
72.77816152572632,-58.59375
72.78205752372742,-65.4296875
72.78595352172852,-71.77734375
72.78984951972961,-65.4296875
72.79374527931213,-56.15234375
72.79764127731323,-51.7578125
72.80153727531433,-52.734375
72.80543327331543,-54.6875
72.80932927131653,-57.12890625
72.81322503089905,-54.19921875
72.81712102890015,-54.6875
72.82115745544434,-55.6640625
72.82505345344543,-58.59375
72.82894945144653,-61.5234375
72.83284521102905,-62.5
72.83674120903015,-61.03515625
72.84063720703125,-60.546875
72.84453320503235,-61.03515625
72.84842920303345,-57.12890625
72.85232496261597,-64.453125
72.85622096061707,-76.171875
72.86011695861816,-72.265625
72.86401295661926,-68.359375
72.8680202960968,-67.87109375
72.8719162940979,-70.80078125
72.875812292099,-73.2421875
72.8797082901001,-75.1953125
72.8836042881012,-78.61328125
72.88750004768372,-80.56640625
72.89139604568481,-81.0546875
72.89529204368591,-80.56640625
72.89918804168701,-78.125
72.90308403968811,-77.63671875
72.90698003768921,-80.56640625
72.91087579727173,-79.1015625
72.91487956047058,-75.1953125
72.91877555847168,-76.171875
72.92267155647278,-79.1015625
72.92656755447388,-79.58984375
72.9304633140564,-81.0546875
72.9343593120575,-83.49609375
72.9382553100586,-92.28515625
72.94215130805969,-90.8203125
72.94604730606079,-78.61328125
72.94994330406189,-78.61328125
72.95383930206299,-80.56640625
72.95773506164551,-78.125
72.96173548698425,-81.54296875
72.96563124656677,-82.51953125
72.96952724456787,-79.58984375
72.97342324256897,-80.56640625
72.97731924057007,-89.84375
72.98121523857117,-93.75
72.98511123657227,-85.44921875
72.98900723457336,-78.61328125
72.99290323257446,-75.68359375
72.99679899215698,-72.75390625
73.00069499015808,-74.21875
73.00459098815918,-72.265625
73.00861549377441,-68.359375
73.01251149177551,-62.5
73.01640748977661,-55.17578125
73.02030348777771,-53.22265625
73.02419948577881,-45.41015625
73.02809548377991,-35.64453125
73.031991481781,-30.76171875
73.0358874797821,-29.296875
73.0397834777832,-28.3203125
73.0436794757843,-26.3671875
73.0475754737854,-23.4375
73.05147123336792,-18.5546875
73.0554666519165,-14.6484375
73.05936241149902,-11.71875
73.06325840950012,-10.25390625
73.06715440750122,-8.7890625
73.07105040550232,-12.6953125
73.07494640350342,-19.53125
73.07884240150452,-17.08984375
73.08273839950562,-13.671875
73.08663439750671,-17.578125
73.09053039550781,-16.6015625
73.09442639350891,-11.71875
73.09832239151001,-16.11328125
73.10231399536133,-13.671875
73.10620975494385,-3.41796875
73.11010575294495,-10.25390625
73.11400175094604,-10.7421875
73.11789774894714,-10.7421875
73.12179374694824,-17.578125
73.12568974494934,-19.04296875
73.12958574295044,-16.11328125
73.13348174095154,-18.5546875
73.13737773895264,-22.94921875
73.14127373695374,-20.99609375
73.14516973495483,-20.01953125
73.14918565750122,-19.04296875
73.15308165550232,-24.90234375
73.15697765350342,-26.3671875
73.16087365150452,-28.3203125
73.16476964950562,-36.1328125
73.16866564750671,-36.62109375
73.17256164550781,-38.0859375
73.17645764350891,-39.55078125
73.18035364151001,-37.109375
73.18424963951111,-34.66796875
73.1881456375122,-26.85546875
73.1920416355133,-33.203125
73.19605350494385,-41.50390625
73.19994950294495,-38.57421875
73.20384550094604,-36.1328125
73.20774149894714,-36.62109375
73.21163749694824,-41.015625
73.21553349494934,-46.875
73.21942949295044,-46.875
73.22332549095154,-48.33984375
73.22722148895264,-46.875
73.23111748695374,-45.8984375
73.23501348495483,-42.96875
73.23890948295593,-33.203125
73.24294590950012,-32.2265625
73.24684190750122,-35.64453125
73.25073790550232,-40.0390625
73.25463390350342,-40.0390625
73.25852990150452,-31.73828125
73.26242589950562,-26.3671875
73.26632189750671,-32.2265625
73.27021789550781,-33.203125
73.27411389350891,-29.296875
73.27800989151001,-27.83203125
73.28190588951111,-20.99609375
73.2858018875122,-17.08984375
73.28980779647827,-23.92578125
73.29370379447937,-27.34375
73.29759979248047,-30.2734375
73.30149579048157,-34.1796875
73.30539202690125,-32.71484375
73.30928802490234,-36.62109375
73.31318402290344,-40.52734375
73.31708002090454,-32.2265625
73.32097601890564,-30.2734375
73.32487201690674,-37.109375
73.32876801490784,-26.85546875
73.33266401290894,-18.5546875
73.33666753768921,-24.4140625
73.34056353569031,-24.4140625
73.3444595336914,-25.87890625
73.3483555316925,-29.296875
73.35225176811218,-24.4140625
73.35614776611328,-21.484375
73.36004376411438,-25.87890625
73.36393976211548,-28.3203125
73.36783576011658,-34.1796875
73.37173175811768,-33.69140625
73.37562775611877,-33.69140625
73.37952375411987,-40.0390625
73.38352394104004,-38.57421875
73.38742017745972,-34.1796875
73.39131617546082,-37.59765625
73.39521217346191,-44.43359375
73.39910817146301,-52.734375
73.40300416946411,-55.17578125
73.40690016746521,-48.33984375
73.41079616546631,-50.29296875
73.41469216346741,-50.29296875
73.4185881614685,-45.41015625
73.4224841594696,-47.36328125
73.42638039588928,-50.78125
73.43040585517883,-46.875
73.43430209159851,-41.015625
73.43819808959961,-41.015625
73.44209408760071,-39.55078125
73.4459900856018,-39.0625
73.4498860836029,-40.52734375
73.453782081604,-38.0859375
73.4576780796051,-46.875
73.4615740776062,-51.7578125
73.46547031402588,-53.7109375
73.46936631202698,-52.734375
73.47326231002808,-49.31640625
73.47725749015808,-43.45703125
73.48115348815918,-42.48046875
73.48504948616028,-43.45703125
73.48894548416138,-40.52734375
73.49284148216248,-38.0859375
73.49673748016357,-40.52734375
73.50063371658325,-46.38671875
73.50452971458435,-44.921875
73.50842571258545,-39.55078125
73.51232171058655,-36.1328125
73.51621770858765,-39.0625
73.52011370658875,-34.66796875
73.52413129806519,-29.296875
73.52802729606628,-33.203125
73.53192329406738,-37.109375
73.53581929206848,-33.69140625
73.53971552848816,-32.2265625
73.54361152648926,-30.76171875
73.54750752449036,-30.76171875
73.55140352249146,-33.203125
73.55529952049255,-30.76171875
73.55919551849365,-32.2265625
73.56309175491333,-39.55078125
73.56698775291443,-36.62109375
73.57100129127502,-36.62109375
73.57489728927612,-41.015625
73.57879328727722,-39.0625
73.58268928527832,-43.45703125
73.586585521698,-52.734375
73.5904815196991,-49.31640625
73.5943775177002,-49.8046875
73.5982735157013,-59.08203125
73.60216951370239,-62.98828125
73.60606575012207,-66.40625
73.60996174812317,-69.82421875
73.61385774612427,-64.94140625
73.61786961555481,-61.03515625
73.62176585197449,-55.6640625
73.62566184997559,-45.41015625
73.62955784797668,-55.17578125
73.63345384597778,-60.05859375
73.63735008239746,-52.734375
73.64124608039856,-53.7109375
73.64514207839966,-53.7109375
73.64903807640076,-57.6171875
73.65293407440186,-51.26953125
73.65683031082153,-44.43359375
73.66072630882263,-42.96875
73.66476202011108,-41.9921875
73.66865801811218,-43.45703125
73.67255425453186,-43.9453125
73.67645025253296,-45.41015625
73.68034625053406,-43.45703125
73.68424224853516,-41.9921875
73.68813848495483,-41.50390625
73.69203448295593,-38.57421875
73.69593048095703,-37.109375
73.69982647895813,-32.71484375
73.70372271537781,-28.80859375
73.7076187133789,-26.3671875
73.71162366867065,-24.4140625
73.71551966667175,-34.1796875
73.71941566467285,-40.0390625
73.72331166267395,-33.203125
73.72720789909363,-22.4609375
73.73110389709473,-17.578125
73.73499989509583,-18.06640625
73.7388961315155,-14.6484375
73.7427921295166,-16.11328125
73.7466881275177,-19.04296875
73.7505841255188,-13.18359375
73.75448036193848,-11.71875
73.75848174095154,-18.5546875
73.76237773895264,-20.5078125
73.76627397537231,-30.76171875
73.77016997337341,-33.69140625
73.77406597137451,-28.80859375
73.77796220779419,-27.83203125
73.78185820579529,-24.4140625
73.78575420379639,-24.90234375
73.78965020179749,-34.1796875
73.79354643821716,-31.25
73.79744243621826,-21.484375
73.80133843421936,-27.34375
73.8053367137909,-26.3671875
73.80923271179199,-19.04296875
73.81312894821167,-21.484375
73.81702494621277,-30.2734375
73.82092094421387,-31.25
73.82481718063354,-29.78515625
73.82871317863464,-28.80859375
73.83260917663574,-29.78515625
73.83650541305542,-32.2265625
73.84040141105652,-27.83203125
73.84429740905762,-21.484375
73.8481936454773,-26.85546875
73.85221743583679,-29.78515625
73.85611343383789,-23.92578125
73.86000967025757,-24.90234375
73.86390566825867,-24.90234375
73.86780166625977,-21.97265625
73.87169790267944,-25.390625
73.87559390068054,-29.78515625
73.87948989868164,-32.71484375
73.88338613510132,-30.76171875
73.88728213310242,-29.78515625
73.89117813110352,-28.3203125
73.8950743675232,-26.3671875
73.89912152290344,-24.4140625
73.90301775932312,-25.390625
73.90691375732422,-26.85546875
73.91080975532532,-21.484375
73.914705991745,-21.97265625
73.9186019897461,-31.73828125
73.92249798774719,-30.2734375
73.92639422416687,-23.4375
73.93029022216797,-33.203125
73.93418645858765,-50.78125
73.93808245658875,-49.31640625
73.94197845458984,-43.45703125
73.94599509239197,-43.45703125
73.94989132881165,-43.9453125
73.95378732681274,-45.41015625
73.95768332481384,-38.57421875
73.96157956123352,-39.55078125
73.96547555923462,-42.96875
73.9693717956543,-35.64453125
73.9732677936554,-32.2265625
73.9771637916565,-36.62109375
73.98106002807617,-34.1796875
73.98495602607727,-33.69140625
73.98885226249695,-37.59765625
73.99286794662476,-38.0859375
73.99676418304443,-36.1328125
74.00066018104553,-31.73828125
74.00455641746521,-35.64453125
74.00845241546631,-41.9921875
74.01234841346741,-29.296875
74.01624464988708,-20.99609375
74.02014064788818,-25.390625
74.02403688430786,-26.3671875
74.02793288230896,-25.390625
74.03182911872864,-27.83203125
74.03572511672974,-31.25
74.03973484039307,-29.296875
74.04363107681274,-26.85546875
74.04752707481384,-22.4609375
74.05142331123352,-19.04296875
74.05531930923462,-17.578125
74.0592155456543,-15.13671875
74.0631115436554,-13.671875
74.06700778007507,-18.06640625
74.07090377807617,-26.3671875
74.07479977607727,-20.5078125
74.07869601249695,-16.6015625
74.08259201049805,-16.11328125
74.08662748336792,-18.5546875
74.0905237197876,-23.92578125
74.0944197177887,-23.4375
74.09831595420837,-26.3671875
74.10221195220947,-27.34375
74.10610795021057,-20.5078125
74.11000418663025,-19.53125
74.11390018463135,-22.94921875
74.11779642105103,-25.390625
74.12169241905212,-28.3203125
74.1255886554718,-26.3671875
74.1294846534729,-23.92578125
74.13348984718323,-30.76171875
74.1373860836029,-36.62109375
74.141282081604,-36.1328125
74.14517831802368,-38.0859375
74.14907431602478,-39.0625
74.15297055244446,-34.66796875
74.15686655044556,-34.1796875
74.16076278686523,-33.203125
74.16465878486633,-29.296875
74.16855502128601,-25.87890625
74.17245101928711,-27.34375
74.17634725570679,-23.4375
74.18034863471985,-28.80859375
74.18424487113953,-39.0625
74.18814086914062,-31.73828125
74.1920371055603,-37.109375
74.1959331035614,-41.9921875
74.19982933998108,-36.62109375
74.20372533798218,-44.921875
74.20762157440186,-51.26953125
74.21151757240295,-43.9453125
74.21541380882263,-38.0859375
74.21930980682373,-40.0390625
74.22320604324341,-40.52734375
74.22720575332642,-36.1328125
74.23110175132751,-40.52734375
74.23499798774719,-45.41015625
74.23889398574829,-45.41015625
74.24279022216797,-46.38671875
74.24668645858765,-45.8984375
74.25058245658875,-46.875
74.25447869300842,-50.78125
74.25837469100952,-49.31640625
74.2622709274292,-49.31640625
74.2661669254303,-51.26953125
74.27006316184998,-51.26953125
74.27408480644226,-54.6875
74.27798080444336,-57.12890625
74.28187704086304,-59.08203125
74.28577303886414,-54.19921875
74.28966927528381,-48.33984375
74.29356527328491,-45.41015625
74.29746150970459,-42.96875
74.30135774612427,-43.45703125
74.30525374412537,-36.62109375
74.30914998054504,-38.0859375
74.31304597854614,-50.78125
74.31694221496582,-49.8046875
74.32098698616028,-47.36328125
74.32488322257996,-43.45703125
74.32877945899963,-36.1328125
74.33267545700073,-33.203125
74.33657169342041,-37.59765625
74.34046769142151,-40.52734375
74.34436392784119,-37.59765625
74.34826016426086,-37.109375
74.35215616226196,-41.015625
74.35605239868164,-43.45703125
74.35994863510132,-40.52734375
74.36384463310242,-37.109375
74.36786103248596,-35.64453125
74.37175703048706,-33.69140625
74.37565326690674,-46.875
74.37954950332642,-53.22265625
74.38344550132751,-44.921875
74.38734173774719,-42.48046875
74.39123797416687,-42.48046875
74.39513397216797,-43.45703125
74.39903020858765,-44.921875
74.40292620658875,-45.8984375
74.40682244300842,-47.36328125
74.4107186794281,-45.8984375
74.41473150253296,-46.875
74.41862750053406,-51.26953125
74.42252373695374,-50.78125
74.42641997337341,-49.31640625
74.43031597137451,-45.8984375
74.43421220779419,-48.33984375
74.43810844421387,-51.26953125
74.44200444221497,-48.33984375
74.44590067863464,-47.8515625
74.44979667663574,-41.015625
74.45369291305542,-38.0859375
74.4575891494751,-43.45703125
74.46159982681274,-40.0390625
74.46549606323242,-39.0625
74.4693922996521,-39.55078125
74.4732882976532,-35.64453125
74.47718453407288,-34.66796875
74.48108077049255,-33.203125
74.48497700691223,-32.2265625
74.48887300491333,-30.2734375
74.49276924133301,-29.78515625
74.49666547775269,-28.80859375
74.50056147575378,-24.4140625
74.50445771217346,-21.484375
74.50849080085754,-20.5078125
74.51238679885864,-19.04296875
74.51628303527832,-20.01953125
74.520179271698,-28.3203125
74.52407550811768,-26.3671875
74.52797150611877,-22.4609375
74.53186774253845,-28.3203125
74.53576397895813,-24.4140625
74.53965997695923,-18.06640625
74.5435562133789,-21.484375
74.54745244979858,-20.5078125
74.55134868621826,-21.484375
74.55535125732422,-23.92578125
74.5592474937439,-22.4609375
74.563143491745,-20.5078125
74.56703972816467,-13.18359375
74.57093596458435,-7.8125
74.57483220100403,-5.37109375
74.57872819900513,-9.27734375
74.5826244354248,-16.11328125
74.58652067184448,-11.71875
74.59041690826416,-12.20703125
74.59431290626526,-14.16015625
74.59820914268494,-3.90625
74.60221195220947,0.48828125
74.60610795021057,-7.8125
74.61000418663025,-17.08984375
74.61390042304993,-18.06640625
74.6177966594696,-21.97265625
74.6216926574707,-26.85546875
74.62558889389038,-28.80859375
74.62948513031006,-32.2265625
74.63338136672974,-31.73828125
74.63727736473083,-24.4140625
74.64117360115051,-17.578125
74.64506983757019,-20.5078125
74.64909410476685,-20.5078125
74.65299034118652,-18.5546875
74.6568865776062,-20.99609375
74.6607825756073,-24.90234375
74.66467881202698,-25.87890625
74.66857504844666,-28.3203125
74.67247128486633,-28.80859375
74.67636752128601,-22.94921875
74.68026351928711,-18.5546875
74.68415975570679,-19.53125
74.68805599212646,-25.390625
74.69195222854614,-25.390625
74.69597315788269,-27.34375
74.69986939430237,-25.390625
74.70376539230347,-20.01953125
74.70766162872314,-19.53125
74.71155786514282,-18.06640625
74.7154541015625,-20.5078125
74.71935033798218,-24.4140625
74.72324633598328,-23.4375
74.72714257240295,-19.53125
74.73103880882263,-26.3671875
74.73493504524231,-21.97265625
74.73883128166199,-13.671875
74.74287557601929,-21.484375
74.74677181243896,-25.87890625
74.75066804885864,-22.94921875
74.75456404685974,-22.4609375
74.75846028327942,-21.97265625
74.7623565196991,-28.3203125
74.76625275611877,-34.1796875
74.77014899253845,-36.1328125
74.77404522895813,-37.59765625
74.77794146537781,-29.296875
74.7818374633789,-22.4609375
74.78573369979858,-21.484375
74.7897481918335,-22.4609375
74.7936441898346,-20.01953125
74.79754042625427,-22.4609375
74.80143666267395,-35.64453125
74.80533289909363,-41.9921875
74.8092291355133,-42.48046875
74.81312537193298,-43.9453125
74.81702160835266,-41.015625
74.82091784477234,-41.50390625
74.82481384277344,-39.55078125
74.82871007919312,-35.15625
74.8326063156128,-41.50390625
74.8366174697876,-42.48046875
74.84051370620728,-32.71484375
74.84440994262695,-27.34375
74.84830594062805,-33.69140625
74.85220217704773,-40.0390625
74.85609841346741,-40.0390625
74.85999464988708,-35.64453125
74.86389088630676,-31.25
74.86778712272644,-33.203125
74.87168335914612,-32.71484375
74.8755795955658,-37.109375
74.87947583198547,-40.0390625
74.88348650932312,-35.64453125
74.8873827457428,-36.62109375
74.89127898216248,-33.203125
74.89517521858215,-29.296875
74.89907145500183,-26.3671875
74.90296769142151,-21.484375
74.90686392784119,-20.99609375
74.91076016426086,-24.90234375
74.91465640068054,-28.3203125
74.91855263710022,-27.83203125
74.9224488735199,-22.4609375
74.926344871521,-22.94921875
74.93037724494934,-26.3671875
74.93427348136902,-26.85546875
74.9381697177887,-23.92578125
74.94206595420837,-17.08984375
74.94596219062805,-16.11328125
74.94985842704773,-17.578125
74.95375466346741,-19.04296875
74.95765089988708,-18.5546875
74.96154713630676,-20.99609375
74.96544313430786,-20.99609375
74.96933937072754,-18.06640625
74.97323560714722,-18.06640625
74.97723770141602,-17.08984375
74.9811339378357,-14.6484375
74.98503017425537,-16.11328125
74.98892641067505,-16.6015625
74.99282264709473,-6.34765625
74.9967188835144,-1.953125
75.00061511993408,-12.20703125
75.00451135635376,-15.13671875
75.00840759277344,-14.6484375
75.01230382919312,-17.08984375
75.0162000656128,-19.04296875
75.02009630203247,-24.90234375
75.02412176132202,-17.578125
75.0280179977417,-11.23046875
75.03191423416138,-12.6953125
75.03581047058105,-9.765625
75.03970670700073,-15.625
75.04360294342041,-22.94921875
75.04749917984009,-20.01953125
75.05139541625977,-21.484375
75.05529165267944,-24.90234375
75.05918788909912,-27.83203125
75.0630841255188,-31.73828125
75.06698036193848,-25.87890625
75.07100248336792,-22.94921875
75.0748987197876,-23.92578125
75.07879495620728,-24.4140625
75.08269119262695,-23.92578125
75.08658742904663,-15.625
75.09048366546631,-17.578125
75.09437990188599,-21.97265625
75.09827613830566,-26.85546875
75.10217237472534,-38.0859375
75.10606861114502,-25.390625
75.1099648475647,-11.23046875
75.11386108398438,-8.7890625
75.11788010597229,-9.27734375
75.12177634239197,-9.765625
75.12567257881165,-6.34765625
75.12956881523132,-3.90625
75.133465051651,-7.8125
75.13736128807068,-15.625
75.14125752449036,-11.71875
75.14515376091003,-4.39453125
75.14905023574829,-10.7421875
75.15294647216797,-16.6015625
75.15684270858765,-12.6953125
75.16073894500732,-5.37109375
75.16478109359741,-9.765625
75.16867756843567,-15.13671875
75.17257380485535,-14.16015625
75.17647004127502,-9.765625
75.1803662776947,-11.23046875
75.18426251411438,-12.6953125
75.18815875053406,-6.34765625
75.19205498695374,-2.9296875
75.19595122337341,-5.859375
75.19984745979309,-18.06640625
75.20374369621277,-13.18359375
75.20763993263245,-5.859375
75.21165370941162,-10.7421875
75.2155499458313,-9.27734375
75.21944618225098,-11.23046875
75.22334241867065,-19.53125
75.22723865509033,-21.484375
75.23113489151001,-21.97265625
75.23503136634827,-22.4609375
75.23892760276794,-23.92578125
75.24282383918762,-30.76171875
75.2467200756073,-33.203125
75.25061631202698,-25.390625
75.25451254844666,-24.4140625
75.25852274894714,-27.34375
75.2624192237854,-29.296875
75.26631546020508,-27.83203125
75.27021169662476,-28.3203125
75.27410793304443,-38.57421875
75.27800416946411,-40.0390625
75.28190040588379,-38.0859375
75.28579664230347,-41.50390625
75.28969287872314,-46.38671875
75.2935893535614,-46.38671875
75.29748558998108,-46.875
75.30138182640076,-48.33984375
75.30538868904114,-48.828125
75.30928492546082,-51.7578125
75.3131811618805,-48.828125
75.31707739830017,-46.875
75.32097363471985,-51.26953125
75.32486987113953,-52.24609375
75.32876634597778,-57.12890625
75.33266258239746,-65.4296875
75.33655881881714,-66.40625
75.34045505523682,-58.10546875
75.3443512916565,-53.7109375
75.34824752807617,-54.19921875
75.3522777557373,-52.24609375
75.35617399215698,-46.875
75.36007022857666,-42.96875
75.36396646499634,-38.0859375
75.36786270141602,-37.59765625
75.3717589378357,-49.31640625
75.37565541267395,-55.6640625
75.37955164909363,-52.734375
75.3834478855133,-59.08203125
75.38734412193298,-63.4765625
75.39124035835266,-62.98828125
75.39513683319092,-60.05859375
75.39919018745422,-58.59375
75.4030864238739,-60.05859375
75.40698266029358,-59.08203125
75.41087889671326,-52.734375
75.41477513313293,-51.7578125
75.41867160797119,-50.78125
75.42256784439087,-52.734375
75.42646408081055,-62.98828125
75.43036031723022,-55.17578125
75.4342565536499,-44.43359375
75.43815302848816,-47.8515625
75.44204926490784,-53.7109375
75.44607281684875,-56.15234375
75.44996905326843,-59.08203125
75.45386552810669,-57.6171875
75.45776176452637,-57.6171875
75.46165800094604,-57.6171875
75.46555423736572,-56.15234375
75.4694504737854,-48.33984375
75.47334694862366,-37.109375
75.47724318504333,-32.71484375
75.48113942146301,-38.57421875
75.48503565788269,-46.38671875
75.48893213272095,-45.8984375
75.4929518699646,-47.36328125
75.49684810638428,-41.9921875
75.50074458122253,-41.50390625
75.50464081764221,-46.875
75.50853705406189,-42.48046875
75.51243329048157,-37.109375
75.51632976531982,-36.62109375
75.5202260017395,-35.15625
75.52412223815918,-31.73828125
75.52801847457886,-35.64453125
75.53191494941711,-37.109375
75.53581118583679,-36.1328125
75.53982996940613,-41.9921875
75.5437262058258,-46.38671875
75.54762244224548,-46.38671875
75.55151867866516,-43.9453125
75.55541515350342,-36.1328125
75.5593113899231,-37.59765625
75.56320762634277,-41.9921875
75.56710410118103,-40.0390625
75.57100033760071,-41.015625
75.57489657402039,-39.0625
75.57879281044006,-42.96875
75.58268928527832,-40.0390625
75.58673095703125,-30.76171875
75.59062719345093,-31.73828125
75.5945234298706,-37.59765625
75.59841990470886,-47.8515625
75.60231614112854,-45.41015625
75.60621237754822,-31.73828125
75.61010885238647,-30.76171875
75.61400508880615,-29.78515625
75.61790132522583,-26.85546875
75.62179780006409,-26.85546875
75.62569403648376,-28.3203125
75.62959027290344,-30.2734375
75.63360404968262,-28.3203125
75.6375002861023,-33.69140625
75.64139652252197,-38.0859375
75.64529299736023,-32.2265625
75.64918923377991,-29.296875
75.65308547019958,-27.83203125
75.65698194503784,-20.01953125
75.66087818145752,-13.671875
75.6647744178772,-14.6484375
75.66867089271545,-16.6015625
75.67256712913513,-22.4609375
75.67646336555481,-23.92578125
75.68047332763672,-15.625
75.68436980247498,-12.20703125
75.68826603889465,-17.578125
75.69216227531433,-16.6015625
75.69605875015259,-18.5546875
75.69995498657227,-26.3671875
75.70385122299194,-21.97265625
75.7077476978302,-19.53125
75.71164393424988,-20.01953125
75.71554040908813,-16.11328125
75.71943664550781,-15.13671875
75.72333288192749,-19.53125
75.7273383140564,-25.87890625
75.73123478889465,-25.87890625
75.73513102531433,-23.4375
75.73902750015259,-20.5078125
75.74292373657227,-26.3671875
75.74681997299194,-26.85546875
75.7507164478302,-23.92578125
75.75461268424988,-21.97265625
75.75850915908813,-22.94921875
75.76240539550781,-27.83203125
75.76630163192749,-24.4140625
75.77019810676575,-19.04296875
75.77422666549683,-19.04296875
75.7781229019165,-26.85546875
75.78201937675476,-21.97265625
75.78591561317444,-19.53125
75.7898120880127,-25.390625
75.79370832443237,-28.3203125
75.79760456085205,-28.3203125
75.80150103569031,-25.87890625
75.80539727210999,-26.3671875
75.80929374694824,-27.34375
75.81318998336792,-27.34375
75.8170862197876,-21.484375
75.82113909721375,-21.484375
75.82503533363342,-36.1328125
75.82893180847168,-40.0390625
75.83282804489136,-40.0390625
75.83672451972961,-46.875
75.84062075614929,-45.41015625
75.84451723098755,-41.9921875
75.84841346740723,-41.9921875
75.8523097038269,-43.9453125
75.85620617866516,-45.41015625
75.86010241508484,-41.50390625
75.8639988899231,-37.59765625
75.86802172660828,-46.38671875
75.87191820144653,-53.22265625
75.87581443786621,-45.41015625
75.87971091270447,-48.828125
75.88360714912415,-51.7578125
75.8875036239624,-53.7109375
75.89139986038208,-58.10546875
75.89529609680176,-59.5703125
75.89919257164001,-60.546875
75.90308880805969,-62.01171875
75.90698528289795,-56.640625
75.91088151931763,-54.6875
75.91490077972412,-55.17578125
75.91879725456238,-42.96875
75.92269349098206,-37.59765625
75.92658996582031,-45.41015625
75.93048620223999,-49.8046875
75.93438267707825,-42.48046875
75.93827891349792,-44.43359375
75.94217538833618,-53.22265625
75.94607162475586,-43.45703125
75.94996809959412,-35.64453125
75.9538643360138,-44.43359375
75.95776081085205,-51.26953125
75.96177697181702,-50.29296875
75.9656732082367,-42.48046875
75.96956968307495,-42.96875
75.97346591949463,-44.43359375
75.97736239433289,-39.55078125
75.98125863075256,-34.66796875
75.98515510559082,-33.203125
75.9890513420105,-30.2734375
75.99294781684875,-24.90234375
75.99684405326843,-26.85546875
76.00074052810669,-31.25
76.00463676452637,-30.2734375
76.0086760520935,-29.78515625
76.01257228851318,-29.78515625
76.01646876335144,-35.15625
76.02036499977112,-39.55078125
76.02426147460938,-41.50390625
76.02815771102905,-40.52734375
76.03205418586731,-40.52734375
76.03595042228699,-44.921875
76.03984689712524,-38.57421875
76.0437433719635,-33.203125
76.04763960838318,-37.59765625
76.05153608322144,-41.015625
76.05554580688477,-38.57421875
76.05944204330444,-33.203125
76.0633385181427,-29.296875
76.06723475456238,-20.99609375
76.07113122940063,-19.04296875
76.07502770423889,-27.34375
76.07892394065857,-33.203125
76.08282041549683,-30.2734375
76.0867166519165,-30.76171875
76.09061312675476,-34.66796875
76.09450936317444,-32.2265625
76.0984058380127,-26.3671875
76.10241270065308,-29.78515625
76.10630893707275,-34.66796875
76.11020541191101,-37.109375
76.11410164833069,-35.64453125
76.11799812316895,-35.15625
76.1218945980072,-32.71484375
76.12579083442688,-32.71484375
76.12968730926514,-35.64453125
76.13358354568481,-38.57421875
76.13748002052307,-41.50390625
76.14137649536133,-41.015625
76.145272731781,-33.203125
76.1493034362793,-30.2734375
76.15319991111755,-31.73828125
76.15709614753723,-25.87890625
76.16099262237549,-25.390625
76.16488909721375,-26.3671875
76.16878533363342,-33.203125
76.17268180847168,-41.015625
76.17657804489136,-41.50390625
76.18047451972961,-42.96875
76.18437099456787,-43.9453125
76.18826723098755,-41.015625
76.1921637058258,-35.64453125
76.19619154930115,-37.109375
76.2000880241394,-32.71484375
76.20398426055908,-29.78515625
76.20788073539734,-31.25
76.2117772102356,-32.2265625
76.21567344665527,-42.48046875
76.21956992149353,-46.875
76.22346639633179,-42.96875
76.22736263275146,-35.15625
76.23125910758972,-29.296875
76.23515558242798,-30.2734375
76.23905181884766,-33.69140625
76.24310255050659,-37.59765625
76.24699902534485,-33.203125
76.25089526176453,-32.71484375
76.25479173660278,-41.015625
76.25868821144104,-42.96875
76.26258444786072,-41.015625
76.26648092269897,-37.59765625
76.27037739753723,-38.57421875
76.27427363395691,-42.48046875
76.27817010879517,-49.31640625
76.28206658363342,-53.22265625
76.2859628200531,-48.828125
76.28998351097107,-52.24609375
76.29387998580933,-58.10546875
76.29777646064758,-56.640625
76.30167293548584,-53.22265625
76.30556917190552,-54.19921875
76.30946564674377,-54.19921875
76.31336212158203,-54.19921875
76.31725835800171,-52.24609375
76.32115483283997,-50.78125
76.32505130767822,-49.31640625
76.32894778251648,-48.828125
76.33284401893616,-42.48046875
76.33686137199402,-41.50390625
76.34075784683228,-47.8515625
76.34465408325195,-47.8515625
76.34855055809021,-47.36328125
76.35244703292847,-49.8046875
76.35634350776672,-46.875
76.3602397441864,-43.45703125
76.36413621902466,-39.0625
76.36803269386292,-32.71484375
76.37192916870117,-35.15625
76.37582540512085,-43.9453125
76.3797218799591,-49.31640625
76.38373565673828,-48.33984375
76.38763189315796,-42.48046875
76.39152836799622,-39.0625
76.39542484283447,-43.45703125
76.39932131767273,-38.0859375
76.40321755409241,-28.80859375
76.40711402893066,-28.3203125
76.41101050376892,-30.76171875
76.41490697860718,-32.71484375
76.41880321502686,-34.66796875
76.42269968986511,-33.69140625
76.42659616470337,-24.4140625
