time_sec,AF7
0.0,-1000.0
0.003838777542114258,-1000.0
0.007677316665649414,-1000.0
0.011516094207763672,-1000.0
0.015354633331298828,-1000.0
0.019193410873413086,-1000.0
0.023031949996948242,-1000.0
0.0268704891204834,-1000.0
0.030709266662597656,-1000.0
0.03454780578613281,-1000.0
0.03838658332824707,-1000.0
0.04222512245178223,-1000.0
0.04690861701965332,-1000.0
0.05074763298034668,-1000.0
0.05458664894104004,-1000.0
0.0584259033203125,-1000.0
0.06226491928100586,-1000.0
0.06610393524169922,-1000.0
0.06994295120239258,-1000.0
0.07378196716308594,-1000.0
0.0776212215423584,-1000.0
0.08146023750305176,-1000.0
0.08529925346374512,-1000.0
0.08913826942443848,-1000.0
0.09378480911254883,-1000.0
0.09762430191040039,-1000.0
0.10146379470825195,-1000.0
0.10530328750610352,-1000.0
0.10914278030395508,-1000.0
0.11298227310180664,-1000.0
0.1168217658996582,-1000.0
0.12066125869750977,-1000.0
0.12450075149536133,-1000.0
0.1283402442932129,-1000.0
0.13217973709106445,-1000.0
0.13601922988891602,-1000.0
0.14064598083496094,-1000.0
0.1444857120513916,-1000.0
0.14832568168640137,-1000.0
0.15216541290283203,-1000.0
0.1560053825378418,-1000.0
0.15984535217285156,-1000.0
0.16368508338928223,-1000.0
0.167525053024292,-1000.0
0.17136502265930176,-1000.0
0.17520475387573242,-1000.0
0.1790447235107422,-1000.0
0.18288445472717285,-1000.0
0.18746495246887207,-1000.0
0.19130516052246094,-1000.0
0.1951453685760498,-1000.0
0.19898581504821777,-1000.0
0.20282602310180664,-1000.0
0.2066662311553955,-1000.0
0.21050643920898438,-1000.0
0.21434664726257324,-1000.0
0.2181870937347412,-1000.0
0.22202730178833008,-1000.0
0.22586750984191895,-1000.0
0.2297077178955078,-1000.0
0.23425006866455078,-1000.0
0.23809051513671875,-1000.0
0.24193120002746582,-1000.0
0.2457718849182129,-1000.0
0.24961233139038086,-1000.0
0.25345301628112793,-1000.0
0.257293701171875,-1000.0
0.26113414764404297,-1000.0
0.26497483253479004,-1000.0
0.2688155174255371,-1000.0
0.2726559638977051,-1000.0
0.27649664878845215,-1000.0
0.2812521457672119,-1000.0
0.2850933074951172,-1000.0
0.28893423080444336,-1000.0
0.29277539253234863,-1000.0
0.2966163158416748,-1000.0
0.3004574775695801,-1000.0
0.30429840087890625,-1000.0
0.3081395626068115,-1000.0
0.3119804859161377,-1000.0
0.31582164764404297,-1000.0
0.31966280937194824,-1000.0
0.3235037326812744,-1000.0
0.32822084426879883,-1000.0
0.3320624828338623,-1000.0
0.3359038829803467,-1000.0
0.33974552154541016,-1000.0
0.34358692169189453,-1000.0
0.3474283218383789,-1000.0
0.3512699604034424,-1000.0
0.35511136054992676,-1000.0
0.35895276069641113,-1000.0
0.3627943992614746,-1000.0
0.366635799407959,-1000.0
0.37047743797302246,-1000.0
0.37515950202941895,-1000.0
0.3790013790130615,-1000.0
0.3828432559967041,-1000.0
0.3866851329803467,-1000.0
0.39052700996398926,-1000.0
0.39436888694763184,-1000.0
0.3982107639312744,-1000.0
0.402052640914917,-1000.0
0.40589475631713867,-1000.0
0.40973663330078125,-1000.0
0.41357851028442383,-1000.0
0.4174203872680664,-1000.0
0.4220700263977051,-1000.0
0.42591214179992676,-1000.0
0.42975449562072754,-1000.0
0.4335968494415283,-1000.0
0.4374392032623291,-1000.0
0.4412813186645508,-1000.0
0.44512367248535156,-1000.0
0.44896602630615234,-1000.0
0.4528083801269531,-1000.0
0.4566504955291748,-1000.0
0.4604928493499756,-1000.0
0.46433520317077637,-1000.0
0.468944787979126,-1000.0
0.47278738021850586,-1000.0
0.47662997245788574,-1000.0
0.4804728031158447,-1000.0
0.4843153953552246,-1000.0
0.4881579875946045,-1000.0
0.4920008182525635,-1000.0
0.49584341049194336,-1000.0
0.49968600273132324,-1000.0
0.5035288333892822,-1000.0
0.5073714256286621,-1000.0
0.511214017868042,-1000.0
0.5158076286315918,-1000.0
0.5196506977081299,-1000.0
0.523493766784668,-1000.0
0.527336835861206,-1000.0
0.531179666519165,-1000.0
0.5350227355957031,-1000.0
0.5388658046722412,-1000.0
0.5427088737487793,-1000.0
0.5465519428253174,-1000.0
0.5503950119018555,-1000.0
0.5542378425598145,-1000.0
0.5580809116363525,-1000.0
0.562628984451294,-1000.0
0.5664725303649902,-1000.0
0.5703158378601074,-1000.0
0.5741591453552246,-1000.0
0.5780024528503418,-1000.0
0.5818459987640381,-1000.0
0.5856893062591553,-1000.0
0.5895326137542725,-1000.0
0.5933759212493896,-1000.0
0.5972194671630859,-1000.0
0.6010627746582031,-1000.0
0.6049060821533203,-1000.0
0.6094136238098145,-1000.0
0.6132574081420898,-1000.0
0.6171011924743652,-1000.0
0.6209447383880615,-1000.0
0.6247885227203369,-1000.0
0.6286320686340332,-1000.0
0.6324758529663086,-1000.0
0.6363193988800049,-1000.0
0.6401631832122803,-1000.0
0.6440069675445557,-1000.0
0.647850513458252,-1000.0
0.6516942977905273,-1000.0
0.6564121246337891,-1000.0
0.6602561473846436,-1000.0
0.6641004085540771,-1000.0
0.6679444313049316,-1000.0
0.6717884540557861,-1000.0
0.6756324768066406,-1000.0
0.6794767379760742,-1000.0
0.6833207607269287,-1000.0
0.6871647834777832,-1000.0
0.6910090446472168,-1000.0
0.6948530673980713,-1000.0
0.6986970901489258,-1000.0
0.7033765316009521,-1000.0
0.7072210311889648,-1000.0
0.7110655307769775,-1000.0
0.7149100303649902,-1000.0
0.7187545299530029,-1000.0
0.7225990295410156,-1000.0
0.7264435291290283,-1000.0
0.730288028717041,-1000.0
0.7341325283050537,-1000.0
0.7379770278930664,-1000.0
0.7418215274810791,-1000.0
0.7456660270690918,-1000.0
0.7503161430358887,-1000.0
0.7541611194610596,-1000.0
0.7580058574676514,-1000.0
0.7618508338928223,-1000.0
0.7656955718994141,-1000.0
0.769540548324585,-1000.0
0.7733852863311768,-1000.0
0.7772302627563477,-1000.0
0.7810750007629395,-1000.0
0.7849199771881104,-1000.0
0.7887647151947021,-1000.0
0.792609691619873,-1000.0
0.7972214221954346,-1000.0
0.8010666370391846,-1000.0
0.8049118518829346,-1000.0
0.8087570667266846,-1000.0
0.8126022815704346,-1000.0
0.8164474964141846,-1000.0
0.8202929496765137,-1000.0
0.8241381645202637,-1000.0
0.8279833793640137,-1000.0
0.8318285942077637,-1000.0
0.8356738090515137,-1000.0
0.8395190238952637,-1000.0
0.8440957069396973,-1000.0
0.8479413986206055,-1000.0
0.8517868518829346,-1000.0
0.8556325435638428,-1000.0
0.8594779968261719,-1000.0
0.863323450088501,-1000.0
0.8671691417694092,-1000.0
0.8710145950317383,-1000.0
0.8748602867126465,-1000.0
0.8787057399749756,-1000.0
0.8825514316558838,-1000.0
0.8863968849182129,-1000.0
0.8909435272216797,-1000.0
0.8947892189025879,-1000.0
0.8986351490020752,-1000.0
0.9024810791015625,-1000.0
0.9063270092010498,-1000.0
0.9101729393005371,-1000.0
0.9140186309814453,-1000.0
0.9178645610809326,-1000.0
0.9217104911804199,-1000.0
0.9255564212799072,-1000.0
0.9294023513793945,-1000.0
0.9332480430603027,-1000.0
0.937760591506958,-1000.0
0.9416067600250244,-1000.0
0.9454529285430908,-1000.0
0.9492990970611572,-1000.0
0.9531452655792236,-1000.0
0.95699143409729,-1000.0
0.9608376026153564,-1000.0
0.9646837711334229,-1000.0
0.9685301780700684,-1000.0
0.9723763465881348,-1000.0
0.9762225151062012,-1000.0
0.9800686836242676,-1000.0
0.9845733642578125,-1000.0
0.9884200096130371,-1000.0
0.9922664165496826,-1000.0
0.9961128234863281,-1000.0
0.9999594688415527,-1000.0
1.0038058757781982,-1000.0
1.0076522827148438,-1000.0
1.0114989280700684,-1000.0
1.0153453350067139,-1000.0
1.0191917419433594,-1000.0
1.023038387298584,-1000.0
1.0268847942352295,-1000.0
1.0315680503845215,-1000.0
1.0354149341583252,-1000.0
1.039261817932129,-1000.0
1.0431087017059326,-1000.0
1.0469555854797363,-1000.0
1.05080246925354,-1000.0
1.0546493530273438,-1000.0
1.0584962368011475,-1000.0
1.062342882156372,-1000.0
1.0661897659301758,-1000.0
1.0700366497039795,-1000.0
1.0738835334777832,-1000.0
1.0785303115844727,-1000.0
1.0823774337768555,-1000.0
1.0862247943878174,-1000.0
1.0900719165802002,-1000.0
1.093919277191162,-1000.0
1.097766399383545,-1000.0
1.1016137599945068,-1000.0
1.1054608821868896,-1000.0
1.1093082427978516,-1000.0
1.1131553649902344,-1000.0
1.1170024871826172,-1000.0
1.120849847793579,-1000.0
1.1254634857177734,-1000.0
1.1293110847473145,-1000.0
1.1331586837768555,-1000.0
1.1370062828063965,-1000.0
1.1408538818359375,-1000.0
1.1447014808654785,-1000.0
1.1485490798950195,-1000.0
1.1523966789245605,-1000.0
1.1562440395355225,-1000.0
1.1600916385650635,-1000.0
1.1639392375946045,-1000.0
1.1677868366241455,-1000.0
1.1723663806915283,-1000.0
1.1762142181396484,-1000.0
1.1800622940063477,-1000.0
1.1839101314544678,-1000.0
1.187757968902588,-1000.0
1.191605806350708,-1000.0
1.1954538822174072,-1000.0
1.1993017196655273,-1000.0
1.2031495571136475,-1000.0
1.2069973945617676,-1000.0
1.2108454704284668,-1000.0
1.214693307876587,-1000.0
1.2192425727844238,-1000.0
1.2230908870697021,-1000.0
1.2269389629364014,-1000.0
1.2307872772216797,-1000.0
1.234635353088379,-1000.0
1.2384836673736572,-1000.0
1.2423317432403564,-1000.0
1.2461800575256348,-1000.0
1.250028371810913,-1000.0
1.2538764476776123,-1000.0
1.2577247619628906,-1000.0
1.2615728378295898,-1000.0
1.2660901546478271,-1000.0
1.2699384689331055,-1000.0
1.273787021636963,-1000.0
1.2776355743408203,-1000.0
1.2814841270446777,-1000.0
1.2853326797485352,-1000.0
1.2891809940338135,-1000.0
1.293029546737671,-1000.0
1.2968780994415283,-1000.0
1.3007266521453857,-1000.0
1.3045752048492432,-1000.0
1.3084235191345215,-1000.0
1.3129103183746338,-1000.0
1.3167591094970703,-1000.0
1.3206079006195068,-1000.0
1.3244566917419434,-1000.0
1.3283054828643799,-1000.0
1.3321542739868164,-1000.0
1.336003065109253,-1000.0
1.3398518562316895,-1000.0
1.343700647354126,-1000.0
1.3475494384765625,-1000.0
1.351398229598999,-1000.0
1.3552470207214355,-1000.0
1.3597025871276855,-1000.0
1.3635516166687012,-1000.0
1.3674006462097168,-1000.0
1.3712496757507324,-1000.0
1.375098705291748,-1000.0
1.3789477348327637,-1000.0
1.3827967643737793,-1000.0
1.386645793914795,-1000.0
1.3904948234558105,-1000.0
1.3943438529968262,-1000.0
1.3981928825378418,-1000.0
1.4020421504974365,-1000.0
1.4067044258117676,-1000.0
1.4105536937713623,-1000.0
1.4144032001495361,-1000.0
1.4182524681091309,-1000.0
1.4221019744873047,-1000.0
1.4259512424468994,-1000.0
1.4298007488250732,-1000.0
1.433650255203247,-1000.0
1.4374995231628418,-1000.0
1.4413490295410156,-1000.0
1.4451982975006104,-1000.0
1.4490478038787842,-1000.0
1.453664779663086,-1000.0
1.4575145244598389,-1000.0
1.4613642692565918,-1000.0
1.4652140140533447,-1000.0
1.4690637588500977,-1000.0
1.4729135036468506,-1000.0
1.4767632484436035,-1000.0
1.4806129932403564,-1000.0
1.4844627380371094,-1000.0
1.4883124828338623,-1000.0
1.4921622276306152,-1000.0
1.4960119724273682,-1000.0
1.5005972385406494,-1000.0
1.5044472217559814,-1000.0
1.5082972049713135,-1000.0
1.5121471881866455,-1000.0
1.5159974098205566,-1000.0
1.5198473930358887,-1000.0
1.5236973762512207,-1000.0
1.5275473594665527,-1000.0
1.5313975811004639,-1000.0
1.535247564315796,-1000.0
1.539097547531128,-1000.0
1.542947769165039,-1000.0
1.5474982261657715,-1000.0
1.5513484477996826,-1000.0
1.5551989078521729,-1000.0
1.559049129486084,-1000.0
1.5628995895385742,-1000.0
1.5667498111724854,-1000.0
1.5706002712249756,-1000.0
1.5744504928588867,-1000.0
1.578300952911377,-1000.0
1.582151174545288,-1000.0
1.5860016345977783,-1000.0
1.5898520946502686,-1000.0
1.5943727493286133,-1000.0
1.5982234477996826,-1000.0
1.6020739078521729,-1000.0
1.6059246063232422,-1000.0
1.6097753047943115,-1000.0
1.6136257648468018,-1000.0
1.617476463317871,-1000.0
1.6213271617889404,-1000.0
1.6251778602600098,-1000.0
1.6290283203125,-1000.0
1.6328790187835693,-1000.0
1.6367297172546387,-1000.0
1.6412196159362793,-1000.0
1.6450703144073486,-1000.0
1.648921251296997,-1000.0
1.6527721881866455,-1000.0
1.656623125076294,-1000.0
1.6604740619659424,-1000.0
1.6643249988555908,-1000.0
1.6681759357452393,-1000.0
1.6720268726348877,-1000.0
1.675877571105957,-1000.0
1.6797285079956055,-1000.0
1.683579444885254,-996.09375
1.6880404949188232,-998.53515625
1.6918916702270508,-1000.0
1.6957428455352783,-1000.0
1.6995940208435059,-1000.0
1.7034449577331543,-1000.0
1.7072961330413818,-1000.0
1.7111473083496094,-1000.0
1.714998483657837,-1000.0
1.7188496589660645,-1000.0
1.722700834274292,-1000.0
1.7265520095825195,-1000.0
1.730403184890747,-1000.0
1.734837532043457,-1000.0
1.7386889457702637,-1000.0
1.7425403594970703,-1000.0
1.746391773223877,-1000.0
1.7502431869506836,-1000.0
1.7540946006774902,-1000.0
1.7579460144042969,-1000.0
1.7617974281311035,-1000.0
1.765648603439331,-1000.0
1.7695000171661377,-1000.0
1.7733514308929443,-1000.0
1.777202844619751,-1000.0
1.7818191051483154,-998.53515625
1.7856707572937012,-999.51171875
1.789522409439087,-1000.0
1.7933743000030518,-1000.0
1.7972259521484375,-1000.0
1.8010776042938232,-1000.0
1.804929256439209,-1000.0
1.8087811470031738,-1000.0
1.8126327991485596,-1000.0
1.8164844512939453,-1000.0
1.8203363418579102,-1000.0
1.824187994003296,-1000.0
1.82877516746521,-1000.0
1.832627296447754,-1000.0
1.8364791870117188,-1000.0
1.8403313159942627,-999.51171875
1.8441832065582275,-996.09375
1.8480353355407715,-1000.0
1.8518872261047363,-1000.0
1.8557393550872803,-1000.0
1.8595914840698242,-1000.0
1.863443374633789,-1000.0
1.867295503616333,-999.51171875
1.8711473941802979,-1000.0
1.8757054805755615,-1000.0
1.8795578479766846,-1000.0
1.8834102153778076,-1000.0
1.8872623443603516,-995.1171875
1.8911147117614746,-998.53515625
1.8949670791625977,-1000.0
1.8988194465637207,-1000.0
1.9026718139648438,-1000.0
1.9065239429473877,-1000.0
1.9103763103485107,-1000.0
1.9142286777496338,-1000.0
1.9180810451507568,-1000.0
1.922605276107788,-1000.0
1.9264578819274902,-1000.0
1.9303104877471924,-1000.0
1.9341630935668945,-1000.0
1.9380156993865967,-1000.0
1.9418683052062988,-1000.0
1.945720911026001,-1000.0
1.9495735168457031,-1000.0
1.9534261226654053,-1000.0
1.9572787284851074,-1000.0
1.9611313343048096,-1000.0
1.9649839401245117,-1000.0
1.9694797992706299,-1000.0
1.9733326435089111,-1000.0
1.9771854877471924,-1000.0
1.9810383319854736,-1000.0
1.9848911762237549,-1000.0
1.9887440204620361,-1000.0
1.9925968647003174,-1000.0
1.9964497089385986,-1000.0
2.00030255317688,-1000.0
2.004155397415161,-1000.0
2.0080082416534424,-1000.0
2.0118610858917236,-1000.0
2.016331195831299,-1000.0
2.020184278488159,-1000.0
2.0240373611450195,-1000.0
2.02789044380188,-1000.0
2.0317435264587402,-1000.0
2.0355966091156006,-1000.0
2.039449691772461,-1000.0
2.0433027744293213,-1000.0
2.0471560955047607,-1000.0
2.051009178161621,-1000.0
2.0548622608184814,-1000.0
2.058715343475342,-1000.0
2.063361167907715,-1000.0
2.0672144889831543,-1000.0
2.071068048477173,-1000.0
2.0749213695526123,-1000.0
2.078774929046631,-1000.0
2.0826282501220703,-1000.0
2.086481809616089,-1000.0
2.0903351306915283,-1000.0
2.0941884517669678,-1000.0
2.0980420112609863,-1000.0
2.101895332336426,-1000.0
2.1057488918304443,-1000.0
2.1101596355438232,-1000.0
2.114013195037842,-1000.0
2.1178669929504395,-1000.0
2.121720552444458,-1000.0
2.1255741119384766,-1000.0
2.129427909851074,-1000.0
2.1332814693450928,-1000.0
2.1371352672576904,-1000.0
2.140988826751709,-1000.0
2.1448423862457275,-1000.0
2.148696184158325,-1000.0
2.1525497436523438,-1000.0
2.1571342945098877,-1000.0
2.1609880924224854,-1000.0
2.164842128753662,-1000.0
2.1686959266662598,-1000.0
2.1725499629974365,-1000.0
2.1764039993286133,-1000.0
2.180257797241211,-1000.0
2.1841118335723877,-1000.0
2.1879658699035645,-1000.0
2.191819667816162,-1000.0
2.195673704147339,-1000.0
2.1995275020599365,-1000.0
2.2040815353393555,-1000.0
2.2079358100891113,-1000.0
2.211790084838867,-1000.0
2.215644359588623,-1000.0
2.2194983959198,-1000.0
2.2233526706695557,-1000.0
2.2272069454193115,-1000.0
2.2310612201690674,-1000.0
2.2349154949188232,-1000.0
2.23876953125,-1000.0
2.242623805999756,-1000.0
2.2464780807495117,-1000.0
2.2510035037994385,-1000.0
2.2548580169677734,-1000.0
2.2587125301361084,-1000.0
2.2625670433044434,-1000.0
2.2664215564727783,-1000.0
2.2702760696411133,-1000.0
2.2741305828094482,-1000.0
2.277985095977783,-1000.0
2.281839609146118,-1000.0
2.285694122314453,-1000.0
2.289548635482788,-1000.0
2.293402910232544,-1000.0
2.2979114055633545,-1000.0
2.3017661571502686,-1000.0
2.3056209087371826,-1000.0
2.3094756603240967,-1000.0
2.3133304119110107,-1000.0
2.317185163497925,-1000.0
2.321039915084839,-1000.0
2.324894666671753,-1000.0
2.328749418258667,-1000.0
2.332604169845581,-1000.0
2.336458921432495,-1000.0
2.340313673019409,-1000.0
2.344794511795044,-1000.0
2.348649501800537,-1000.0
2.3525044918060303,-1000.0
2.3563594818115234,-1000.0
2.3602144718170166,-1000.0
2.3640694618225098,-1000.0
2.367924451828003,-1000.0
2.371779441833496,-1000.0
2.3756344318389893,-1000.0
2.3794894218444824,-1000.0
2.3833444118499756,-1000.0
2.3871994018554688,-1000.0
2.39164137840271,-1000.0
2.3954966068267822,-1000.0
2.3993518352508545,-1000.0
2.4032070636749268,-1000.0
2.407062292098999,-1000.0
2.4109175205230713,-1000.0
2.4147727489471436,-1000.0
2.418627977371216,-999.0234375
2.422483205795288,-995.1171875
2.4263384342193604,-1000.0
2.4301936626434326,-1000.0
2.434048891067505,-1000.0
2.438467502593994,-1000.0
2.4423229694366455,-1000.0
2.446178436279297,-1000.0
2.4500339031219482,-998.046875
2.4538891315460205,-999.51171875
2.457744598388672,-1000.0
2.4616000652313232,-999.51171875
2.4654555320739746,-1000.0
2.469310998916626,-999.0234375
2.4731664657592773,-994.62890625
2.4770219326019287,-999.51171875
2.48087739944458,-1000.0
2.4852657318115234,-1000.0
2.489121198654175,-1000.0
2.4929769039154053,-1000.0
2.4968326091766357,-1000.0
2.500688314437866,-1000.0
2.5045440196990967,-1000.0
2.508399486541748,-1000.0
2.5122551918029785,-1000.0
2.516110897064209,-1000.0
2.5199666023254395,-1000.0
2.523822069168091,-1000.0
2.5276777744293213,-1000.0
2.532236099243164,-1000.0
2.5360920429229736,-1000.0
2.539947986602783,-989.74609375
2.5438039302825928,-987.79296875
2.5476598739624023,-1000.0
2.551515817642212,-1000.0
2.5553717613220215,-1000.0
2.559227705001831,-1000.0
2.5630836486816406,-1000.0
2.566939353942871,-1000.0
2.5707952976226807,-1000.0
2.5746512413024902,-1000.0
2.5791831016540527,-1000.0
2.5830392837524414,-1000.0
2.58689546585083,-1000.0
2.5907516479492188,-1000.0
2.5946078300476074,-1000.0
2.598464012145996,-1000.0
2.6023201942443848,-1000.0
2.6061763763427734,-1000.0
2.610032558441162,-1000.0
2.61388897895813,-1000.0
2.6177451610565186,-1000.0
2.6216013431549072,-1000.0
2.6261043548583984,-1000.0
2.629960775375366,-1000.0
2.633817195892334,-1000.0
2.6376736164093018,-1000.0
2.6415300369262695,-1000.0
2.6453864574432373,-1000.0
2.649242877960205,-1000.0
2.653099298477173,-1000.0
2.6569559574127197,-1000.0
2.6608123779296875,-1000.0
2.6646687984466553,-998.53515625
2.668525218963623,-999.51171875
2.673001527786255,-1000.0
2.6768581867218018,-1000.0
2.6807148456573486,-1000.0
2.6845715045928955,-1000.0
2.6884281635284424,-999.0234375
2.6922850608825684,-1000.0
2.6961417198181152,-1000.0
2.699998378753662,-1000.0
2.703855037689209,-1000.0
2.707711696624756,-998.046875
2.7115683555603027,-999.51171875
2.7154250144958496,-1000.0
2.71987247467041,-1000.0
2.723729372024536,-1000.0
2.727586269378662,-1000.0
2.731443166732788,-1000.0
2.735300064086914,-1000.0
2.73915696144104,-1000.0
2.743013620376587,-1000.0
2.746870517730713,-1000.0
2.750727415084839,-1000.0
2.754584312438965,-1000.0
2.758441209793091,-1000.0
2.762298107147217,-1000.0
2.766718626022339,-1000.0
2.770575761795044,-1000.0
2.774432897567749,-1000.0
2.778290033340454,-1000.0
2.782147169113159,-999.51171875
2.7860043048858643,-1000.0
2.7898614406585693,-1000.0
2.7937183380126953,-1000.0
2.7975754737854004,-1000.0
2.8014326095581055,-999.51171875
2.8052897453308105,-1000.0
2.8091468811035156,-1000.0
2.813541889190674,-1000.0
2.817399263381958,-1000.0
2.821256399154663,-1000.0
2.8251137733459473,-1000.0
2.8289711475372314,-1000.0
2.8328285217285156,-1000.0
2.8366856575012207,-1000.0
2.840543031692505,-1000.0
2.844400405883789,-1000.0
2.848257541656494,-1000.0
2.8521149158477783,-1000.0
2.8559722900390625,-1000.0
2.8603413105010986,-1000.0
2.864198923110962,-1000.0
2.868056535720825,-1000.0
2.8719139099121094,-1000.0
2.8757715225219727,-1000.0
2.879628896713257,-1000.0
2.88348650932312,-1000.0
2.8873438835144043,-1000.0
2.8912014961242676,-1000.0
2.8950588703155518,-1000.0
2.898916482925415,-1000.0
2.902773857116699,-1000.0
2.907322645187378,-1000.0
2.911180257797241,-1000.0
2.9150381088256836,-1000.0
2.918895959854126,-1000.0
2.9227535724639893,-1000.0
2.9266114234924316,-1000.0
2.930469036102295,-1000.0
2.9343268871307373,-1000.0
2.9381847381591797,-1000.0
2.942042350769043,-1000.0
2.9459002017974854,-1000.0
2.9497578144073486,-990.234375
2.9542670249938965,-985.3515625
2.958125114440918,-1000.0
2.9619832038879395,-999.51171875
2.965841054916382,-996.09375
2.9696991443634033,-1000.0
2.9735569953918457,-1000.0
2.977415084838867,-1000.0
2.9812731742858887,-999.51171875
2.985131025314331,-1000.0
2.9889891147613525,-997.0703125
2.992846965789795,-989.74609375
2.9967050552368164,-1000.0
3.0011866092681885,-1000.0
3.00504469871521,-999.0234375
3.0089030265808105,-1000.0
3.012761116027832,-1000.0
3.0166194438934326,-1000.0
3.020477771759033,-1000.0
3.0243358612060547,-1000.0
3.0281941890716553,-1000.0
3.0320522785186768,-1000.0
3.0359106063842773,-999.51171875
3.039768695831299,-1000.0
3.0436270236968994,-1000.0
3.048081398010254,-1000.0
3.0519397258758545,-1000.0
3.055798292160034,-1000.0
3.0596566200256348,-1000.0
3.0635151863098145,-1000.0
3.067373514175415,-1000.0
3.0712320804595947,-999.51171875
3.0750904083251953,-1000.0
3.078948974609375,-999.0234375
3.0828073024749756,-988.76953125
3.0866658687591553,-996.58203125
3.090524196624756,-1000.0
3.094963550567627,-999.51171875
3.0988221168518066,-1000.0
3.1026809215545654,-999.51171875
3.106539487838745,-1000.0
3.110398054122925,-1000.0
3.1142568588256836,-1000.0
3.1181154251098633,-1000.0
3.121974229812622,-1000.0
3.1258327960968018,-1000.0
3.1296913623809814,-1000.0
3.1335501670837402,-1000.0
3.13740873336792,-1000.0
3.1418142318725586,-1000.0
3.1456730365753174,-1000.0
3.1495320796966553,-1000.0
3.153390884399414,-1000.0
3.157249689102173,-1000.0
3.1611084938049316,-1000.0
3.1649672985076904,-1000.0
3.1688263416290283,-1000.0
3.172685146331787,-1000.0
3.176543951034546,-1000.0
3.1804027557373047,-1000.0
3.1842617988586426,-1000.0
3.1886391639709473,-1000.0
3.192498207092285,-1000.0
3.196357250213623,-1000.0
3.200216293334961,-1000.0
3.204075336456299,-1000.0
3.2079343795776367,-1000.0
3.2117934226989746,-1000.0
3.2156524658203125,-1000.0
3.2195115089416504,-1000.0
3.2233705520629883,-1000.0
3.227229595184326,-1000.0
3.231088638305664,-1000.0
3.235440731048584,-1000.0
3.239299774169922,-1000.0
3.243159055709839,-1000.0
3.247018337249756,-1000.0
3.250877618789673,-1000.0
3.2547366619110107,-1000.0
3.2585959434509277,-1000.0
3.2624552249908447,-1000.0
3.2663145065307617,-992.67578125
3.2701735496520996,-989.74609375
3.2740328311920166,-1000.0
3.2778921127319336,-1000.0
3.2824065685272217,-1000.0
3.2862658500671387,-1000.0
3.2901253700256348,-1000.0
3.293984889984131,-999.0234375
3.297844409942627,-1000.0
3.301703691482544,-1000.0
3.30556321144104,-1000.0
3.309422731399536,-1000.0
3.3132822513580322,-1000.0
3.317141532897949,-1000.0
3.3210010528564453,-1000.0
3.3248605728149414,-1000.0
3.3293471336364746,-1000.0
3.3332066535949707,-1000.0
3.337066411972046,-1000.0
3.340926170349121,-1000.0
3.344785690307617,-1000.0
3.3486454486846924,-1000.0
3.3525052070617676,-1000.0
3.3563647270202637,-1000.0
3.360224485397339,-1000.0
3.364084243774414,-1000.0
3.36794376373291,-997.0703125
3.3718035221099854,-998.046875
3.3762784004211426,-1000.0
3.380138397216797,-1000.0
3.383998394012451,-965.33203125
3.3878581523895264,-974.12109375
3.3917181491851807,-1000.0
3.395577907562256,-999.0234375
3.39943790435791,-1000.0
3.4032979011535645,-1000.0
3.4071576595306396,-1000.0
3.411017656326294,-1000.0
3.414877414703369,-1000.0
3.4187374114990234,-998.53515625
3.423171043395996,-1000.0
3.4270310401916504,-994.62890625
3.430891275405884,-971.19140625
3.434751272201538,-993.65234375
3.4386115074157715,-1000.0
3.442471504211426,-998.53515625
3.44633150100708,-1000.0
3.4501917362213135,-998.046875
3.4540517330169678,-999.51171875
3.457911968231201,-1000.0
3.4617719650268555,-967.7734375
3.465632200241089,-971.19140625
3.4700424671173096,-1000.0
3.473902702331543,-999.0234375
3.4777631759643555,-1000.0
3.481623411178589,-1000.0
3.4854836463928223,-1000.0
3.4893438816070557,-1000.0
3.493204355239868,-1000.0
3.4970645904541016,-1000.0
3.500924825668335,-1000.0
3.5047850608825684,-999.51171875
3.508645534515381,-1000.0
3.5125057697296143,-1000.0
3.516892194747925,-1000.0
3.5207526683807373,-1000.0
3.52461314201355,-1000.0
3.5284736156463623,-999.0234375
3.532334089279175,-1000.0
3.5361945629119873,-1000.0
3.5400550365448,-1000.0
3.5439155101776123,-1000.0
3.547775983810425,-1000.0
3.5516364574432373,-1000.0
3.55549693107605,-1000.0
3.5593574047088623,-1000.0
3.563718557357788,-1000.0
3.5675792694091797,-1000.0
3.571439743041992,-1000.0
3.575300455093384,-1000.0
3.5791611671447754,-1000.0
3.583021879196167,-1000.0
3.5868825912475586,-1000.0
3.590743064880371,-1000.0
3.5946037769317627,-1000.0
3.5984644889831543,-995.1171875
3.602325201034546,-1000.0
3.6061856746673584,-981.93359375
3.6105241775512695,-949.21875
3.614384889602661,-995.60546875
3.618245840072632,-1000.0
3.6221065521240234,-997.55859375
3.625967502593994,-999.0234375
3.6298282146453857,-999.51171875
3.6336891651153564,-1000.0
3.637549877166748,-1000.0
3.6414105892181396,-996.09375
3.6452715396881104,-998.53515625
3.649132251739502,-1000.0
3.6529932022094727,-1000.0
3.6574976444244385,-1000.0
3.6613588333129883,-1000.0
3.665219783782959,-1000.0
3.6690807342529297,-1000.0
3.6729419231414795,-1000.0
3.67680287361145,-1000.0
3.6806640625,-1000.0
3.6845250129699707,-1000.0
3.6883859634399414,-1000.0
3.692247152328491,-1000.0
3.696108102798462,-1000.0
3.6999692916870117,-1000.0
3.7044355869293213,-1000.0
3.708296775817871,-1000.0
3.712158203125,-1000.0
3.71601939201355,-1000.0
3.7198805809020996,-1000.0
3.7237417697906494,-1000.0
3.7276031970977783,-1000.0
3.731464385986328,-1000.0
3.735325574874878,-996.58203125
3.739187002182007,-1000.0
3.7430481910705566,-983.88671875
3.7469093799591064,-915.52734375
3.7513527870178223,-964.84375
3.7552144527435303,-1000.0
3.759075880050659,-994.140625
3.762937307357788,-1000.0
3.766798734664917,-999.51171875
3.770660161972046,-1000.0
3.774521589279175,-1000.0
3.7783830165863037,-998.046875
3.7822444438934326,-1000.0
3.7861061096191406,-995.60546875
3.7899675369262695,-961.9140625
3.7938289642333984,-989.2578125
3.7982473373413086,-1000.0
3.8021090030670166,-997.55859375
3.8059706687927246,-999.51171875
3.8098323345184326,-1000.0
3.8136940002441406,-1000.0
3.8175556659698486,-1000.0
3.8214173316955566,-1000.0
3.8252789974212646,-1000.0
3.8291406631469727,-1000.0
3.8330023288726807,-1000.0
3.8368639945983887,-1000.0
3.8407256603240967,-1000.0
3.845122814178467,-1000.0
3.848984479904175,-995.1171875
3.852846384048462,-994.140625
3.856708288192749,-1000.0
3.860569953918457,-1000.0
3.864431858062744,-1000.0
3.8682937622070312,-1000.0
3.8721554279327393,-1000.0
3.8760173320770264,-1000.0
3.8798792362213135,-999.0234375
3.8837411403656006,-1000.0
3.8876028060913086,-992.67578125
3.8919730186462402,-980.46875
3.8958349227905273,-997.0703125
3.8996970653533936,-1000.0
3.9035589694976807,-968.26171875
3.907421112060547,-951.66015625
3.911283016204834,-1000.0
3.915144920349121,-1000.0
3.9190070629119873,-1000.0
3.9228689670562744,-992.1875
3.9267311096191406,-973.6328125
3.9305930137634277,-991.69921875
3.934455156326294,-1000.0
3.9388015270233154,-999.51171875
3.9426636695861816,-1000.0
3.946526050567627,-1000.0
3.950388193130493,-1000.0
3.9542503356933594,-1000.0
3.9581124782562256,-1000.0
3.961974620819092,-1000.0
3.965836763381958,-1000.0
3.969698905944824,-1000.0
3.9735610485076904,-1000.0
3.9774231910705566,-1000.0
3.981285333633423,-1000.0
3.9857823848724365,-1000.0
3.989644765853882,-1000.0
3.993507146835327,-1000.0
3.9973695278167725,-1000.0
4.001231908798218,-1000.0
4.005094289779663,-1000.0
4.008956670761108,-1000.0
4.012819051742554,-1000.0
4.016681432723999,-1000.0
4.020543813705444,-1000.0
4.02440619468689,-1000.0
4.028268575668335,-1000.0
4.032740116119385,-1000.0
4.036602735519409,-1000.0
4.040465354919434,-1000.0
4.044327974319458,-1000.0
4.048190355300903,-1000.0
4.052052974700928,-1000.0
4.055915594100952,-1000.0
4.059778213500977,-1000.0
4.063640832901001,-1000.0
4.067503452301025,-1000.0
4.07136607170105,-1000.0
4.075228452682495,-1000.0
4.07966423034668,-1000.0
4.083527088165283,-1000.0
4.087389707565308,-999.51171875
4.091252565383911,-996.58203125
4.095115423202515,-1000.0
4.098978042602539,-1000.0
4.102840900421143,-1000.0
4.106703758239746,-1000.0
4.1105663776397705,-1000.0
4.114429235458374,-1000.0
4.1182920932769775,-1000.0
4.122154712677002,-1000.0
4.126577377319336,-1000.0
4.1304402351379395,-1000.0
4.134303331375122,-1000.0
4.138166189193726,-1000.0
4.142029285430908,-1000.0
4.145892143249512,-1000.0
4.149755239486694,-1000.0
4.153618097305298,-1000.0
4.157480955123901,-1000.0
4.161344051361084,-1000.0
4.1652069091796875,-1000.0
4.16907000541687,-1000.0
4.173469305038452,-1000.0
4.177332401275635,-1000.0
4.181195497512817,-1000.0
4.18505859375,-1000.0
4.188921928405762,-1000.0
4.192785024642944,-1000.0
4.196648120880127,-1000.0
4.20051121711731,-998.046875
4.204374313354492,-1000.0
4.208237648010254,-966.30859375
4.2121007442474365,-953.125
4.215963840484619,-1000.0
4.2204999923706055,-1000.0
4.224363327026367,-992.1875
4.228226661682129,-981.93359375
4.232089996337891,-996.58203125
4.235953330993652,-1000.0
4.239816665649414,-999.51171875
4.243680000305176,-1000.0
4.2475433349609375,-1000.0
4.251406908035278,-1000.0
4.25527024269104,-1000.0
4.259133577346802,-1000.0
4.2629969120025635,-1000.0
4.267507553100586,-1000.0
4.271371126174927,-1000.0
4.275234699249268,-1000.0
4.279098272323608,-1000.0
4.282961845397949,-1000.0
4.28682541847229,-1000.0
4.290688991546631,-1000.0
4.294552564620972,-1000.0
4.2984161376953125,-1000.0
4.302279710769653,-1000.0
4.306143283843994,-1000.0
4.310006856918335,-1000.0
4.314501523971558,-1000.0
4.318365097045898,-1000.0
4.322228908538818,-1000.0
4.326092720031738,-1000.0
4.329956531524658,-1000.0
4.333820343017578,-1000.0
4.337684154510498,-1000.0
4.341547966003418,-1000.0
4.345411777496338,-1000.0
4.349275588989258,-1000.0
4.353139162063599,-988.76953125
4.3570029735565186,-992.1875
4.361463785171509,-996.58203125
4.365327835083008,-994.140625
4.369191884994507,-1000.0
4.373055696487427,-1000.0
4.376919746398926,-1000.0
4.380783796310425,-1000.0
4.384647846221924,-1000.0
4.388511657714844,-1000.0
4.392375707626343,-1000.0
4.396239757537842,-1000.0
4.400103569030762,-1000.0
4.403967618942261,-1000.0
4.408403635025024,-1000.0
4.4122679233551025,-996.58203125
4.416131973266602,-997.0703125
4.41999626159668,-998.53515625
4.423860311508179,-996.09375
4.427724599838257,-1000.0
4.431588649749756,-1000.0
4.435452938079834,-1000.0
4.439316987991333,-1000.0
4.443181276321411,-1000.0
4.44704532623291,-1000.0
4.450909614562988,-1000.0
4.455332040786743,-1000.0
4.459196329116821,-1000.0
4.463060617446899,-1000.0
4.4669249057769775,-1000.0
4.470789432525635,-1000.0
4.474653720855713,-1000.0
4.478518009185791,-1000.0
4.482382297515869,-1000.0
4.486246824264526,-1000.0
4.4901111125946045,-1000.0
4.493975400924683,-1000.0
4.497839689254761,-1000.0
4.50223970413208,-1000.0
4.506104230880737,-1000.0
4.5099687576293945,-1000.0
4.513833045959473,-1000.0
4.51769757270813,-1000.0
4.521562099456787,-1000.0
4.525426626205444,-1000.0
4.529291152954102,-1000.0
4.533155679702759,-1000.0
4.537020206451416,-1000.0
4.540884733200073,-1000.0
4.5447492599487305,-999.0234375
4.549292802810669,-999.51171875
4.553157567977905,-1000.0
4.557022333145142,-1000.0
4.560886859893799,-1000.0
4.564751625061035,-1000.0
4.5686163902282715,-1000.0
4.572481155395508,-1000.0
4.576345920562744,-1000.0
4.5802106857299805,-1000.0
4.584075450897217,-1000.0
4.587940216064453,-1000.0
4.5918049812316895,-1000.0
4.596312522888184,-1000.0
4.600177526473999,-1000.0
4.604042291641235,-1000.0
4.607907295227051,-1000.0
4.611772298812866,-1000.0
4.615637302398682,-1000.0
4.619502067565918,-1000.0
4.623367071151733,-1000.0
4.627232074737549,-1000.0
4.631097078323364,-1000.0
4.634961843490601,-1000.0
4.638826847076416,-1000.0
4.643309831619263,-1000.0
4.647175073623657,-1000.0
4.651040077209473,-1000.0
4.654905319213867,-1000.0
4.658770322799683,-1000.0
4.662635564804077,-1000.0
4.666500806808472,-1000.0
4.670365810394287,-996.58203125
4.674231052398682,-1000.0
4.678096055984497,-978.515625
4.681961297988892,-938.96484375
4.685826301574707,-990.234375
4.690295219421387,-1000.0
4.694160461425781,-982.421875
4.698025703430176,-967.28515625
4.701891183853149,-997.0703125
4.705756425857544,-1000.0
4.709621906280518,-999.0234375
4.713487148284912,-1000.0
4.717352390289307,-1000.0
4.72121787071228,-1000.0
4.725083112716675,-1000.0
4.728948593139648,-998.046875
4.732813835144043,-1000.0
4.737249135971069,-990.72265625
4.741114616394043,-964.35546875
4.744980096817017,-992.1875
4.74884557723999,-1000.0
4.752711057662964,-998.53515625
4.7565765380859375,-1000.0
4.760442018508911,-1000.0
4.764307737350464,-1000.0
4.7681732177734375,-1000.0
4.772038698196411,-1000.0
4.775904178619385,-1000.0
4.779769659042358,-1000.0
4.784181118011475,-1000.0
4.788046836853027,-1000.0
4.79191255569458,-1000.0
4.795778274536133,-1000.0
4.7996439933776855,-1000.0
4.803509712219238,-1000.0
4.807375431060791,-1000.0
4.811241149902344,-1000.0
4.815106630325317,-1000.0
4.81897234916687,-996.58203125
4.822838068008423,-996.58203125
4.826703786849976,-1000.0
4.831116199493408,-1000.0
4.834981918334961,-1000.0
4.838847875595093,-1000.0
4.8427135944366455,-1000.0
4.846579551696777,-1000.0
4.850445508956909,-1000.0
4.854311227798462,-1000.0
4.858177185058594,-1000.0
4.8620429039001465,-999.51171875
4.865908861160278,-999.51171875
4.86977481842041,-1000.0
4.873640537261963,-1000.0
4.87800669670105,-996.09375
4.881872892379761,-992.67578125
4.885738849639893,-1000.0
4.889604806900024,-1000.0
4.893470764160156,-1000.0
4.897336959838867,-1000.0
4.901202917098999,-1000.0
4.905068874359131,-1000.0
4.908934831619263,-998.046875
4.912801027297974,-1000.0
4.9166669845581055,-987.79296875
4.920532941818237,-960.9375
4.925039768218994,-990.234375
4.928905963897705,-1000.0
4.932772159576416,-997.55859375
4.936638355255127,-952.63671875
4.940504550933838,-974.12109375
4.944370746612549,-1000.0
4.94823694229126,-997.55859375
4.952103137969971,-1000.0
4.955969333648682,-1000.0
4.959835529327393,-1000.0
4.9637017250061035,-1000.0
4.9675681591033936,-1000.0
4.972049713134766,-1000.0
4.975916147232056,-1000.0
4.979782581329346,-1000.0
4.983649015426636,-1000.0
4.987515449523926,-1000.0
4.991381883621216,-1000.0
4.995248317718506,-1000.0
4.999114513397217,-1000.0
5.002980947494507,-1000.0
5.006847381591797,-1000.0
5.010713815689087,-1000.0
5.014580249786377,-1000.0
5.01903772354126,-1000.0
5.022904396057129,-1000.0
5.026770830154419,-1000.0
5.030637502670288,-1000.0
5.034504175186157,-1000.0
5.038370609283447,-1000.0
5.042237281799316,-1000.0
5.0461039543151855,-1000.0
5.049970388412476,-1000.0
5.053837060928345,-999.0234375
5.057703733444214,-998.046875
5.061570167541504,-1000.0
5.066007137298584,-1000.0
5.069873809814453,-1000.0
5.073740720748901,-1000.0
5.0776073932647705,-1000.0
5.081474304199219,-1000.0
5.085340976715088,-1000.0
5.089207649230957,-1000.0
5.093074560165405,-999.0234375
5.096941232681274,-1000.0
5.100808143615723,-988.28125
5.104674816131592,-982.91015625
5.108541488647461,-1000.0
5.1129536628723145,-1000.0
5.116820573806763,-999.0234375
5.120687484741211,-999.51171875
5.124554395675659,-1000.0
5.128421306610107,-1000.0
5.132288217544556,-1000.0
5.136155128479004,-1000.0
5.140022039413452,-1000.0
5.1438889503479,-1000.0
5.147755861282349,-1000.0
5.151623010635376,-999.0234375
5.155489921569824,-1000.0
5.159878730773926,-1000.0
5.163745880126953,-963.37890625
5.167612791061401,-976.5625
5.171479940414429,-1000.0
5.175347089767456,-998.046875
5.179214239120483,-1000.0
5.183081150054932,-1000.0
5.186948299407959,-1000.0
5.190815448760986,-1000.0
5.194682598114014,-1000.0
5.198549509048462,-1000.0
5.202416658401489,-999.0234375
5.206784725189209,-999.0234375
5.210651874542236,-1000.0
5.214519023895264,-1000.0
5.21838641166687,-1000.0
5.2222535610198975,-1000.0
5.226120948791504,-1000.0
5.229988098144531,-1000.0
5.233855485916138,-1000.0
5.237722635269165,-1000.0
5.241589784622192,-1000.0
5.245457172393799,-1000.0
5.249324321746826,-1000.0
5.253670692443848,-1000.0
5.257538080215454,-1000.0
5.2614054679870605,-1000.0
5.265272855758667,-1000.0
5.269140243530273,-1000.0
5.27300763130188,-1000.0
5.276875257492065,-1000.0
5.280742645263672,-1000.0
5.284610033035278,-1000.0
5.288477420806885,-1000.0
5.292344808578491,-1000.0
5.296212196350098,-1000.0
5.300698280334473,-1000.0
5.304565668106079,-1000.0
5.308433294296265,-1000.0
5.31230092048645,-1000.0
5.316168546676636,-1000.0
5.320036172866821,-1000.0
5.323903799057007,-1000.0
5.327771186828613,-1000.0
5.331638813018799,-1000.0
5.335506439208984,-1000.0
5.33937406539917,-1000.0
5.3432416915893555,-1000.0
5.347700357437134,-1000.0
5.351568222045898,-1000.0
5.355435848236084,-1000.0
5.359303712844849,-1000.0
5.363171339035034,-1000.0
5.367039203643799,-1000.0
5.370906829833984,-1000.0
5.374774694442749,-1000.0
5.378642559051514,-1000.0
5.382510185241699,-1000.0
5.386378049850464,-1000.0
5.390245676040649,-1000.0
5.394681453704834,-1000.0
5.398549556732178,-998.53515625
5.402417421340942,-993.1640625
5.406285285949707,-998.046875
5.410153388977051,-1000.0
5.414021253585815,-1000.0
5.41788911819458,-1000.0
5.421756982803345,-1000.0
5.4256250858306885,-1000.0
5.429492950439453,-1000.0
5.433360815048218,-997.0703125
5.437228679656982,-995.1171875
5.44164252281189,-1000.0
5.445510625839233,-999.51171875
5.449378728866577,-1000.0
5.453246831893921,-1000.0
5.457114934921265,-1000.0
5.460983037948608,-1000.0
5.464851140975952,-1000.0
5.468719244003296,-999.0234375
5.47258734703064,-1000.0
5.476455450057983,-995.60546875
5.480323553085327,-977.5390625
5.484191417694092,-992.1875
5.488583564758301,-1000.0
5.492451906204224,-999.0234375
5.496320009231567,-1000.0
5.50018835067749,-1000.0
5.504056692123413,-1000.0
5.507924795150757,-1000.0
5.51179313659668,-1000.0
5.515661239624023,-1000.0
5.519529581069946,-1000.0
5.523397922515869,-1000.0
5.527266025543213,-999.51171875
5.531134366989136,-1000.0
5.535504102706909,-1000.0
5.539372444152832,-954.58984375
5.543241024017334,-960.44921875
5.547109365463257,-1000.0
5.55097770690918,-999.51171875
5.5548460483551025,-999.51171875
5.5587146282196045,-1000.0
5.562582969665527,-1000.0
5.56645131111145,-1000.0
5.570319652557373,-1000.0
5.574187994003296,-1000.0
5.578056573867798,-1000.0
5.5824055671691895,-1000.0
5.586274147033691,-987.79296875
5.590142726898193,-992.67578125
5.594011306762695,-1000.0
5.597879886627197,-999.51171875
5.60174822807312,-1000.0
5.605616807937622,-1000.0
5.609485387802124,-1000.0
5.613353967666626,-1000.0
5.617222547531128,-1000.0
5.62109112739563,-1000.0
5.624959707260132,-1000.0
5.629440069198608,-1000.0
5.6333088874816895,-1000.0
5.637177467346191,-1000.0
5.6410462856292725,-1000.0
5.6449151039123535,-1000.0
5.6487836837768555,-1000.0
5.6526525020599365,-1000.0
5.6565210819244385,-999.51171875
5.6603899002075195,-998.046875
5.664258718490601,-999.0234375
5.6681272983551025,-1000.0
5.671996116638184,-1000.0
5.676456689834595,-1000.0
5.680325508117676,-1000.0
5.684194326400757,-1000.0
5.688063383102417,-1000.0
5.691932201385498,-1000.0
5.695801019668579,-1000.0
5.699670076370239,-1000.0
5.70353889465332,-1000.0
5.707407712936401,-1000.0
5.7112767696380615,-1000.0
5.715145587921143,-1000.0
5.719014406204224,-1000.0
5.723450422286987,-1000.0
5.7273194789886475,-1000.0
5.731188535690308,-1000.0
5.735057592391968,-1000.0
5.738926649093628,-1000.0
5.742795705795288,-1000.0
5.746664762496948,-1000.0
5.750533819198608,-1000.0
5.7544028759002686,-1000.0
5.758271932601929,-1000.0
5.762140989303589,-1000.0
5.766010046005249,-1000.0
5.770423173904419,-1000.0
5.774292469024658,-1000.0
5.7781617641448975,-1000.0
5.782031059265137,-988.76953125
5.785900115966797,-992.67578125
5.789769411087036,-1000.0
5.793638706207275,-999.51171875
5.7975077629089355,-1000.0
5.801377058029175,-1000.0
5.805246353149414,-1000.0
5.809115409851074,-997.0703125
5.8129847049713135,-1000.0
5.817389488220215,-999.51171875
5.821258783340454,-897.4609375
5.825128078460693,-924.31640625
5.828997611999512,-1000.0
5.832866907119751,-997.0703125
5.83673620223999,-999.51171875
5.840605735778809,-1000.0
5.844475030899048,-1000.0
5.848344326019287,-1000.0
5.8522138595581055,-1000.0
5.856083154678345,-1000.0
5.859952449798584,-1000.0
5.864323616027832,-1000.0
5.86819314956665,-1000.0
5.872062683105469,-1000.0
5.875932216644287,-1000.0
5.8798017501831055,-1000.0
5.883671283721924,-1000.0
5.887540817260742,-1000.0
5.8914103507995605,-1000.0
5.895279884338379,-1000.0
5.899149417877197,-999.51171875
5.903018951416016,-999.0234375
5.906888484954834,-999.0234375
5.911237955093384,-1000.0
5.915107727050781,-993.1640625
5.918977499008179,-981.93359375
5.922847032546997,-1000.0
5.9267168045043945,-1000.0
5.930586338043213,-1000.0
5.93445611000061,-994.62890625
5.938325643539429,-1000.0
5.942195415496826,-956.54296875
5.9460649490356445,-899.4140625
5.949934720993042,-983.3984375
5.95380425453186,-1000.0
5.958134174346924,-977.05078125
5.962003946304321,-878.41796875
5.965873718261719,-952.1484375
5.969743728637695,-1000.0
5.973613500595093,-993.65234375
5.97748327255249,-1000.0
5.981353044509888,-1000.0
5.985222816467285,-1000.0
5.989092588424683,-1000.0
5.99296236038208,-1000.0
5.9968321323394775,-1000.0
6.000701904296875,-1000.0
6.0050108432769775,-1000.0
6.008880853652954,-1000.0
6.012750864028931,-1000.0
6.016620635986328,-1000.0
6.020490646362305,-1000.0
6.024360656738281,-1000.0
6.028230428695679,-1000.0
6.032100439071655,-1000.0
6.035970449447632,-1000.0
6.039840221405029,-1000.0
6.043710231781006,-1000.0
6.047580003738403,-1000.0
6.052017688751221,-1000.0
6.055887699127197,-1000.0
6.059757709503174,-1000.0
6.0636279582977295,-1000.0
6.067497968673706,-1000.0
6.071367979049683,-1000.0
6.075237989425659,-1000.0
6.079108238220215,-1000.0
6.082978248596191,-1000.0
6.086848258972168,-1000.0
6.090718507766724,-1000.0
6.0945885181427,-1000.0
6.099004507064819,-1000.0
6.102874755859375,-1000.0
6.106745004653931,-1000.0
6.110615253448486,-1000.0
6.114485502243042,-1000.0
6.118355751037598,-1000.0
6.122225999832153,-999.51171875
6.126096248626709,-999.0234375
6.129966497421265,-1000.0
6.13383674621582,-1000.0
6.137706995010376,-1000.0
6.141577243804932,-1000.0
6.145973443984985,-1000.0
6.14984393119812,-1000.0
6.153714418411255,-1000.0
6.1575846672058105,-1000.0
6.161455154418945,-1000.0
6.165325403213501,-1000.0
6.169195890426636,-1000.0
6.1730663776397705,-997.0703125
6.176936626434326,-1000.0
6.180807113647461,-996.58203125
6.184677362442017,-921.875
6.188547849655151,-957.51953125
6.192922592163086,-1000.0
6.1967933177948,-960.44921875
6.200663805007935,-883.30078125
6.204534292221069,-975.5859375
6.208404779434204,-1000.0
6.212275266647339,-994.140625
6.216145992279053,-1000.0
6.2200164794921875,-1000.0
6.223886966705322,-1000.0
6.227757453918457,-1000.0
6.231627941131592,-1000.0
6.235498428344727,-1000.0
6.2398529052734375,-1000.0
6.243723630905151,-970.703125
6.247594356536865,-976.07421875
6.25146484375,-1000.0
6.255335569381714,-999.0234375
6.259206295013428,-1000.0
6.263077020645142,-1000.0
6.266947507858276,-1000.0
6.27081823348999,-1000.0
6.274688959121704,-1000.0
6.278559684753418,-1000.0
6.282430171966553,-1000.0
6.28676438331604,-1000.0
6.290635347366333,-1000.0
6.294506072998047,-1000.0
6.298376798629761,-1000.0
6.302247762680054,-1000.0
6.306118488311768,-1000.0
6.3099892139434814,-1000.0
6.313859939575195,-1000.0
6.317730903625488,-1000.0
6.321601629257202,-1000.0
6.325472354888916,-1000.0
6.329343318939209,-1000.0
6.3336570262908936,-1000.0
6.337527751922607,-1000.0
6.3413987159729,-1000.0
6.345269680023193,-995.1171875
6.349140644073486,-995.60546875
6.353011608123779,-999.51171875
6.356882572174072,-999.0234375
6.360753297805786,-1000.0
6.364624261856079,-912.59765625
6.368495225906372,-871.09375
6.372366189956665,-981.4453125
6.376237154006958,-1000.0
6.380534887313843,-996.09375
6.384406089782715,-996.09375
6.388277053833008,-996.09375
6.392148017883301,-1000.0
6.396019220352173,-1000.0
6.399890184402466,-1000.0
6.403761148452759,-1000.0
6.407632350921631,-1000.0
6.411503314971924,-999.0234375
6.415374279022217,-1000.0
6.419245481491089,-1000.0
6.423116445541382,-953.125
6.427535772323608,-969.23828125
6.4314069747924805,-1000.0
6.4352781772613525,-998.53515625
6.439149379730225,-1000.0
6.443020582199097,-980.95703125
6.446891784667969,-988.76953125
6.450762987136841,-1000.0
6.454634189605713,-999.0234375
6.458505392074585,-1000.0
6.462376594543457,-1000.0
6.466247797012329,-1000.0
6.470118761062622,-1000.0
6.474517583847046,-1000.0
6.478389024734497,-1000.0
6.482260227203369,-1000.0
6.48613166809082,-1000.0
6.4900031089782715,-1000.0
6.4938743114471436,-1000.0
6.497745752334595,-1000.0
6.501616954803467,-1000.0
6.505488395690918,-1000.0
6.509359836578369,-1000.0
6.513231039047241,-1000.0
6.517102479934692,-1000.0
6.521479845046997,-1000.0
6.525351285934448,-1000.0
6.529222726821899,-1000.0
6.533094167709351,-1000.0
6.536965847015381,-1000.0
6.540837287902832,-1000.0
6.544708728790283,-1000.0
6.548580169677734,-1000.0
6.5524516105651855,-999.51171875
6.556323289871216,-1000.0
6.560194730758667,-988.76953125
6.564066171646118,-985.83984375
6.568423748016357,-1000.0
6.572295427322388,-1000.0
6.576167106628418,-1000.0
6.580038547515869,-1000.0
6.583910226821899,-1000.0
6.58778190612793,-1000.0
6.591653347015381,-1000.0
6.595525026321411,-1000.0
6.599396705627441,-1000.0
6.603268384933472,-1000.0
6.607139825820923,-1000.0
6.611011505126953,-1000.0
6.615349292755127,-1000.0
6.619220972061157,-998.53515625
6.623092889785767,-990.234375
6.626964569091797,-993.65234375
6.630836248397827,-1000.0
6.6347081661224365,-1000.0
6.638579845428467,-998.046875
6.642451524734497,-1000.0
6.646323204040527,-995.1171875
6.650195121765137,-958.0078125
6.654066801071167,-1000.0
6.657938480377197,-989.74609375
6.662256956100464,-862.79296875
6.666128873825073,-941.89453125
6.670000791549683,-1000.0
6.673872470855713,-993.65234375
6.677744388580322,-999.0234375
6.681616306304932,-996.58203125
6.685488224029541,-1000.0
6.68936014175415,-1000.0
6.693231821060181,-1000.0
6.69710373878479,-1000.0
6.700975656509399,-1000.0
6.704847574234009,-1000.0
6.709148168563843,-1000.0
6.713020086288452,-1000.0
6.7168920040130615,-1000.0
6.72076416015625,-1000.0
6.724636077880859,-1000.0
6.728507995605469,-1000.0
6.732379913330078,-1000.0
6.736252069473267,-1000.0
6.740123987197876,-1000.0
6.743995904922485,-1000.0
6.747868061065674,-1000.0
6.751739978790283,-1000.0
6.756023168563843,-1000.0
6.759895324707031,-1000.0
6.76376748085022,-1000.0
6.767639398574829,-1000.0
6.771511554718018,-1000.0
6.775383710861206,-1000.0
6.7792558670043945,-1000.0
6.783127784729004,-1000.0
6.786999940872192,-1000.0
6.790872097015381,-999.51171875
6.794744253158569,-999.51171875
6.798616170883179,-1000.0
6.803017854690552,-961.9140625
6.806890249252319,-964.35546875
6.810762405395508,-1000.0
6.814634561538696,-999.0234375
6.818506956100464,-999.51171875
6.822379112243652,-1000.0
6.826251268386841,-1000.0
6.830123662948608,-1000.0
6.833995819091797,-1000.0
6.837867975234985,-1000.0
6.841740369796753,-1000.0
6.845612525939941,-1000.0
6.849993467330933,-1000.0
6.8538658618927,-1000.0
6.857738256454468,-1000.0
6.861610651016235,-1000.0
6.865483045578003,-1000.0
6.8693554401397705,-1000.0
6.873227596282959,-1000.0
6.877099990844727,-1000.0
6.880972385406494,-1000.0
6.884844779968262,-1000.0
6.888717174530029,-1000.0
6.892589569091797,-999.51171875
6.896950960159302,-1000.0
6.900823593139648,-1000.0
6.904695987701416,-963.8671875
6.908568620681763,-972.65625
6.91244101524353,-1000.0
6.916313648223877,-998.53515625
6.9201860427856445,-1000.0
6.924058675765991,-993.1640625
6.927931070327759,-992.1875
6.9318037033081055,-1000.0
6.935676097869873,-999.51171875
6.93954873085022,-978.02734375
6.943893194198608,-990.234375
6.947765827178955,-1000.0
6.951638460159302,-998.53515625
6.955511093139648,-1000.0
6.959383726119995,-999.51171875
6.963256359100342,-999.51171875
6.9671289920806885,-1000.0
6.971001625061035,-995.60546875
6.974874258041382,-1000.0
6.9787468910217285,-992.67578125
6.982619524002075,-883.7890625
6.986492156982422,-938.4765625
6.990816831588745,-1000.0
6.994689464569092,-967.7734375
6.998562335968018,-913.0859375
7.002434968948364,-916.015625
7.00630784034729,-1000.0
7.010180473327637,-1000.0
7.0140533447265625,-999.0234375
7.017925977706909,-997.0703125
7.021798849105835,-1000.0
7.025671482086182,-980.46875
7.029544353485107,-954.1015625
7.033416986465454,-995.1171875
7.037720680236816,-1000.0
7.041593551635742,-965.33203125
7.045466423034668,-932.6171875
7.049339294433594,-993.65234375
7.0532121658325195,-1000.0
7.057085037231445,-997.0703125
7.060957908630371,-1000.0
7.064830780029297,-1000.0
7.068703651428223,-1000.0
7.072576522827148,-1000.0
7.076449394226074,-1000.0
7.080322265625,-1000.0
7.084606885910034,-997.55859375
7.08847975730896,-999.0234375
7.092352867126465,-1000.0
7.096225738525391,-1000.0
7.1000988483428955,-1000.0
7.103971719741821,-1000.0
7.107844829559326,-1000.0
7.111717700958252,-1000.0
7.115590810775757,-994.62890625
7.119463682174683,-1000.0
7.1233367919921875,-989.2578125
7.127209663391113,-885.25390625
7.131475448608398,-946.77734375
7.135348558425903,-1000.0
7.139221668243408,-995.60546875
7.143094778060913,-1000.0
7.146967887878418,-948.73046875
7.150840997695923,-966.796875
7.154713869094849,-1000.0
7.1585869789123535,-998.53515625
7.162460088729858,-866.2109375
7.166333198547363,-836.9140625
7.170206308364868,-988.28125
7.174079418182373,-1000.0
7.178465366363525,-995.1171875
7.182338714599609,-1000.0
7.186211824417114,-903.80859375
7.190085172653198,-916.50390625
7.193958282470703,-1000.0
7.197831630706787,-994.62890625
7.201704740524292,-1000.0
7.205577850341797,-951.66015625
7.209451198577881,-915.0390625
7.213324308395386,-994.140625
7.21719765663147,-1000.0
7.221070766448975,-796.38671875
7.2254369258880615,-649.90234375
7.2293102741241455,-916.9921875
7.2331836223602295,-1000.0
7.2370569705963135,-986.81640625
7.2409303188323975,-1000.0
7.2448036670684814,-998.53515625
7.248677015304565,-1000.0
7.252550363540649,-1000.0
7.256423711776733,-993.1640625
7.260297060012817,-1000.0
7.264170408248901,-920.41015625
7.268043756484985,-812.01171875
7.272390365600586,-951.171875
7.27626371383667,-1000.0
7.280137300491333,-949.21875
7.284010648727417,-740.72265625
7.28788423538208,-856.4453125
7.291757583618164,-1000.0
7.295631170272827,-991.69921875
7.299504518508911,-999.0234375
7.303378105163574,-1000.0
7.307251691818237,-1000.0
7.311125040054321,-996.09375
7.314998626708984,-999.51171875
7.319324970245361,-1000.0
7.323198556900024,-833.984375
7.3270721435546875,-765.13671875
7.330945730209351,-966.30859375
7.334819316864014,-1000.0
7.338692903518677,-998.046875
7.34256649017334,-990.72265625
7.346440076828003,-926.26953125
7.350313663482666,-975.09765625
7.354187250137329,-1000.0
7.358060836791992,-981.93359375
7.361934661865234,-935.05859375
7.366243362426758,-840.33203125
7.370116949081421,-796.875
7.373990774154663,-945.80078125
7.377864360809326,-1000.0
7.381738185882568,-894.53125
7.3856117725372314,-880.37109375
7.389485597610474,-995.60546875
7.393359184265137,-994.140625
7.397233009338379,-1000.0
7.401106595993042,-929.19921875
7.404980421066284,-786.1328125
7.408854007720947,-941.89453125
7.413144111633301,-1000.0
7.417017936706543,-990.234375
7.420891761779785,-1000.0
7.424765586853027,-999.51171875
7.4286394119262695,-1000.0
7.432513236999512,-1000.0
7.436387062072754,-993.65234375
7.440260887145996,-1000.0
7.444134712219238,-980.95703125
7.4480085372924805,-865.234375
7.451882362365723,-946.77734375
7.455755949020386,-1000.0
7.4600279331207275,-980.95703125
7.463901996612549,-922.36328125
7.467775821685791,-951.171875
7.471649646759033,-1000.0
7.4755237102508545,-999.0234375
7.479397535324097,-999.0234375
7.483271598815918,-1000.0
7.48714542388916,-1000.0
7.491019248962402,-1000.0
7.494893312454224,-993.65234375
7.498767137527466,-1000.0
7.502641201019287,-924.31640625
7.506894588470459,-720.21484375
7.510768413543701,-832.03125
7.5146424770355225,-1000.0
7.518516540527344,-996.09375
7.522390604019165,-997.0703125
7.526264667510986,-1000.0
7.530138731002808,-996.58203125
7.53401255607605,-1000.0
7.537886619567871,-992.1875
7.541760683059692,-888.671875
7.545634746551514,-728.02734375
7.549508810043335,-706.0546875
7.5538787841796875,-911.62109375
7.557752847671509,-1000.0
7.56162691116333,-962.890625
7.5655012130737305,-730.95703125
7.569375276565552,-718.26171875
7.573249340057373,-966.30859375
7.577123641967773,-1000.0
7.580997705459595,-985.3515625
7.584871768951416,-858.3984375
7.588746070861816,-923.33984375
7.592620134353638,-1000.0
7.596494197845459,-988.28125
7.600845575332642,-995.60546875
7.604719877243042,-928.22265625
7.608594179153442,-862.3046875
7.612468481063843,-978.02734375
7.616342782974243,-1000.0
7.6202168464660645,-996.58203125
7.624091148376465,-1000.0
7.627965450286865,-918.9453125
7.631839752197266,-955.56640625
7.635714054107666,-1000.0
7.639588356018066,-1000.0
7.643462657928467,-870.60546875
7.647804021835327,-822.75390625
7.6516783237457275,-987.79296875
7.655552625656128,-1000.0
7.659427165985107,-993.65234375
7.663301467895508,-1000.0
7.667176008224487,-1000.0
7.671050310134888,-1000.0
7.674924612045288,-999.0234375
7.678799152374268,-1000.0
7.682673454284668,-1000.0
7.686547756195068,-954.58984375
7.690422296524048,-964.84375
7.694736003875732,-1000.0
7.698610544204712,-1000.0
7.702485084533691,-957.03125
7.706359624862671,-963.8671875
7.71023416519165,-1000.0
7.71410870552063,-999.0234375
7.717983245849609,-1000.0
7.72185754776001,-1000.0
7.725732088088989,-1000.0
7.729606628417969,-1000.0
7.733481168746948,-992.67578125
7.737355709075928,-1000.0
7.741650581359863,-986.328125
7.745525360107422,-785.15625
7.749399900436401,-834.9609375
7.753274440765381,-1000.0
7.7571492195129395,-997.55859375
7.761023759841919,-998.046875
7.764898300170898,-972.16796875
7.768772840499878,-971.6796875
7.7726476192474365,-1000.0
7.776522159576416,-997.55859375
7.7803966999053955,-1000.0
7.784271478652954,-996.58203125
7.7885661125183105,-951.171875
7.792440891265869,-979.4921875
7.796315431594849,-1000.0
7.800190210342407,-997.0703125
7.804064989089966,-1000.0
7.807939767837524,-1000.0
7.811814308166504,-1000.0
7.8156890869140625,-993.1640625
7.819563865661621,-1000.0
7.82343864440918,-937.98828125
7.827313184738159,-846.19140625
7.831187963485718,-975.5859375
7.835448503494263,-1000.0
7.839323282241821,-996.58203125
7.84319806098938,-1000.0
7.8470728397369385,-879.8828125
7.850947856903076,-921.875
7.854822635650635,-1000.0
7.858697414398193,-993.65234375
7.862572193145752,-1000.0
7.8664469718933105,-989.2578125
7.870321750640869,-980.95703125
7.874196529388428,-992.1875
7.878071546554565,-1000.0
7.882312297821045,-959.9609375
7.886187314987183,-818.359375
7.890062093734741,-948.2421875
7.893937110900879,-1000.0
7.8978118896484375,-990.234375
7.901686906814575,-1000.0
7.905561685562134,-1000.0
7.9094367027282715,-1000.0
7.91331148147583,-999.0234375
7.917186498641968,-994.140625
7.9210615158081055,-1000.0
7.924936294555664,-877.9296875
7.929291248321533,-756.34765625
7.933166265487671,-939.453125
7.937041282653809,-1000.0
7.940916299819946,-939.453125
7.944791316986084,-701.171875
7.948666334152222,-807.6171875
7.952541351318359,-1000.0
7.956416368484497,-995.1171875
7.960291385650635,-996.58203125
7.9641664028167725,-1000.0
7.968041658401489,-996.09375
7.971916675567627,-996.09375
7.976255178451538,-1000.0
7.980130195617676,-1000.0
7.984005451202393,-993.65234375
7.98788046836853,-977.05078125
7.991755723953247,-990.72265625
7.995630979537964,-997.0703125
7.999505996704102,-1000.0
8.003381252288818,-873.046875
8.007256269454956,-761.71875
8.011131525039673,-958.49609375
8.01500654220581,-1000.0
8.018881797790527,-985.83984375
8.0232093334198,-1000.0
8.027084589004517,-967.28515625
8.030959844589233,-933.10546875
8.03483510017395,-997.55859375
8.038710355758667,-1000.0
8.042585611343384,-997.55859375
8.0464608669281,-1000.0
8.050336122512817,-1000.0
8.054211378097534,-997.0703125
8.058086633682251,-1000.0
8.061961889266968,-996.09375
8.065837144851685,-926.26953125
8.070137739181519,-967.7734375
8.074013233184814,-1000.0
8.077888488769531,-995.60546875
8.081763982772827,-1000.0
8.085639238357544,-998.046875
8.08951473236084,-998.046875
8.093389987945557,-1000.0
8.097265243530273,-995.60546875
8.10114073753357,-1000.0
8.105015993118286,-990.234375
8.108891487121582,-906.25
8.112766742706299,-963.8671875
8.11704969406128,-1000.0
8.120925188064575,-999.0234375
8.124800682067871,-919.921875
8.128676176071167,-920.8984375
8.132551670074463,-1000.0
8.136427164077759,-999.51171875
8.140302658081055,-998.53515625
8.14417815208435,-1000.0
8.148053407669067,-1000.0
8.151928901672363,-1000.0
8.15580439567566,-995.1171875
8.159679889678955,-1000.0
8.16394567489624,-951.171875
8.167821407318115,-777.83203125
8.171696901321411,-839.35546875
8.175572395324707,-1000.0
8.179447889328003,-999.51171875
8.183323621749878,-996.09375
8.187199115753174,-1000.0
8.19107460975647,-1000.0
8.194950342178345,-1000.0
8.19882583618164,-996.58203125
8.202701330184937,-1000.0
8.206576824188232,-957.03125
8.210824489593506,-934.5703125
8.21470022201538,-990.72265625
8.218575954437256,-1000.0
8.222451448440552,-969.23828125
8.226327180862427,-796.38671875
8.230202913284302,-890.625
8.234078407287598,-1000.0
8.237954139709473,-1000.0
8.241829872131348,-974.12109375
8.245705366134644,-803.7109375
8.249581098556519,-892.578125
8.253456830978394,-1000.0
8.257689714431763,-993.65234375
8.261565446853638,-999.51171875
8.265441179275513,-1000.0
8.269316911697388,-1000.0
8.273192644119263,-1000.0
8.277068376541138,-1000.0
8.280944108963013,-1000.0
8.284819841384888,-1000.0
8.288695573806763,-997.0703125
8.292571306228638,-992.1875
8.296447038650513,-1000.0
8.300322771072388,-1000.0
8.304676055908203,-862.3046875
8.308551788330078,-854.00390625
8.312427759170532,-998.53515625
8.316303491592407,-1000.0
8.320179462432861,-995.60546875
8.324055194854736,-1000.0
8.32793116569519,-1000.0
8.331807136535645,-1000.0
8.33568286895752,-993.65234375
8.339558839797974,-1000.0
8.343434572219849,-985.83984375
8.347310543060303,-825.68359375
8.351633071899414,-895.5078125
8.355509042739868,-1000.0
8.359385013580322,-994.140625
8.363260984420776,-999.51171875
8.36713695526123,-1000.0
8.371012926101685,-1000.0
8.374888896942139,-1000.0
8.378764867782593,-1000.0
8.382640838623047,-1000.0
8.386516809463501,-1000.0
8.390392780303955,-1000.0
8.39426875114441,-995.1171875
8.398574590682983,-1000.0
8.402450799942017,-999.0234375
8.40632677078247,-808.10546875
8.410202741622925,-736.328125
8.414078950881958,-958.49609375
8.417954921722412,-1000.0
8.421831130981445,-995.60546875
8.4257071018219,-895.01953125
8.429583311080933,-907.2265625
8.433459281921387,-1000.0
8.43733525276184,-988.76953125
8.441211462020874,-1000.0
8.445500612258911,-972.16796875
8.449376583099365,-819.82421875
8.453252792358398,-930.17578125
8.457129001617432,-1000.0
8.461005210876465,-990.72265625
8.464881420135498,-1000.0
8.468757629394531,-997.0703125
8.472633838653564,-999.0234375
8.476509809494019,-995.1171875
8.480386018753052,-1000.0
8.484262228012085,-975.09765625
8.488138437271118,-906.73828125
8.492411375045776,-984.86328125
8.496287822723389,-1000.0
8.500164031982422,-1000.0
8.504040241241455,-976.5625
8.507916450500488,-793.9453125
8.5117928981781,-889.16015625
8.515669107437134,-1000.0
8.519545316696167,-990.234375
8.5234215259552,-1000.0
8.527297973632812,-844.7265625
8.531174182891846,-823.2421875
8.535050392150879,-988.76953125
8.539303302764893,-1000.0
8.543179750442505,-957.51953125
8.547055959701538,-872.0703125
8.55093240737915,-963.8671875
8.554808616638184,-1000.0
8.558685064315796,-994.140625
8.562561511993408,-1000.0
8.566437721252441,-1000.0
8.570314168930054,-1000.0
8.574190616607666,-994.140625
8.5780668258667,-999.51171875
8.581943273544312,-1000.0
8.586188554763794,-789.55078125
8.590065002441406,-641.11328125
8.593941450119019,-901.3671875
8.59781789779663,-1000.0
8.601694345474243,-974.609375
8.605570793151855,-910.64453125
8.609447240829468,-939.453125
8.61332368850708,-1000.0
8.617200136184692,-994.62890625
8.621076583862305,-1000.0
8.624953031539917,-993.65234375
8.62882947921753,-903.80859375
8.633050203323364,-953.125
8.636926651000977,-1000.0
8.640803337097168,-1000.0
8.64467978477478,-983.3984375
8.648556470870972,-822.75390625
8.652432918548584,-921.875
8.656309366226196,-1000.0
8.660186052322388,-1000.0
8.6640625,-975.5859375
8.667938947677612,-839.35546875
8.671815633773804,-922.8515625
8.675692081451416,-1000.0
8.680031299591064,-992.1875
8.683907747268677,-909.66796875
8.687784433364868,-705.56640625
8.69166111946106,-752.44140625
8.695537805557251,-980.46875
8.699414491653442,-1000.0
8.703291177749634,-1000.0
8.707167625427246,-830.56640625
8.711044311523438,-755.859375
8.714920997619629,-960.44921875
8.71879768371582,-1000.0
8.722674369812012,-957.51953125
8.726986646652222,-765.625
8.730863332748413,-812.01171875
8.734740018844604,-983.88671875
8.738616943359375,-1000.0
8.742493629455566,-985.83984375
8.746370315551758,-886.23046875
8.75024700164795,-815.91796875
8.75412392616272,-942.87109375
8.758000612258911,-1000.0
8.761877298355103,-1000.0
8.765753984451294,-849.609375
8.769630908966064,-664.0625
8.773925065994263,-886.23046875
8.777801752090454,-1000.0
8.781678676605225,-986.81640625
8.785555601119995,-786.62109375
8.789432287216187,-729.98046875
8.793309211730957,-963.37890625
8.797186136245728,-1000.0
8.801062822341919,-985.3515625
8.80493974685669,-995.1171875
8.80881667137146,-994.140625
8.812693357467651,-988.76953125
8.816570281982422,-995.60546875
8.820846796035767,-1000.0
8.824723720550537,-875.9765625
8.828600883483887,-713.37890625
8.832477807998657,-903.3203125
8.836354732513428,-1000.0
8.840231657028198,-1000.0
8.844108581542969,-972.65625
8.84798550605774,-816.40625
8.85186243057251,-940.4296875
8.85573935508728,-1000.0
8.85961627960205,-988.28125
8.863493204116821,-997.0703125
8.867753744125366,-820.3125
8.871630668640137,-763.671875
8.875507831573486,-963.8671875
8.879384756088257,-1000.0
8.883261919021606,-978.02734375
8.887138843536377,-880.37109375
8.891016006469727,-894.53125
8.894892930984497,-988.28125
8.898769855499268,-1000.0
8.902647018432617,-985.3515625
8.906523942947388,-776.85546875
8.910401105880737,-779.296875
8.91464614868164,-976.5625
8.91852331161499,-1000.0
8.92240047454834,-994.140625
8.92627763748169,-867.67578125
8.93015456199646,-722.16796875
8.93403172492981,-923.828125
8.93790888786316,-1000.0
8.941786050796509,-990.234375
8.945663213729858,-1000.0
8.949540376663208,-930.17578125
8.953417301177979,-962.890625
8.957294464111328,-1000.0
8.961521625518799,-1000.0
8.965398788452148,-916.9921875
8.969275951385498,-876.953125
8.973153114318848,-990.234375
8.977030277252197,-1000.0
8.980907678604126,-993.1640625
8.984784841537476,-1000.0
8.988662004470825,-980.95703125
8.992539167404175,-969.23828125
8.996416330337524,-998.046875
9.000293493270874,-1000.0
9.004170894622803,-1000.0
9.008381605148315,-820.3125
9.012259006500244,-787.109375
9.016136169433594,-986.328125
9.020013570785522,-1000.0
9.023890733718872,-975.09765625
9.0277681350708,-925.29296875
9.03164529800415,-978.515625
9.035522699356079,-1000.0
9.039399862289429,-989.74609375
9.043277263641357,-1000.0
9.047154426574707,-965.8203125
9.051031827926636,-887.20703125
9.055357694625854,-977.05078125
9.059235095977783,-1000.0
9.063112497329712,-1000.0
9.066989660263062,-900.87890625
9.07086706161499,-839.35546875
9.074744462966919,-975.5859375
9.078621864318848,-1000.0
9.082499265670776,-1000.0
9.086376667022705,-904.78515625
9.090254068374634,-913.57421875
9.094131469726562,-1000.0
9.098008871078491,-987.79296875
9.102309226989746,-1000.0
9.106186628341675,-960.44921875
9.110064268112183,-814.94140625
9.113941669464111,-951.171875
9.11781930923462,-1000.0
9.121696710586548,-997.55859375
9.125574111938477,-995.1171875
9.129451751708984,-821.77734375
9.133329153060913,-892.08984375
9.137206554412842,-1000.0
9.14108419418335,-1000.0
9.144961595535278,-922.36328125
9.149244785308838,-830.56640625
9.153122425079346,-969.23828125
9.156999826431274,-1000.0
9.160877466201782,-992.67578125
9.16475510597229,-1000.0
9.168632745742798,-999.0234375
9.172510147094727,-999.51171875
9.176387786865234,-999.51171875
9.180265426635742,-997.55859375
9.18414306640625,-1000.0
9.188020467758179,-919.921875
9.191898107528687,-892.08984375
9.196165561676025,-992.67578125
9.200043201446533,-1000.0
9.20392107963562,-952.63671875
9.207798719406128,-826.66015625
9.211676359176636,-846.6796875
9.215553998947144,-979.4921875
9.219431638717651,-1000.0
9.22330927848816,-994.140625
9.227186918258667,-974.609375
9.231064796447754,-908.203125
9.234942436218262,-971.6796875
9.23882007598877,-1000.0
9.243069171905518,-1000.0
9.246946811676025,-833.49609375
9.250824689865112,-720.703125
9.25470232963562,-944.3359375
9.258580207824707,-1000.0
9.262457847595215,-999.0234375
9.266335725784302,-968.26171875
9.27021336555481,-933.10546875
9.274091243743896,-1000.0
9.277968883514404,-1000.0
9.281846761703491,-999.0234375
9.285724401473999,-1000.0
9.28995943069458,-943.359375
9.293837308883667,-963.8671875
9.297714948654175,-1000.0
9.301592826843262,-1000.0
9.305470705032349,-940.91796875
9.309348583221436,-792.48046875
9.313226461410522,-923.828125
9.31710433959961,-1000.0
9.320982217788696,-1000.0
9.324859857559204,-924.8046875
9.328737735748291,-738.76953125
9.332615613937378,-829.1015625
9.336832761764526,-992.67578125
9.340710639953613,-993.65234375
9.3445885181427,-923.828125
9.348466634750366,-696.2890625
9.352344512939453,-659.1796875
9.35622239112854,-953.125
9.360100269317627,-1000.0
9.363978147506714,-995.60546875
9.3678560256958,-889.6484375
9.371734142303467,-864.2578125
9.375612020492554,-992.67578125
9.37948989868164,-1000.0
9.38369107246399,-986.328125
9.387569189071655,-905.2734375
9.391447067260742,-961.42578125
9.395325183868408,-1000.0
9.399203062057495,-994.62890625
9.403081178665161,-1000.0
9.406959056854248,-1000.0
9.410837173461914,-1000.0
9.414715051651001,-1000.0
9.418593168258667,-1000.0
9.422471046447754,-1000.0
9.42634916305542,-1000.0
9.43065619468689,-1000.0
9.434534072875977,-1000.0
9.438412189483643,-1000.0
9.442290306091309,-1000.0
9.446168422698975,-1000.0
9.45004653930664,-1000.0
9.453924655914307,-1000.0
9.457802772521973,-1000.0
9.461680889129639,-998.046875
9.465559005737305,-1000.0
9.46943712234497,-969.7265625
9.473315000534058,-953.61328125
9.477604389190674,-1000.0
9.48148250579834,-994.62890625
9.485360860824585,-798.828125
9.489238977432251,-623.53515625
9.493117094039917,-782.71484375
9.496995449066162,-991.69921875
9.500873565673828,-1000.0
9.504751682281494,-985.83984375
9.50863003730774,-950.1953125
9.512508153915405,-987.3046875
9.516386270523071,-1000.0
9.520264387130737,-996.58203125
9.524538278579712,-1000.0
9.528416395187378,-996.58203125
9.532294750213623,-991.69921875
9.536173105239868,-1000.0
9.540051221847534,-997.55859375
9.54392957687378,-1000.0
9.547807931900024,-989.74609375
9.55168604850769,-955.56640625
9.555564403533936,-990.72265625
9.55944275856018,-1000.0
9.563321113586426,-998.53515625
9.567199230194092,-957.03125
9.571455955505371,-975.5859375
9.575334310531616,-1000.0
9.579212665557861,-997.55859375
9.583091020584106,-1000.0
9.586969375610352,-1000.0
9.590847730636597,-1000.0
9.594726085662842,-1000.0
9.598604440689087,-1000.0
9.602482795715332,-1000.0
9.606361150741577,-1000.0
9.610239505767822,-1000.0
9.614117860794067,-997.0703125
9.618358850479126,-996.58203125
9.622237205505371,-1000.0
9.626115560531616,-836.9140625
9.62999415397644,-690.4296875
9.633872509002686,-859.375
9.63775110244751,-1000.0
9.641629457473755,-976.07421875
9.6455078125,-962.890625
9.649386405944824,-921.875
9.65326476097107,-775.390625
9.657143115997314,-861.328125
9.661021709442139,-915.52734375
9.66524600982666,-511.71875
9.669124603271484,-100.09765625
9.673003196716309,-125.48828125
9.676881551742554,-541.50390625
9.680760145187378,-610.83984375
9.684638738632202,-243.1640625
9.688517093658447,-37.59765625
9.692395687103271,-265.13671875
9.696274280548096,-406.25
9.70015287399292,-291.50390625
9.704031229019165,-59.08203125
9.70790982246399,250.9765625
9.712119102478027,423.33984375
9.715997695922852,288.0859375
9.719876289367676,58.10546875
9.7237548828125,207.51953125
9.727633476257324,583.0078125
9.731512069702148,635.25390625
9.735390663146973,169.921875
9.739269256591797,-208.49609375
9.743147850036621,66.89453125
9.747026443481445,386.71875
9.75090503692627,478.02734375
9.754783630371094,448.73046875
9.758976221084595,361.81640625
9.762854814529419,411.62109375
9.766733407974243,566.89453125
9.770612239837646,600.09765625
9.77449083328247,479.4921875
9.778369426727295,129.8828125
9.78224802017212,-124.0234375
9.786126852035522,208.984375
9.790005445480347,481.93359375
9.793884038925171,255.37109375
9.797762870788574,-180.17578125
9.801641464233398,-349.12109375
9.805936813354492,-147.4609375
9.809815645217896,-79.1015625
9.813694477081299,-313.4765625
9.817573308944702,-587.40234375
9.821451902389526,-721.6796875
9.82533073425293,-749.51171875
9.829209566116333,-773.4375
9.833088159561157,-874.0234375
9.83696699142456,-1000.0
9.840845823287964,-999.0234375
9.844724416732788,-999.0234375
9.848603248596191,-997.0703125
9.852883100509644,-995.60546875
9.856761932373047,-993.65234375
9.86064076423645,-1000.0
9.864519596099854,-994.62890625
9.868398427963257,-740.234375
9.87227725982666,-525.390625
9.876156091690063,-461.42578125
9.880034923553467,-158.203125
9.88391375541687,295.41015625
9.887792825698853,498.53515625
9.891671657562256,755.37109375
9.89555048942566,791.015625
9.899813890457153,579.58984375
9.903692960739136,719.7265625
9.907571792602539,955.078125
9.911450862884521,983.3984375
9.915329694747925,912.109375
9.919208526611328,684.08203125
9.92308759689331,756.8359375
9.926966428756714,975.09765625
9.930845499038696,961.42578125
9.9347243309021,913.57421875
9.938603401184082,926.7578125
9.942482233047485,958.984375
9.94673204421997,956.54296875
9.950610876083374,976.07421875
9.954489946365356,934.5703125
9.958369016647339,503.41796875
9.962248086929321,267.08984375
9.966127157211304,328.61328125
9.970005989074707,225.09765625
9.97388505935669,-84.9609375
9.977764129638672,-687.5
9.981643199920654,-689.453125
9.985522270202637,-270.99609375
9.98940110206604,-201.66015625
9.993633031845093,-362.79296875
9.997512102127075,-549.31640625
10.001391410827637,-561.03515625
10.00527048110962,-464.84375
10.009149551391602,-355.46875
10.013028621673584,-427.734375
10.016907691955566,-664.55078125
10.020786762237549,-786.1328125
10.024665832519531,-667.48046875
10.028544902801514,-150.87890625
10.032424211502075,15.13671875
10.036303281784058,-195.80078125
10.040517568588257,-9.27734375
10.044396877288818,432.12890625
10.0482759475708,623.046875
10.052155256271362,485.83984375
10.056034326553345,353.515625
10.059913396835327,320.3125
10.063792705535889,355.95703125
10.067671775817871,293.45703125
10.071551084518433,570.3125
10.075430154800415,789.0625
10.079309463500977,669.43359375
10.083188533782959,766.6015625
10.087388753890991,956.54296875
10.091268062591553,984.86328125
10.095147132873535,916.9921875
10.099026441574097,893.06640625
10.102905750274658,949.21875
10.10678505897522,999.51171875
10.110664129257202,876.953125
10.114543437957764,590.33203125
10.118422746658325,787.109375
10.122301816940308,981.93359375
10.12618112564087,962.40234375
10.13006043434143,959.9609375
10.13424563407898,980.46875
10.138124942779541,956.0546875
10.142004251480103,834.9609375
10.145883560180664,887.6953125
10.149762868881226,999.51171875
10.153642177581787,878.90625
10.157521486282349,292.48046875
10.16140079498291,335.9375
10.165280103683472,890.625
10.169159412384033,930.6640625
10.173038721084595,751.46484375
10.176918029785156,845.703125
10.181203126907349,974.12109375
10.18508243560791,967.7734375
10.18896198272705,962.890625
10.192841291427612,970.21484375
10.196720600128174,976.07421875
10.200600147247314,816.89453125
10.204479455947876,770.99609375
10.208359003067017,888.671875
10.212238311767578,982.421875
10.21611762046814,528.80859375
10.21999716758728,225.09765625
10.223876476287842,679.6875
10.228146076202393,831.54296875
10.232025623321533,595.21484375
10.235905170440674,488.76953125
10.239784479141235,319.3359375
10.243664026260376,232.421875
10.247543573379517,234.375
10.251423120498657,223.14453125
10.255302429199219,295.8984375
10.25918197631836,56.640625
10.2630615234375,-304.6875
10.26694107055664,20.5078125
10.270820379257202,355.46875
10.275075912475586,62.5
10.278955459594727,-125.48828125
10.282835006713867,85.44921875
10.286714553833008,372.55859375
10.290594100952148,251.46484375
10.294473886489868,-171.875
10.298353433609009,-342.7734375
10.30223298072815,-96.19140625
10.30611252784729,-123.53515625
10.30999207496643,-353.515625
10.313871622085571,-144.53125
10.317751169204712,-250.0
10.32198977470398,-379.8828125
10.32586932182312,-56.15234375
10.32974910736084,97.16796875
10.33362865447998,-183.59375
10.3375084400177,-388.18359375
10.34138798713684,-450.68359375
10.345267534255981,-272.4609375
10.349147319793701,-63.4765625
10.353026866912842,-637.20703125
10.356906652450562,-791.015625
10.360786199569702,-458.0078125
10.364665985107422,-346.19140625
10.368888854980469,-198.73046875
10.372768640518188,-219.23828125
10.376648426055908,-366.2109375
10.380527973175049,-449.70703125
10.384407758712769,-298.33984375
10.388287544250488,-250.9765625
10.392167091369629,-382.8125
10.396046876907349,-695.80078125
10.399926662445068,-1000.0
10.403806447982788,-617.67578125
10.407685995101929,-285.64453125
10.411565780639648,-466.796875
10.415773630142212,-574.70703125
10.419653415679932,-560.546875
10.42353343963623,-548.828125
10.42741322517395,-668.45703125
10.43129301071167,-649.4140625
10.43517279624939,-762.20703125
10.43905258178711,-985.83984375
10.442932367324829,-995.60546875
10.446812152862549,-735.83984375
10.450691938400269,-398.4375
10.454571723937988,-561.03515625
10.458451509475708,-905.76171875
10.462644100189209,-796.875
10.466523885726929,-445.80078125
10.470403671264648,-365.72265625
10.474283695220947,-541.015625
10.478163480758667,-675.29296875
10.482043266296387,-728.02734375
10.485923290252686,-825.1953125
10.489803075790405,-944.3359375
10.493682861328125,-702.1484375
10.497562885284424,-658.203125
10.501442670822144,-776.3671875
10.505322456359863,-468.75
10.50950026512146,-205.078125
10.51338005065918,-309.5703125
10.517260074615479,-713.8671875
10.521139860153198,-903.80859375
10.525019884109497,-521.484375
10.528899908065796,-468.26171875
10.532779693603516,-917.48046875
10.536659717559814,-1000.0
10.540539503097534,-846.6796875
10.544419527053833,-724.12109375
10.548299312591553,-601.07421875
10.552179336547852,-548.33984375
10.556455850601196,-685.546875
10.560335874557495,-907.71484375
10.564215898513794,-855.46875
10.568095922470093,-541.015625
10.571975946426392,-509.765625
10.57585597038269,-865.72265625
10.57973599433899,-1000.0
10.583616018295288,-867.67578125
10.587496042251587,-502.44140625
10.591376066207886,-678.22265625
10.595256090164185,-1000.0
10.599136114120483,-987.3046875
10.603403329849243,-852.5390625
10.607283353805542,-638.18359375
10.61116337776184,-501.46484375
10.61504340171814,-785.15625
10.618923664093018,-1000.0
10.622803688049316,-996.58203125
10.626683712005615,-861.328125
10.630563974380493,-562.01171875
10.634443998336792,-678.22265625
10.63832402229309,-996.09375
10.642204284667969,-979.98046875
10.646084308624268,-640.625
10.650339365005493,-584.47265625
10.654219627380371,-876.953125
10.658099889755249,-1000.0
10.661979913711548,-952.63671875
10.665860176086426,-750.9765625
10.669740438461304,-702.63671875
10.673620462417603,-788.57421875
10.67750072479248,-861.81640625
10.68138074874878,-980.46875
10.685261011123657,-1000.0
10.689141273498535,-693.359375
10.693021297454834,-662.109375
10.697250843048096,-981.4453125
10.701131105422974,-1000.0
10.705011367797852,-815.91796875
10.70889163017273,-774.90234375
10.712771892547607,-931.640625
10.716652154922485,-1000.0
10.720532417297363,-994.140625
10.724412679672241,-998.046875
10.72829294204712,-992.67578125
10.732173204421997,-912.109375
10.736053228378296,-938.4765625
10.739933490753174,-1000.0
10.74414849281311,-993.1640625
10.748028755187988,-777.83203125
10.751909017562866,-666.015625
10.755789279937744,-915.0390625
10.759669780731201,-1000.0
10.763550043106079,-994.140625
10.767430305480957,-983.3984375
10.771310567855835,-967.7734375
10.775191068649292,-1000.0
10.77907133102417,-997.0703125
10.782951593399048,-944.3359375
10.786831855773926,-864.2578125
10.79103136062622,-687.01171875
10.794911861419678,-743.65234375
10.798792123794556,-931.640625
10.802672624588013,-987.79296875
10.80655288696289,-797.8515625
10.810433387756348,-707.03125
10.814313650131226,-918.9453125
10.818194150924683,-1000.0
10.82207441329956,-983.3984375
10.825954914093018,-705.078125
10.829835176467896,-597.65625
10.833715677261353,-775.390625
10.837908744812012,-899.4140625
10.841789245605469,-926.26953125
10.845669746398926,-823.2421875
10.849550008773804,-652.83203125
10.85343050956726,-640.625
10.857311010360718,-920.8984375
10.861191511154175,-1000.0
10.865072011947632,-1000.0
10.868952512741089,-797.8515625
10.872832775115967,-627.9296875
10.876713275909424,-931.15234375
10.88059377670288,-1000.0
10.884764671325684,-810.546875
10.88864517211914,-795.41015625
10.892525672912598,-942.87109375
10.896406173706055,-1000.0
10.900286674499512,-996.09375
10.904167413711548,-993.65234375
10.908047914505005,-1000.0
10.911928415298462,-979.98046875
10.915808916091919,-955.078125
10.919689416885376,-1000.0
10.923569917678833,-998.53515625
10.92745041847229,-761.23046875
10.931725025177002,-610.3515625
10.935605525970459,-883.30078125
10.939486265182495,-1000.0
10.943366765975952,-982.421875
10.94724726676941,-974.609375
10.951128005981445,-985.3515625
10.955008506774902,-1000.0
10.958889245986938,-1000.0
10.962769746780396,-914.55078125
10.966650247573853,-930.17578125
10.970530986785889,-955.078125
10.974411487579346,-849.609375
10.978662729263306,-931.15234375
10.982543468475342,-994.140625
10.986423969268799,-914.55078125
10.990304708480835,-833.0078125
10.994185447692871,-871.58203125
10.998066186904907,-985.83984375
11.001946687698364,-1000.0
11.0058274269104,-845.703125
11.009708166122437,-703.61328125
11.013588905334473,-921.38671875
11.01746940612793,-1000.0
11.021350145339966,-871.58203125
11.025586605072021,-666.015625
11.029467344284058,-538.57421875
11.033348083496094,-512.6953125
11.03722882270813,-722.16796875
11.041109561920166,-940.4296875
11.044990301132202,-910.15625
11.048871040344238,-592.7734375
11.052751779556274,-518.06640625
11.05663251876831,-890.13671875
11.060513496398926,-1000.0
11.064394235610962,-792.96875
11.068274974822998,-541.015625
11.072507858276367,-687.01171875
11.076388835906982,-876.46484375
11.080269575119019,-941.89453125
11.084150314331055,-998.046875
11.08803129196167,-874.0234375
11.091912031173706,-845.21484375
11.095792770385742,-996.58203125
11.099673748016357,-994.140625
11.103554487228394,-1000.0
11.10743522644043,-948.2421875
11.111316204071045,-801.7578125
11.115196943283081,-940.91796875
11.11940336227417,-1000.0
11.123284339904785,-978.515625
11.1271653175354,-699.70703125
11.131046056747437,-646.97265625
11.134927034378052,-940.91796875
11.138808012008667,-1000.0
11.142688751220703,-986.81640625
11.146569728851318,-1000.0
11.150450706481934,-993.65234375
11.15433144569397,-950.1953125
11.158212423324585,-982.91015625
11.1620934009552,-1000.0
11.166285753250122,-859.375
11.170166730880737,-738.28125
11.174047470092773,-909.1796875
11.177928447723389,-1000.0
11.181809425354004,-996.09375
11.18569040298462,-929.6875
11.189571380615234,-870.60546875
11.19345235824585,-967.28515625
11.197333335876465,-1000.0
11.20121431350708,-986.328125
11.205095291137695,-1000.0
11.20897626876831,-932.6171875
11.213154315948486,-818.359375
11.217035293579102,-952.63671875
11.220916271209717,-1000.0
11.224797248840332,-927.734375
11.228678226470947,-774.90234375
11.232559442520142,-833.49609375
11.236440420150757,-975.5859375
11.240321397781372,-1000.0
11.244202375411987,-929.6875
11.248083353042603,-617.1875
11.251964569091797,-662.109375
11.255845546722412,-892.08984375
11.260011196136475,-932.12890625
11.263892412185669,-891.6015625
11.267773389816284,-907.71484375
11.271654605865479,-955.078125
11.275535583496094,-990.234375
11.279416561126709,-995.60546875
11.283297777175903,-1000.0
11.287178754806519,-989.74609375
11.291059970855713,-786.62109375
11.294940948486328,-848.6328125
11.298822164535522,-1000.0
11.302703142166138,-991.2109375
11.306860208511353,-752.9296875
11.310741186141968,-658.69140625
11.314622402191162,-892.578125
11.318503618240356,-1000.0
11.322384595870972,-986.81640625
11.326265811920166,-989.2578125
11.33014702796936,-989.2578125
11.334028005599976,-950.68359375
11.33790922164917,-977.05078125
11.341790437698364,-1000.0
11.34567141532898,-984.86328125
11.349552631378174,-737.3046875
11.353789567947388,-719.7265625
11.357670783996582,-970.21484375
11.361552000045776,-1000.0
11.36543321609497,-968.75
11.369314432144165,-883.7890625
11.37319564819336,-962.40234375
11.377076864242554,-1000.0
11.380958080291748,-993.65234375
11.384839296340942,-994.62890625
11.388720512390137,-986.328125
11.392601728439331,-967.7734375
11.396482944488525,-984.375
11.400705099105835,-1000.0
11.40458631515503,-997.55859375
11.408467531204224,-828.125
11.412348985671997,-690.4296875
11.416230201721191,-905.2734375
11.420111417770386,-1000.0
11.42399263381958,-996.58203125
11.427874088287354,-870.1171875
11.431755304336548,-869.140625
11.435636520385742,-1000.0
11.439517974853516,-997.55859375
11.44339919090271,-989.74609375
11.447607517242432,-863.76953125
11.451488733291626,-668.45703125
11.4553701877594,-852.05078125
11.459251642227173,-1000.0
11.463132858276367,-986.81640625
11.46701431274414,-961.9140625
11.470895528793335,-873.53515625
11.474776983261108,-892.08984375
11.478658199310303,-1000.0
11.482539653778076,-1000.0
11.48642086982727,-762.20703125
11.490302324295044,-625.0
11.494502782821655,-820.80078125
11.49838399887085,-958.49609375
11.502265453338623,-958.984375
11.506146907806396,-864.2578125
11.51002836227417,-806.640625
11.513909816741943,-920.8984375
11.517791271209717,-1000.0
11.521672487258911,-987.3046875
11.525553941726685,-1000.0
11.529435396194458,-843.75
11.533316850662231,-699.21875
11.537198305130005,-935.546875
11.541383981704712,-1000.0
11.545265436172485,-856.93359375
11.549146890640259,-645.01953125
11.553028345108032,-815.91796875
11.556909799575806,-1000.0
11.560791254043579,-994.140625
11.564672708511353,-997.0703125
11.568554162979126,-1000.0
11.5724356174469,-952.63671875
11.576317071914673,-947.75390625
11.580198526382446,-1000.0
11.584080219268799,-978.02734375
11.588244915008545,-685.05859375
11.592126607894897,-507.32421875
11.596008062362671,-821.2890625
11.599889516830444,-1000.0
11.603771209716797,-950.68359375
11.60765266418457,-813.4765625
11.611534118652344,-905.2734375
11.615415811538696,-1000.0
11.61929726600647,-997.0703125
11.623178720474243,-981.93359375
11.627060413360596,-895.99609375
11.63094186782837,-738.76953125
11.635107040405273,-717.7734375
11.638988494873047,-884.27734375
11.6428701877594,-994.62890625
11.646751880645752,-890.13671875
11.650633335113525,-700.68359375
11.654515027999878,-839.35546875
11.658396482467651,-1000.0
11.662278175354004,-998.53515625
11.666159629821777,-813.4765625
11.67004132270813,-659.1796875
11.673923015594482,-813.96484375
11.677804470062256,-979.98046875
11.681949853897095,-1000.0
11.685831546783447,-981.93359375
11.6897132396698,-780.76171875
11.693594932556152,-664.55078125
11.697476625442505,-905.2734375
11.701358079910278,-1000.0
11.70523977279663,-1000.0
11.709121465682983,-821.2890625
11.713003158569336,-710.9375
11.71688461303711,-940.91796875
11.720766305923462,-1000.0
11.724647998809814,-938.4765625
11.728884935379028,-662.109375
11.73276662826538,-692.87109375
11.736648321151733,-958.984375
11.740530252456665,-1000.0
11.744411945343018,-996.09375
11.74829363822937,-999.0234375
11.752175331115723,-870.1171875
11.756057024002075,-889.16015625
11.759938716888428,-996.09375
11.76382040977478,-1000.0
11.767702102661133,-852.05078125
11.771583795547485,-611.81640625
11.775814294815063,-769.53125
11.779695987701416,-1000.0
11.783577919006348,-965.8203125
11.7874596118927,-618.65234375
11.791341304779053,-538.57421875
11.795223236083984,-871.58203125
11.799104928970337,-1000.0
11.80298662185669,-985.3515625
11.806868553161621,-995.1171875
11.810750246047974,-993.1640625
11.814632177352905,-980.95703125
11.818513870239258,-991.2109375
11.8227219581604,-1000.0
11.826603889465332,-902.83203125
11.830485820770264,-717.28515625
11.834367513656616,-883.30078125
11.838249444961548,-1000.0
11.84213137626648,-992.67578125
11.846013069152832,-1000.0
11.849895000457764,-962.40234375
11.853776931762695,-978.02734375
11.857658624649048,-1000.0
11.86154055595398,-995.1171875
11.865422487258911,-970.703125
11.869609355926514,-801.7578125
11.873491287231445,-690.91796875
11.877373218536377,-913.0859375
11.88125491142273,-1000.0
11.885136842727661,-945.3125
11.889018774032593,-846.6796875
11.892900705337524,-902.34375
11.896782636642456,-993.1640625
11.900664567947388,-1000.0
11.90454649925232,-991.2109375
11.908428430557251,-884.27734375
11.912310361862183,-942.87109375
11.916483879089355,-1000.0
11.920365810394287,-986.328125
11.924247980117798,-1000.0
11.92812991142273,-989.2578125
11.932011842727661,-835.44921875
11.935893774032593,-926.26953125
11.939775705337524,-1000.0
11.943657636642456,-1000.0
11.947539806365967,-908.203125
11.951421737670898,-606.93359375
11.95530366897583,-708.49609375
11.959185600280762,-1000.0
11.963344812393188,-947.265625
11.96722674369812,-710.9375
11.97110891342163,-609.86328125
11.974990844726562,-719.7265625
11.978873014450073,-920.8984375
11.982754945755005,-976.07421875
11.986636877059937,-954.58984375
11.990519046783447,-947.75390625
11.994400978088379,-817.3828125
11.99828314781189,-912.59765625
12.002165079116821,-1000.0
12.006047010421753,-836.42578125
12.010193109512329,-508.7890625
12.01407527923584,-517.08984375
12.01795744895935,-909.1796875
12.021839380264282,-1000.0
12.025721549987793,-933.10546875
12.029603719711304,-799.8046875
12.033485651016235,-932.6171875
12.037367820739746,-1000.0
12.041249752044678,-995.60546875
12.045131921768188,-931.640625
12.0490140914917,-750.0
12.05289602279663,-727.05078125
12.057134628295898,-884.765625
12.06101679801941,-1000.0
12.06489896774292,-958.984375
12.06878113746643,-654.78515625
12.072663307189941,-537.59765625
12.076545476913452,-873.046875
12.080427646636963,-1000.0
12.084309577941895,-990.234375
12.088191747665405,-801.26953125
12.092073917388916,-776.3671875
12.095956087112427,-993.1640625
12.099838256835938,-1000.0
12.104074716567993,-993.1640625
12.107956886291504,-882.8125
12.111839056015015,-724.609375
12.115721225738525,-899.90234375
12.119603633880615,-1000.0
12.123485803604126,-1000.0
12.127367973327637,-904.296875
12.131250143051147,-540.0390625
12.135132312774658,-629.39453125
12.139014720916748,-985.83984375
12.142896890640259,-1000.0
12.14677906036377,-688.4765625
12.150994539260864,-444.3359375
12.154876947402954,-601.07421875
12.158759117126465,-794.921875
12.162641286849976,-824.21875
12.166523694992065,-678.22265625
12.170405864715576,-709.47265625
12.174288272857666,-894.04296875
12.178170442581177,-989.74609375
12.182052850723267,-998.53515625
12.185935020446777,-1000.0
12.189817428588867,-821.77734375
12.193699598312378,-781.73828125
12.197893381118774,-979.4921875
12.201775789260864,-1000.0
12.205658197402954,-937.01171875
12.209540605545044,-837.40234375
12.213422775268555,-895.99609375
12.217305183410645,-986.328125
12.221187591552734,-1000.0
12.225069999694824,-971.6796875
12.228952169418335,-982.91015625
12.232834577560425,-955.56640625
12.236716985702515,-945.3125
12.240599393844604,-1000.0
12.244884729385376,-988.28125
12.248767137527466,-722.65625
12.252649545669556,-713.8671875
12.256531953811646,-978.02734375
12.260414361953735,-1000.0
12.264297008514404,-991.2109375
12.268179416656494,-1000.0
12.272061824798584,-1000.0
12.275944232940674,-1000.0
12.279826641082764,-997.55859375
12.283709049224854,-1000.0
12.287591457366943,-1000.0
12.291764974594116,-907.71484375
12.295647382736206,-934.08203125
12.299529790878296,-1000.0
12.303412437438965,-1000.0
12.307294845581055,-908.69140625
12.311177253723145,-829.58984375
12.315059900283813,-964.84375
12.318942308425903,-1000.0
12.322824716567993,-1000.0
12.326707363128662,-752.9296875
12.330589771270752,-496.09375
12.334472179412842,-852.05078125
12.338624477386475,-1000.0
12.342507123947144,-919.921875
12.346389532089233,-757.32421875
12.350272178649902,-564.94140625
12.354154825210571,-427.734375
12.358037233352661,-718.75
12.36191987991333,-1000.0
12.36580228805542,-996.58203125
12.369684934616089,-659.1796875
12.373567342758179,-330.078125
12.377449989318848,-621.09375
12.381332397460938,-834.47265625
12.385472297668457,-551.7578125
12.389354944229126,-224.609375
12.393237352371216,-274.4140625
12.397119998931885,-613.76953125
12.401002645492554,-791.50390625
12.404885292053223,-731.93359375
12.408767700195312,-855.95703125
12.412650346755981,-773.4375
12.41653299331665,-730.46875
12.42041563987732,-967.28515625
12.42429804801941,-1000.0
12.428180694580078,-719.23828125
12.432313680648804,-434.08203125
12.436196327209473,-664.0625
12.440078973770142,-994.140625
12.44396162033081,-1000.0
12.44784426689148,-731.93359375
12.451726913452148,-687.98828125
12.455609560012817,-963.8671875
12.459492206573486,-1000.0
12.463374853134155,-976.07421875
12.467257499694824,-964.84375
12.471140146255493,-857.91015625
12.475022792816162,-847.16796875
12.479238510131836,-995.1171875
12.483121395111084,-997.55859375
12.487004041671753,-830.078125
12.490886688232422,-651.85546875
12.49476933479309,-688.4765625
12.49865198135376,-941.40625
12.502534866333008,-1000.0
12.506417512893677,-770.99609375
12.510300159454346,-498.046875
12.514182806015015,-799.8046875
12.518065690994263,-985.3515625
12.521948337554932,-921.875
12.526149988174438,-714.35546875
12.530032634735107,-370.60546875
12.533915519714355,-349.12109375
12.537798166275024,-706.0546875
12.541681051254272,-987.79296875
12.545563697814941,-995.60546875
12.54944658279419,-767.08984375
12.553329229354858,-623.53515625
12.557212114334106,-897.4609375
12.561094760894775,-1000.0
12.564977645874023,-977.5390625
12.568860292434692,-817.3828125
12.573049306869507,-774.90234375
12.576932191848755,-935.546875
12.580815076828003,-997.55859375
12.584697723388672,-1000.0
12.58858060836792,-880.859375
12.592463493347168,-694.82421875
12.596346139907837,-826.66015625
12.600229024887085,-998.046875
12.604111909866333,-994.62890625
12.607994794845581,-586.9140625
12.61187744140625,-83.0078125
12.615760326385498,-121.58203125
12.619948863983154,-411.1328125
12.623831748962402,-299.8046875
12.62771463394165,145.01953125
12.631597518920898,319.3359375
12.635480403900146,158.203125
12.639363288879395,-171.38671875
12.643246173858643,-226.5625
12.64712905883789,35.64453125
12.651011943817139,107.91015625
12.654894828796387,277.83203125
12.658777713775635,299.31640625
12.662660598754883,267.578125
12.666828393936157,669.921875
12.670711278915405,988.76953125
12.674594163894653,948.73046875
12.67847728729248,572.75390625
12.682360172271729,377.9296875
12.686243057250977,562.01171875
12.690125942230225,654.78515625
12.694008827209473,330.078125
12.6978919506073,-7.32421875
12.701774835586548,-1.46484375
12.705657720565796,116.2109375
12.709540605545044,204.58984375
12.713689804077148,229.4921875
12.717572927474976,-21.484375
12.721455812454224,-405.76171875
12.72533893585205,-362.79296875
12.729221820831299,-10.25390625
12.733104705810547,18.5546875
12.736987829208374,-435.05859375
12.740870714187622,-945.80078125
12.74475383758545,-792.96875
12.748636722564697,-419.43359375
12.752519845962524,-401.3671875
12.756402730941772,-584.9609375
12.760539054870605,-792.48046875
12.764421939849854,-865.234375
12.76830506324768,-813.96484375
12.772188186645508,-818.359375
12.776071071624756,-955.078125
12.779954195022583,-1000.0
12.78383731842041,-999.0234375
12.787720203399658,-996.58203125
12.791603326797485,-896.97265625
12.795486211776733,-945.80078125
12.79936933517456,-1000.0
12.803252458572388,-1000.0
12.807381391525269,-899.4140625
12.811264514923096,-794.921875
12.815147399902344,-948.2421875
12.819030523300171,-1000.0
12.822913646697998,-983.88671875
12.826796770095825,-1000.0
12.830679893493652,-970.21484375
12.83456301689148,-831.0546875
12.838445901870728,-923.33984375
12.842329025268555,-1000.0
12.846212148666382,-930.17578125
12.850095272064209,-582.51953125
12.85430359840393,-524.90234375
12.858186721801758,-907.71484375
12.862069845199585,-1000.0
12.865952968597412,-959.9609375
12.869836330413818,-793.45703125
12.873719453811646,-822.75390625
12.877602577209473,-999.0234375
12.8814857006073,-991.2109375
12.885368824005127,-886.23046875
12.889251947402954,-802.24609375
12.893135070800781,-538.0859375
12.897018194198608,-573.2421875
12.901228666305542,-812.01171875
12.90511178970337,-653.3203125
12.908995151519775,-207.51953125
12.912878274917603,-19.04296875
12.916761636734009,-302.734375
12.920644760131836,-703.125
12.924527883529663,-660.15625
12.92841124534607,-77.63671875
12.932294368743896,36.1328125
12.936177492141724,-501.953125
12.94006085395813,-627.9296875
12.943943977355957,-455.56640625
12.94813323020935,-274.4140625
12.952016592025757,37.59765625
12.955899953842163,74.21875
12.95978307723999,-316.89453125
12.963666439056396,-413.57421875
12.967549562454224,-109.375
12.97143292427063,114.2578125
12.975316286087036,58.10546875
12.979199409484863,-560.05859375
12.98308277130127,-654.78515625
12.986965894699097,-83.984375
12.990849256515503,134.27734375
12.995019674301147,-48.828125
12.998903036117554,-240.234375
13.00278639793396,-280.76171875
13.006669521331787,-102.5390625
13.010552883148193,172.36328125
13.0144362449646,121.09375
13.018319606781006,-243.1640625
13.022202968597412,-585.44921875
13.026086330413818,-588.37890625
13.029969453811646,-35.64453125
13.033852815628052,144.04296875
13.037736177444458,-304.6875
13.04189944267273,-513.671875
13.045782804489136,-227.5390625
13.049666166305542,53.7109375
13.053549528121948,-63.96484375
13.057432889938354,-375.48828125
13.06131625175476,-594.23828125
13.065199613571167,-534.66796875
13.069083213806152,-417.48046875
13.072966575622559,-228.515625
13.076849937438965,-167.48046875
13.080733299255371,-403.80859375
13.084616661071777,-394.04296875
13.088760137557983,27.34375
13.09264349937439,278.3203125
13.096527099609375,10.7421875
13.100410461425781,-295.41015625
13.104293823242188,-222.65625
13.108177185058594,66.89453125
13.112060785293579,58.59375
13.115944147109985,-386.23046875
13.119827508926392,-486.328125
13.123710870742798,-333.0078125
13.127594470977783,-166.9921875
13.13147783279419,83.984375
13.135614395141602,103.02734375
13.139497995376587,-225.5859375
13.143381357192993,-499.0234375
13.147264957427979,-328.125
13.151148319244385,63.96484375
13.15503191947937,-51.26953125
13.158915281295776,-699.70703125
13.162798881530762,-844.7265625
13.166682243347168,-428.7109375
13.170565843582153,-62.98828125
13.17444920539856,-39.55078125
13.178332805633545,-272.94921875
13.182449579238892,-375.0
13.186333179473877,-167.96875
13.190216779708862,135.25390625
13.194100141525269,231.4453125
13.197983741760254,-66.89453125
13.20186734199524,-480.95703125
13.205750703811646,-533.203125
13.20963430404663,-181.15234375
13.213517904281616,56.640625
13.217401266098022,-374.0234375
13.221284866333008,-911.1328125
13.225168228149414,-636.71875
13.229372262954712,-188.4765625
13.233255863189697,-168.9453125
13.237139463424683,-390.625
13.241023063659668,-648.92578125
13.244906425476074,-624.0234375
13.24879002571106,-410.64453125
13.252673625946045,-254.39453125
13.25655722618103,-278.3203125
13.260440826416016,-530.76171875
13.264324426651001,-773.92578125
13.268208026885986,-375.48828125
13.272091627120972,50.29296875
13.276281833648682,-190.91796875
13.280165672302246,-647.4609375
13.284049272537231,-592.28515625
13.287932872772217,-140.625
13.291816473007202,2.44140625
13.295700073242188,-298.33984375
13.299583673477173,-615.72265625
13.303467273712158,-562.98828125
13.307351112365723,-387.20703125
13.311234712600708,-379.39453125
13.315118312835693,-278.80859375
13.319001913070679,-508.7890625
13.323178768157959,-731.4453125
13.327062606811523,-336.9140625
13.330946207046509,74.21875
13.334830045700073,-85.9375
13.338713645935059,-536.62109375
13.342597246170044,-756.8359375
13.346481084823608,-491.2109375
13.350364685058594,-99.12109375
13.354248285293579,-348.14453125
13.358132123947144,-639.6484375
13.362015724182129,-617.67578125
13.365899562835693,-440.91796875
13.370063781738281,-153.80859375
13.373947620391846,3.41796875
13.377831220626831,-186.5234375
13.381715059280396,-518.5546875
13.38559889793396,-447.265625
13.389482498168945,-165.52734375
13.39336633682251,-88.8671875
13.397249937057495,-444.3359375
13.40113377571106,-865.72265625
13.405017614364624,-506.8359375
13.40890121459961,41.9921875
13.412785053253174,175.78125
13.416935920715332,18.06640625
13.420819759368896,-211.9140625
13.424703598022461,-201.171875
13.428587436676025,-34.66796875
13.43247103691101,166.50390625
13.436354875564575,28.80859375
13.44023871421814,-389.6484375
13.444122552871704,-607.421875
13.448006391525269,-278.80859375
13.451889991760254,134.27734375
13.455773830413818,79.1015625
13.459657669067383,-265.625
13.463802814483643,-314.94140625
13.467686653137207,32.2265625
13.471570491790771,248.53515625
13.475454330444336,96.19140625
13.4793381690979,-218.26171875
13.483222007751465,-404.296875
13.48710584640503,-359.86328125
13.490989685058594,-288.57421875
13.494873523712158,-143.06640625
13.498757362365723,-316.89453125
13.502641201019287,-578.61328125
13.506525039672852,-389.16015625
13.510653018951416,47.8515625
13.51453685760498,224.12109375
13.518420696258545,-169.921875
13.52230453491211,-498.046875
13.526188611984253,-202.1484375
13.530072450637817,98.6328125
13.533956289291382,-140.13671875
13.537840127944946,-366.2109375
13.54172396659851,-372.0703125
13.545608043670654,-219.7265625
13.549491882324219,39.55078125
13.553375720977783,133.7890625
13.557593584060669,-153.3203125
13.561477422714233,-662.109375
13.565361499786377,-839.84375
13.569245338439941,-450.1953125
13.573129177093506,-194.82421875
13.57701325416565,-578.61328125
13.580897092819214,-1000.0
13.584781169891357,-971.6796875
13.588665008544922,-620.1171875
13.592549085617065,-530.76171875
13.59643292427063,-805.17578125
13.600317001342773,-980.46875
13.604514598846436,-968.26171875
13.608398675918579,-691.89453125
13.612282752990723,-344.23828125
13.616166591644287,-493.65234375
13.62005066871643,-887.20703125
13.623934745788574,-1000.0
13.627818822860718,-798.33984375
13.631702661514282,-362.3046875
13.635586738586426,-317.3828125
13.63947081565857,-873.046875
13.643354654312134,-1000.0
13.647238731384277,-484.375
13.651429414749146,-115.72265625
13.655313491821289,-162.59765625
13.659197568893433,-432.6171875
13.663081645965576,-593.26171875
13.66696572303772,-419.921875
13.670849800109863,-181.15234375
13.674733877182007,-82.03125
13.67861795425415,-245.1171875
13.682502031326294,-500.0
13.686386108398438,-374.51171875
13.690270185470581,242.67578125
13.694154024124146,566.89453125
13.6983323097229,194.3359375
13.702216386795044,-102.5390625
13.706100702285767,74.21875
13.70998477935791,301.26953125
13.713868856430054,344.23828125
13.717752933502197,8.7890625
13.72163701057434,-340.8203125
13.725521087646484,-218.26171875
13.729405164718628,-110.3515625
13.73328948020935,-14.6484375
13.737173557281494,-185.05859375
13.741057634353638,-603.515625
13.745223999023438,-646.484375
13.749108076095581,-271.97265625
13.752992153167725,-47.36328125
13.756876468658447,-318.359375
13.76076054573059,-760.25390625
13.764644622802734,-884.27734375
13.768528938293457,-539.0625
13.7724130153656,-309.5703125
13.776297330856323,-604.4921875
13.780181407928467,-851.5625
13.78406548500061,-857.91015625
13.787949800491333,-617.1875
13.79209589958191,-366.2109375
13.795979976654053,-405.2734375
13.799864292144775,-741.2109375
13.803748607635498,-985.3515625
13.807632684707642,-760.25390625
13.811517000198364,-475.5859375
13.815401077270508,-627.9296875
13.81928539276123,-947.265625
13.823169469833374,-1000.0
13.827053785324097,-937.98828125
13.83093810081482,-677.734375
13.834822177886963,-683.59375
13.838956117630005,-956.0546875
13.842840433120728,-1000.0
13.84672474861145,-833.0078125
13.850609064102173,-562.01171875
13.854493141174316,-526.85546875
13.858377456665039,-898.4375
13.862261772155762,-1000.0
13.866146087646484,-989.74609375
13.870030164718628,-665.52734375
13.87391448020935,-227.05078125
13.877798795700073,-426.26953125
13.881683111190796,-739.74609375
13.885804891586304,-586.9140625
13.889689207077026,-223.14453125
13.89357328414917,-146.97265625
13.897457599639893,-450.68359375
13.901341915130615,-757.8125
13.905226230621338,-736.81640625
13.90911054611206,-605.95703125
13.912994861602783,-417.96875
13.916879177093506,-384.27734375
13.920763492584229,-727.5390625
13.924647808074951,-833.49609375
13.928532123565674,-392.578125
13.932647466659546,-41.50390625
13.936531782150269,-209.47265625
13.940416097640991,-585.44921875
13.944300413131714,-595.21484375
13.948184728622437,-198.2421875
13.95206904411316,-3.41796875
13.955953359603882,-272.94921875
13.959837675094604,-675.29296875
13.963722229003906,-823.73046875
13.967606544494629,-629.39453125
13.971490859985352,-379.39453125
13.975375175476074,-297.36328125
13.979573249816895,-614.74609375
13.983457565307617,-874.0234375
13.987342119216919,-577.1484375
13.991226434707642,-211.9140625
13.995110750198364,-176.26953125
13.998995304107666,-630.859375
14.002879619598389,-931.15234375
14.00676417350769,-581.54296875
14.010648488998413,-227.5390625
14.014532804489136,-454.58984375
14.018417358398438,-809.5703125
14.02230167388916,-982.421875
14.02648115158081,-935.05859375
14.030365705490112,-627.9296875
14.034250020980835,-446.77734375
14.038134574890137,-729.4921875
14.04201889038086,-984.86328125
14.045903444290161,-1000.0
14.049787998199463,-873.046875
14.053672313690186,-677.734375
14.057556867599487,-900.390625
14.06144118309021,-1000.0
14.065325736999512,-995.1171875
14.069210052490234,-872.55859375
14.073377132415771,-771.97265625
14.077261686325073,-950.68359375
14.081146240234375,-1000.0
14.085030794143677,-1000.0
14.0889151096344,-928.22265625
14.092799663543701,-742.1875
14.096684217453003,-884.765625
14.100568771362305,-1000.0
14.104453325271606,-1000.0
14.108337640762329,-837.890625
14.11222219467163,-421.875
14.116106748580933,-442.87109375
14.120261192321777,-878.90625
14.124145746231079,-997.55859375
14.12803030014038,-644.53125
14.131914854049683,-394.53125
14.135799407958984,-583.49609375
14.139683961868286,-907.71484375
14.143568515777588,-991.2109375
14.14745306968689,-845.703125
14.151337623596191,-659.66796875
14.155222177505493,-494.140625
14.159106731414795,-721.19140625
14.162991285324097,-993.1640625
14.167133569717407,-790.52734375
14.171018123626709,-334.47265625
14.17490291595459,-254.39453125
14.178787469863892,-745.60546875
14.182672023773193,-1000.0
14.186556577682495,-895.99609375
14.190441131591797,-679.19921875
14.194325923919678,-781.73828125
14.19821047782898,-990.234375
14.202095031738281,-1000.0
14.205979585647583,-986.81640625
14.209864139556885,-731.4453125
14.21399450302124,-502.44140625
14.217879056930542,-757.32421875
14.221763849258423,-1000.0
14.225648403167725,-997.0703125
14.229532957077026,-751.953125
14.233417749404907,-624.0234375
14.237302303314209,-914.55078125
14.24118685722351,-1000.0
14.245071649551392,-994.140625
14.248956203460693,-941.89453125
14.252840995788574,-787.109375
14.256725549697876,-881.8359375
14.260843276977539,-1000.0
14.26472806930542,-1000.0
14.268612623214722,-980.46875
14.272497415542603,-845.703125
14.276381969451904,-905.2734375
14.280266761779785,-1000.0
14.284151315689087,-994.140625
14.288036108016968,-1000.0
14.29192066192627,-984.86328125
14.29580545425415,-981.4453125
14.299690246582031,-999.0234375
14.303574800491333,-1000.0
14.307686805725098,-1000.0
14.3115713596344,-851.07421875
14.31545615196228,-825.1953125
14.319340944290161,-989.2578125
14.323225498199463,-1000.0
14.327110290527344,-997.0703125
14.330995082855225,-996.09375
14.334879875183105,-980.46875
14.338764429092407,-995.1171875
14.342649221420288,-998.046875
14.346534013748169,-1000.0
14.35041856765747,-844.7265625
14.354605913162231,-742.67578125
14.358490705490112,-954.58984375
14.362375497817993,-1000.0
14.366260290145874,-1000.0
14.370145082473755,-838.37890625
14.374029874801636,-730.46875
14.377914667129517,-949.21875
14.381799459457397,-1000.0
14.385684251785278,-991.2109375
14.38956904411316,-877.9296875
14.39345383644104,-536.62109375
14.397338628768921,-531.25
14.401515007019043,-857.91015625
14.405399799346924,-860.3515625
14.409284591674805,-338.8671875
14.413169384002686,36.1328125
14.417054414749146,-201.66015625
14.420939207077026,-696.77734375
14.424823999404907,-821.77734375
14.428708791732788,-407.2265625
14.432593584060669,-221.19140625
14.43647837638855,-586.42578125
14.44036340713501,-815.91796875
14.44424819946289,-749.51171875
14.448416471481323,-405.2734375
14.452301502227783,-8.30078125
14.456186294555664,-4.39453125
14.460071086883545,-447.75390625
14.463956117630005,-655.2734375
14.467840909957886,-339.84375
14.471725940704346,-13.18359375
14.475610733032227,-108.88671875
14.479495525360107,-721.6796875
14.483380556106567,-968.26171875
14.487265348434448,-545.41015625
14.491150379180908,-187.01171875
14.49530029296875,-225.5859375
14.49918532371521,-572.265625
14.50307011604309,-817.87109375
14.50695514678955,-674.8046875
14.510839939117432,-406.73828125
14.514724969863892,-483.3984375
14.518610000610352,-902.83203125
14.522494792938232,-1000.0
14.526379823684692,-992.67578125
14.530264616012573,-833.0078125
14.534149646759033,-751.953125
14.538034439086914,-958.49609375
14.542171955108643,-1000.0
14.546056985855103,-991.69921875
14.549942016601562,-854.00390625
14.553826808929443,-831.0546875
14.557711839675903,-983.88671875
14.561596870422363,-1000.0
14.565481901168823,-994.62890625
14.569366693496704,-1000.0
14.573251724243164,-1000.0
14.577136754989624,-1000.0
14.581021785736084,-1000.0
14.584906578063965,-1000.0
14.589033126831055,-1000.0
14.592918157577515,-997.55859375
14.596803188323975,-997.0703125
14.600687980651855,-1000.0
14.604573011398315,-1000.0
14.608458042144775,-1000.0
14.612343072891235,-1000.0
14.616228103637695,-1000.0
14.620113134384155,-994.62890625
14.623998165130615,-1000.0
14.627883195877075,-1000.0
14.631768226623535,-785.64453125
14.635887861251831,-747.0703125
14.639772891998291,-978.515625
14.643657922744751,-1000.0
14.647542953491211,-990.72265625
14.651427984237671,-813.96484375
14.65531301498413,-787.109375
14.65919828414917,-978.02734375
14.66308331489563,-1000.0
14.66696834564209,-966.30859375
14.67085337638855,-719.7265625
14.67473840713501,-657.71484375
14.67862343788147,-920.41015625
14.682732343673706,-1000.0
14.686617612838745,-988.28125
14.690502643585205,-764.6484375
14.694387674331665,-577.63671875
14.698272943496704,-868.65234375
14.702157974243164,-1000.0
14.706043004989624,-999.51171875
14.709928035736084,-976.07421875
14.713813304901123,-849.609375
14.717698335647583,-950.68359375
14.721583366394043,-1000.0
14.725468635559082,-1000.0
14.729650974273682,-873.046875
14.733536005020142,-714.35546875
14.73742127418518,-897.4609375
14.74130630493164,-1000.0
14.74519157409668,-991.69921875
14.74907660484314,-1000.0
14.752961874008179,-943.84765625
14.756846904754639,-965.8203125
14.760732173919678,-1000.0
14.764617204666138,-1000.0
14.768502473831177,-991.2109375
14.772387504577637,-807.6171875
14.776557922363281,-878.41796875
14.780442953109741,-1000.0
14.78432822227478,-1000.0
14.78821349143982,-973.14453125
14.79209852218628,-844.23828125
14.795983791351318,-943.84765625
14.799869060516357,-1000.0
14.803754329681396,-991.69921875
14.807639360427856,-1000.0
14.811524629592896,-1000.0
14.815409898757935,-1000.0
14.819294929504395,-999.0234375
14.8234543800354,-1000.0
14.82733964920044,-1000.0
14.831224918365479,-944.82421875
14.835109949111938,-956.54296875
14.838995218276978,-1000.0
14.842880487442017,-1000.0
14.846765756607056,-1000.0
14.850651025772095,-842.28515625
14.854536294937134,-887.6953125
14.858421564102173,-1000.0
14.862306833267212,-988.28125
14.866192102432251,-1000.0
14.870338916778564,-903.3203125
14.874224185943604,-790.52734375
14.878109455108643,-958.49609375
14.881994724273682,-1000.0
14.88587999343872,-998.046875
14.88976526260376,-951.171875
14.893650531768799,-870.1171875
14.897535800933838,-965.33203125
14.901421070098877,-1000.0
14.905306577682495,-1000.0
14.909191846847534,-903.3203125
14.913077116012573,-718.75
14.917211055755615,-831.0546875
14.921096324920654,-993.1640625
14.924981594085693,-1000.0
14.928867101669312,-890.13671875
14.93275237083435,-631.8359375
14.93663763999939,-740.72265625
14.940523147583008,-984.86328125
14.944408416748047,-1000.0
14.948293685913086,-903.3203125
14.952178955078125,-536.1328125
14.956064462661743,-539.0625
14.959949731826782,-931.640625
14.964071273803711,-1000.0
14.96795654296875,-789.55078125
14.971842050552368,-512.6953125
14.975727319717407,-583.0078125
14.979612827301025,-910.64453125
14.983498096466064,-1000.0
14.987383604049683,-1000.0
14.991268873214722,-940.91796875
14.99515414237976,-763.671875
14.999039649963379,-919.921875
15.002924919128418,-1000.0
15.006810426712036,-966.796875
15.010920524597168,-664.0625
15.014806032180786,-530.76171875
15.018691301345825,-883.30078125
15.022576808929443,-1000.0
15.026462078094482,-964.35546875
15.0303475856781,-757.32421875
15.034233093261719,-774.90234375
15.038118362426758,-984.86328125
15.042003870010376,-999.51171875
15.045889377593994,-999.51171875
15.049774646759033,-750.0
15.053660154342651,-462.40234375
15.057758569717407,-697.75390625
15.061644077301025,-987.79296875
15.065529346466064,-1000.0
15.069414854049683,-774.4140625
15.0733003616333,-556.15234375
15.077185869216919,-837.40234375
15.081071376800537,-1000.0
15.084956645965576,-1000.0
15.088842153549194,-901.85546875
15.092727661132812,-761.71875
15.09661316871643,-933.59375
15.10049843788147,-1000.0
15.104676246643066,-1000.0
15.108561754226685,-980.95703125
15.112447261810303,-708.49609375
15.116332769393921,-801.7578125
15.120218276977539,-1000.0
15.124103784561157,-1000.0
15.127989292144775,-979.4921875
15.131874799728394,-662.109375
15.135760307312012,-601.5625
15.13964581489563,-943.359375
15.143531322479248,-1000.0
15.147416830062866,-843.75
15.15158224105835,-522.94921875
15.155467748641968,-500.48828125
15.159353256225586,-859.375
15.163238763809204,-1000.0
15.167124271392822,-877.9296875
15.17100977897644,-639.16015625
15.174895524978638,-557.12890625
15.178781032562256,-767.578125
15.182666540145874,-990.72265625
15.186552047729492,-984.375
15.19043755531311,-626.953125
15.194323062896729,-412.59765625
15.198476791381836,-755.859375
15.202362537384033,-1000.0
15.206248044967651,-932.6171875
15.21013355255127,-621.09375
15.214019298553467,-433.10546875
15.217904806137085,-698.73046875
15.221790313720703,-991.69921875
15.2256760597229,-975.5859375
15.229561567306519,-795.8984375
15.233447313308716,-521.484375
15.237332820892334,-568.359375
15.241218328475952,-922.36328125
15.245360374450684,-990.234375
15.24924612045288,-616.69921875
15.253131866455078,-276.85546875
15.257017374038696,-454.58984375
15.260903120040894,-857.91015625
15.264788627624512,-996.58203125
15.268674373626709,-721.6796875
15.272559881210327,-524.4140625
15.276445627212524,-823.73046875
15.280331134796143,-1000.0
15.28421688079834,-995.1171875
15.288102626800537,-907.71484375
15.292232751846313,-601.5625
15.29611849784851,-586.42578125
15.300004243850708,-902.83203125
15.303889989852905,-1000.0
15.307775497436523,-895.5078125
15.31166124343872,-621.58203125
15.315546989440918,-672.36328125
15.319432497024536,-959.9609375
15.323318243026733,-1000.0
15.32720398902893,-945.80078125
15.331089735031128,-701.66015625
15.334975242614746,-615.234375
15.339093446731567,-866.69921875
15.342979192733765,-1000.0
15.346864938735962,-970.703125
15.35075044631958,-689.94140625
15.354636192321777,-532.71484375
15.358521938323975,-873.046875
15.362407684326172,-1000.0
15.36629343032837,-1000.0
15.370179176330566,-870.1171875
15.374064922332764,-650.390625
15.377950668334961,-878.90625
15.381836414337158,-1000.0
15.385942935943604,-998.53515625
15.3898286819458,-857.421875
15.393714427947998,-690.91796875
15.397600173950195,-906.73828125
15.401485919952393,-1000.0
15.40537166595459,-990.234375
15.409257411956787,-1000.0
15.413143157958984,-815.4296875
15.417028903961182,-809.08203125
15.420914888381958,-990.234375
15.424800634384155,-1000.0
15.428686380386353,-875.48828125
15.43278169631958,-579.1015625
15.436667442321777,-707.51953125
15.440553188323975,-992.1875
15.444438934326172,-1000.0
15.448324918746948,-884.27734375
15.452210664749146,-744.62890625
15.456096410751343,-940.91796875
15.45998215675354,-1000.0
15.463867902755737,-987.79296875
15.467753887176514,-1000.0
15.471639633178711,-773.92578125
15.475525379180908,-693.84765625
15.479697942733765,-954.1015625
15.483583927154541,-1000.0
15.487469673156738,-973.6328125
15.491355657577515,-817.3828125
15.495241403579712,-773.4375
15.49912714958191,-969.7265625
15.503013134002686,-1000.0
15.506898880004883,-993.65234375
15.51078486442566,-965.8203125
15.514670610427856,-975.09765625
15.518556356430054,-1000.0
15.52244234085083,-987.3046875
15.526603698730469,-1000.0
15.530489444732666,-921.38671875
15.534375429153442,-694.82421875
15.538261413574219,-853.02734375
15.542147159576416,-1000.0
15.546033143997192,-1000.0
15.54991888999939,-794.43359375
15.553804874420166,-470.21484375
15.557690858840942,-722.65625
15.56157660484314,-1000.0
15.565462589263916,-971.6796875
15.569348335266113,-646.484375
15.573498964309692,-402.83203125
15.57738471031189,-524.90234375
15.581270694732666,-820.3125
15.585156679153442,-945.80078125
15.589042663574219,-620.60546875
15.592928647994995,-343.75
15.596814393997192,-477.05078125
15.600700378417969,-788.0859375
15.604586362838745,-990.72265625
15.608472347259521,-776.85546875
15.612358093261719,-397.4609375
15.616244077682495,-508.30078125
15.620381355285645,-908.69140625
15.624267339706421,-989.2578125
15.628153324127197,-633.7890625
15.632039308547974,-304.19921875
15.63592529296875,-338.8671875
15.639811277389526,-727.05078125
15.643697261810303,-962.40234375
15.647583246231079,-779.78515625
15.651469230651855,-566.40625
15.655355215072632,-420.41015625
15.659241199493408,-664.0625
15.663127183914185,-978.515625
15.667255401611328,-795.41015625
15.671141386032104,-449.70703125
15.67502737045288,-557.12890625
15.678913354873657,-945.3125
15.682799577713013,-1000.0
15.686685562133789,-984.375
15.690571546554565,-1000.0
15.694457530975342,-1000.0
15.698343515396118,-1000.0
15.702229499816895,-1000.0
15.706115484237671,-1000.0
15.710001707077026,-1000.0
15.714116334915161,-999.51171875
15.718002319335938,-1000.0
15.721888303756714,-1000.0
15.72577428817749,-1000.0
15.729660511016846,-1000.0
15.733546495437622,-1000.0
15.737432479858398,-1000.0
15.741318702697754,-1000.0
15.74520468711853,-1000.0
15.749090671539307,-1000.0
15.752976655960083,-1000.0
15.756862878799438,-1000.0
15.760966539382935,-1000.0
15.764852523803711,-1000.0
15.768738508224487,-1000.0
15.772624731063843,-1000.0
15.77651071548462,-1000.0
15.780396938323975,-1000.0
15.784282922744751,-1000.0
15.788169145584106,-1000.0
15.792055130004883,-1000.0
15.795941352844238,-1000.0
15.799827337265015,-990.72265625
15.80371356010437,-1000.0
15.807804822921753,-978.02734375
15.811691045761108,-699.70703125
15.815577030181885,-562.5
15.81946325302124,-799.31640625
15.823349237442017,-945.3125
15.827235460281372,-793.45703125
15.831121683120728,-540.52734375
15.835007667541504,-323.2421875
15.83889389038086,-540.52734375
15.842779874801636,-938.96484375
15.846666097640991,-918.45703125
15.850552082061768,-547.8515625
15.8547203540802,-454.58984375
15.858606576919556,-853.515625
15.862492799758911,-1000.0
15.866378784179688,-986.328125
15.870265007019043,-816.40625
15.874151229858398,-747.0703125
15.878037452697754,-962.890625
15.88192343711853,-1000.0
15.885809659957886,-999.51171875
15.889695882797241,-932.6171875
15.893582105636597,-606.93359375
15.897468328475952,-625.48828125
15.901624917984009,-957.51953125
15.905511140823364,-994.62890625
15.90939736366272,-645.01953125
15.913283586502075,-377.9296875
15.91716980934143,-646.484375
15.921056032180786,-982.91015625
15.924942255020142,-1000.0
15.928828477859497,-820.3125
15.932714700698853,-666.9921875
15.936600923538208,-922.36328125
15.940487146377563,-1000.0
15.944373369216919,-990.234375
15.948518753051758,-922.36328125
15.952405214309692,-624.51171875
15.956291437149048,-661.62109375
15.960177659988403,-966.796875
15.964063882827759,-1000.0
15.967950105667114,-929.19921875
15.97183632850647,-603.515625
15.975722551345825,-498.53515625
15.97960901260376,-896.484375
15.983495235443115,-1000.0
15.98738145828247,-763.18359375
15.991267681121826,-368.65234375
15.995401620864868,-245.1171875
15.999288082122803,-459.9609375
16.003174304962158,-642.08984375
16.007060527801514,-450.1953125
16.01094698905945,-38.57421875
16.014833211898804,113.28125
16.01871943473816,-158.69140625
16.022605895996094,-495.60546875
16.02649211883545,-407.71484375
16.030378341674805,190.91796875
16.03426480293274,528.80859375
16.038151025772095,251.953125
16.04227375984192,-65.4296875
16.046160221099854,80.078125
16.05004644393921,458.984375
16.053932905197144,530.76171875
16.0578191280365,258.7890625
16.061705589294434,-190.91796875
16.06559181213379,-379.8828125
16.069478273391724,-233.3984375
16.07336449623108,19.53125
16.077250957489014,67.87109375
16.08113718032837,-263.18359375
16.085023641586304,-401.3671875
16.089134693145752,-1.953125
16.093021154403687,373.046875
16.09690761566162,201.171875
16.100793838500977,-270.5078125
16.10468029975891,-469.7265625
16.108566761016846,-292.48046875
16.1124529838562,-239.2578125
16.116339445114136,-639.16015625
16.12022590637207,-968.75
16.124112129211426,-995.60546875
16.12799859046936,-1000.0
16.131885051727295,-908.69140625
16.135984897613525,-878.41796875
16.13987135887146,-994.140625
16.143757581710815,-1000.0
16.14764404296875,-990.234375
16.151530504226685,-884.765625
16.15541696548462,-947.75390625
16.159303426742554,-1000.0
16.16318964958191,-988.76953125
16.167076110839844,-1000.0
16.17096257209778,-977.05078125
16.174849033355713,-921.875
16.178735494613647,-985.3515625
16.182826280593872,-1000.0
16.186712741851807,-1000.0
16.19059920310974,-988.28125
16.194485664367676,-935.546875
16.19837212562561,-984.86328125
16.202258586883545,-1000.0
16.20614504814148,-996.58203125
16.210031509399414,-1000.0
16.21391797065735,-1000.0
16.217804193496704,-1000.0
16.22169065475464,-1000.0
16.225577116012573,-1000.0
16.229745149612427,-1000.0
16.23363184928894,-1000.0
16.237518310546875,-1000.0
16.24140477180481,-1000.0
16.245291233062744,-1000.0
16.24917769432068,-1000.0
16.253064155578613,-1000.0
16.256950616836548,-1000.0
16.260837078094482,-1000.0
16.264723777770996,-1000.0
16.26861023902893,-1000.0
16.272496700286865,-1000.0
16.276650190353394,-1000.0
16.280536651611328,-1000.0
16.284423351287842,-1000.0
16.288309812545776,-1000.0
16.29219627380371,-1000.0
16.296082973480225,-1000.0
16.29996943473816,-1000.0
16.303855895996094,-1000.0
16.307742595672607,-1000.0
16.311629056930542,-1000.0
16.315515518188477,-1000.0
16.31940221786499,-999.51171875
16.32354474067688,-997.55859375
16.327431440353394,-1000.0
16.331317901611328,-931.640625
16.335204601287842,-895.99609375
16.339091062545776,-988.76953125
16.34297776222229,-1000.0
16.346864223480225,-999.0234375
16.35075092315674,-863.28125
16.354637384414673,-892.578125
16.358524084091187,-1000.0
16.36241054534912,-990.234375
16.366297245025635,-1000.0
16.37042760848999,-822.75390625
16.374314069747925,-559.5703125
16.37820076942444,-727.5390625
16.382087469100952,-995.60546875
16.385973930358887,-982.91015625
16.3898606300354,-733.3984375
16.393747329711914,-531.25
16.39763379096985,-735.83984375
16.401520490646362,-1000.0
16.405407190322876,-988.28125
16.40929365158081,-666.50390625
16.413180351257324,-419.43359375
16.417391061782837,-545.41015625
16.42127776145935,-819.82421875
16.425164222717285,-897.4609375
16.4290509223938,-678.7109375
16.432937622070312,-366.69921875
16.436824321746826,-451.171875
16.44071102142334,-856.4453125
16.444597721099854,-1000.0
16.448484420776367,-768.06640625
16.45237112045288,-298.828125
16.456257581710815,-249.51171875
16.46014428138733,-657.71484375
16.46425199508667,-813.4765625
16.468138694763184,-538.0859375
16.472025394439697,-308.59375
16.47591209411621,-350.5859375
16.479798793792725,-663.57421875
16.48368549346924,-974.12109375
16.487572193145752,-925.78125
16.491458892822266,-517.578125
16.49534559249878,-260.7421875
16.499232292175293,-466.30859375
16.503118991851807,-822.265625
16.50700569152832,-794.43359375
16.51110315322876,-282.71484375
16.514989852905273,-56.640625
16.518876791000366,-435.546875
16.52276349067688,-841.796875
16.526650190353394,-728.515625
16.530536890029907,-359.86328125
16.53442358970642,-322.75390625
16.538310289382935,-522.94921875
16.542197227478027,-702.63671875
16.54608392715454,-659.66796875
16.549970626831055,-304.19921875
16.55385732650757,-20.01953125
16.557944297790527,-145.5078125
16.56183099746704,-531.25
16.565717697143555,-601.07421875
16.569604635238647,-187.01171875
16.57349133491516,145.01953125
16.577378034591675,-142.08984375
16.58126473426819,-748.046875
16.58515167236328,-820.3125
16.589038372039795,-377.44140625
16.59292507171631,-109.375
16.5968120098114,-243.65234375
16.600698709487915,-564.94140625
16.604858875274658,-760.7421875
16.608745574951172,-593.26171875
16.612632513046265,-307.12890625
16.61651921272278,-453.125
16.62040615081787,-831.0546875
16.624292850494385,-1000.0
16.628179788589478,-849.609375
16.63206648826599,-367.1875
16.635953426361084,-244.140625
16.639840126037598,-776.85546875
16.64372706413269,-996.09375
16.647613763809204,-660.64453125
16.65176224708557,-392.578125
16.655649185180664,-476.5625
16.659535884857178,-808.10546875
16.66342282295227,-1000.0
16.667309761047363,-888.671875
16.671196460723877,-591.30859375
16.67508339881897,-446.77734375
16.678970336914062,-619.62890625
16.682857036590576,-926.26953125
16.68674397468567,-925.78125
16.69063091278076,-417.48046875
16.694517612457275,-158.203125
16.698655366897583,-457.51953125
16.702542304992676,-676.26953125
16.70642924308777,-502.9296875
16.71031618118286,-192.87109375
16.714203119277954,7.8125
16.718089818954468,-190.4296875
16.72197675704956,-538.0859375
16.725863695144653,-497.0703125
16.729750633239746,-365.72265625
16.73363757133484,-172.8515625
16.73752450942993,-125.0
16.741411209106445,-438.4765625
16.745537519454956,-548.828125
16.74942445755005,-169.921875
16.75331139564514,128.90625
16.757198333740234,-62.5
16.761085271835327,-406.73828125
16.76497220993042,-518.06640625
16.768859148025513,-242.67578125
16.772746086120605,-18.06640625
16.7766330242157,-234.86328125
16.78051996231079,-435.05859375
16.784406900405884,-494.140625
16.788293838500977,-334.47265625
16.79240918159485,-41.015625
16.79629611968994,37.109375
16.800183057785034,-205.078125
16.804069995880127,-467.28515625
16.80795693397522,-256.34765625
16.81184411048889,45.41015625
16.815731048583984,-22.94921875
16.819617986679077,-513.671875
16.82350492477417,-731.4453125
16.827391862869263,-394.04296875
16.831278800964355,-60.05859375
16.835165977478027,15.13671875
16.839269638061523,-164.0625
16.843156576156616,-347.16796875
16.847043752670288,-260.25390625
16.85093069076538,8.30078125
16.854817628860474,130.37109375
16.858704805374146,-114.74609375
16.86259174346924,-490.72265625
16.86647868156433,-611.81640625
16.870365858078003,-290.0390625
16.874252796173096,-31.25
16.87813973426819,-255.859375
16.88202667236328,-536.62109375
16.88612198829651,-483.88671875
16.89000916481018,-199.21875
16.893896102905273,-135.25390625
16.897783279418945,-357.91015625
16.901670217514038,-542.48046875
16.90555739402771,-573.2421875
16.909444332122803,-501.953125
16.913331508636475,-312.5
16.917218446731567,-289.0625
16.92110538482666,-600.09765625
16.924992561340332,-840.33203125
16.928879499435425,-664.55078125
16.9329617023468,-388.18359375
16.936848878860474,-510.25390625
16.940735816955566,-883.30078125
16.94462299346924,-1000.0
16.94851016998291,-825.68359375
16.952397108078003,-753.41796875
16.956284284591675,-958.984375
16.960171222686768,-1000.0
16.96405839920044,-989.74609375
16.967945337295532,-957.51953125
16.971832513809204,-725.09765625
16.975719690322876,-553.22265625
16.979876041412354,-690.91796875
16.983762979507446,-849.12109375
16.987650156021118,-618.1640625
16.99153733253479,-310.05859375
16.995424509048462,-218.75
16.999311447143555,-492.67578125
17.003198623657227,-683.59375
17.0070858001709,-390.625
17.01097297668457,-44.43359375
17.014859914779663,-63.4765625
17.018747091293335,-199.21875
17.022634267807007,-316.40625
17.02677893638611,-304.6875
17.03066611289978,-81.54296875
17.034553289413452,93.75
17.038440465927124,-45.8984375
17.042327642440796,-325.68359375
17.046214818954468,-338.8671875
17.05010199546814,-24.90234375
17.05398917198181,306.640625
17.057876348495483,191.89453125
17.061763525009155,-135.7421875
17.065650463104248,38.57421875
17.06953763961792,421.38671875
17.073671579360962,566.40625
17.077558755874634,529.78515625
17.081446170806885,396.484375
17.085333347320557,350.09765625
17.08922052383423,645.01953125
17.0931077003479,899.4140625
17.096994876861572,846.19140625
17.100882053375244,636.23046875
17.104769229888916,456.54296875
17.108656406402588,734.375
17.11254358291626,991.2109375
17.11643075942993,957.51953125
17.12055468559265,958.0078125
17.124441862106323,966.30859375
17.128329277038574,970.703125
17.132216453552246,968.26171875
17.136103630065918,969.7265625
17.13999080657959,969.23828125
17.14387822151184,968.75
17.147765398025513,969.23828125
17.151652574539185,969.23828125
17.155539751052856,969.23828125
17.159427165985107,969.23828125
17.16331434249878,969.23828125
17.167425870895386,969.23828125
17.171313047409058,969.23828125
17.17520046234131,969.23828125
17.17908763885498,970.21484375
17.182974815368652,968.75
17.186862230300903,957.03125
17.190749406814575,980.46875
17.194636821746826,773.4375
17.198523998260498,268.5546875
17.20241117477417,-197.265625
17.20629858970642,-506.34765625
17.210185766220093,-625.48828125
17.21428656578064,-688.4765625
17.21817398071289,-917.96875
17.222061157226562,-1000.0
17.225948572158813,-988.76953125
17.229835987091064,-1000.0
17.233723163604736,-1000.0
17.237610578536987,-1000.0
17.24149775505066,-1000.0
17.24538516998291,-1000.0
17.249272346496582,-1000.0
17.253159761428833,-1000.0
17.257046937942505,-1000.0
17.26113748550415,-1000.0
17.2650249004364,-1000.0
17.268912315368652,-1000.0
17.272799491882324,-1000.0
17.276686906814575,-1000.0
17.280574321746826,-1000.0
17.284461498260498,-1000.0
17.28834891319275,-1000.0
17.292236328125,-1000.0
17.296123504638672,-1000.0
17.300010919570923,-998.046875
17.303898334503174,-996.09375
17.30797815322876,-1000.0
17.31186556816101,-869.140625
17.315752744674683,-666.015625
17.319640159606934,-638.18359375
17.323527574539185,-631.34765625
17.327414989471436,-464.84375
17.331302404403687,-170.8984375
17.33518958091736,60.05859375
17.33907699584961,76.171875
17.34296441078186,-54.19921875
17.34685182571411,60.05859375
17.350739240646362,546.875
17.354892015457153,806.15234375
17.358779430389404,662.59765625
17.362666845321655,520.99609375
17.366554021835327,623.046875
17.370441436767578,907.71484375
17.37432885169983,988.28125
17.37821626663208,850.09765625
17.38210368156433,618.65234375
17.385991096496582,582.03125
17.389878511428833,731.93359375
17.393765926361084,929.19921875
17.397653341293335,930.6640625
17.40179467201233,635.25390625
17.40568208694458,591.796875
17.40956950187683,912.109375
17.413456916809082,984.375
17.417344331741333,966.30859375
17.421231985092163,923.33984375
17.425119400024414,854.4921875
17.429006814956665,947.265625
17.432894229888916,981.93359375
17.436781644821167,881.34765625
17.440669059753418,683.10546875
17.44455647468567,642.08984375
17.448687076568604,803.7109375
17.452574729919434,950.68359375
17.456462144851685,977.5390625
17.460349559783936,726.5625
17.464237213134766,485.3515625
17.468124628067017,629.39453125
17.472012042999268,870.60546875
17.475899696350098,965.33203125
17.47978711128235,640.625
17.4836745262146,466.796875
17.48756194114685,754.8828125
17.49144959449768,959.9609375
17.495569229125977,967.28515625
17.499456644058228,814.453125
17.50334405899048,625.0
17.50723171234131,626.953125
17.51111912727356,787.59765625
17.51500678062439,813.96484375
17.51889419555664,553.22265625
17.52278184890747,193.359375
17.52666926383972,37.59765625
17.53055691719055,345.21484375
17.534444332122803,554.6875
17.538331747055054,300.78125
17.542441606521606,67.87109375
17.546329259872437,158.203125
17.550216674804688,379.8828125
17.554104328155518,416.50390625
17.557991981506348,255.859375
17.5618793964386,2.44140625
17.56576704978943,-72.75390625
17.56965446472168,17.08984375
17.57354211807251,174.31640625
17.57742977142334,167.96875
17.58131718635559,-128.41796875
17.58520483970642,-291.015625
17.589303016662598,-73.73046875
17.593190670013428,162.59765625
17.597078323364258,51.26953125
17.600965976715088,-285.64453125
17.60485339164734,-436.03515625
17.60874104499817,-297.36328125
17.612628698349,-203.61328125
17.61651611328125,-396.484375
17.62040376663208,-540.52734375
17.62429141998291,-603.515625
17.62817907333374,-494.62890625
17.63206648826599,-240.234375
17.636154413223267,-173.33984375
17.640042066574097,-427.734375
17.643929719924927,-734.86328125
17.647817373275757,-713.8671875
17.651705026626587,-476.5625
17.655592441558838,-448.2421875
17.659480094909668,-784.1796875
17.663367748260498,-941.40625
17.667255401611328,-726.07421875
17.671143054962158,-470.703125
17.67503070831299,-334.9609375
17.67891836166382,-442.3828125
17.683002471923828,-586.42578125
17.686890125274658,-486.328125
17.69077777862549,-197.265625
17.69466543197632,24.4140625
17.69855308532715,-50.78125
17.70244073867798,-371.09375
17.70632839202881,-439.94140625
17.71021604537964,-87.40234375
17.71410369873047,112.79296875
17.7179913520813,-164.55078125
17.72187900543213,-591.796875
17.72576665878296,-644.04296875
17.729915380477905,-364.2578125
17.733803033828735,-178.7109375
17.737690687179565,-265.13671875
17.741578578948975,-499.0234375
17.745466232299805,-472.16796875
17.749353885650635,-231.4453125
17.753241539001465,-10.25390625
17.757129192352295,41.50390625
17.761016845703125,-183.10546875
17.764904499053955,-444.82421875
17.768792390823364,-183.10546875
17.772680044174194,203.61328125
17.77682328224182,198.73046875
17.78071093559265,-85.9375
17.78459858894348,-177.24609375
17.78848624229431,47.36328125
17.79237413406372,206.0546875
17.79626178741455,56.640625
17.80014944076538,-252.9296875
17.80403733253479,-345.703125
17.80792498588562,-265.13671875
17.81181263923645,-180.17578125
17.81570053100586,-50.78125
17.81958818435669,-231.4453125
17.823715209960938,-543.9453125
17.827602863311768,-441.40625
17.831490755081177,-167.96875
17.835378408432007,-187.98828125
17.839266300201416,-454.1015625
17.843153953552246,-602.5390625
17.847041845321655,-370.1171875
17.850929498672485,50.78125
17.854817390441895,103.02734375
17.858705043792725,-14.16015625
17.862592935562134,-59.08203125
17.866480588912964,7.8125
17.87059712409973,283.69140625
17.87448477745056,515.13671875
17.87837266921997,410.15625
17.88226056098938,72.75390625
17.88614821434021,-58.59375
17.89003610610962,92.28515625
17.89392399787903,220.703125
17.89781165122986,45.41015625
17.901699542999268,-337.40234375
17.905587196350098,-340.33203125
17.909475088119507,-37.109375
17.913362979888916,-11.23046875
17.917469024658203,-323.73046875
17.921356678009033,-613.76953125
17.925244569778442,-698.2421875
17.92913246154785,-548.828125
17.93302035331726,-287.59765625
17.93690800666809,-412.109375
17.9407958984375,-805.6640625
17.94468379020691,-988.28125
17.94857168197632,-856.4453125
17.95245933532715,-618.65234375
17.956347227096558,-650.87890625
17.960235118865967,-931.640625
17.964330434799194,-1000.0
17.968218326568604,-976.07421875
17.972106218338013,-838.8671875
17.975994110107422,-829.1015625
17.97988200187683,-983.3984375
17.98376989364624,-1000.0
17.98765778541565,-999.0234375
17.99154567718506,-993.65234375
17.99543333053589,-946.2890625
17.999321222305298,-985.3515625
18.003209114074707,-1000.0
18.007097005844116,-1000.0
